id,task_id,primitive,pregunta,opciones,texto,label,difficulty,hard_type,length,plan_label,review,label_in_text,n_options,topup
C01_000,C01,choice,Which team should handle this customer support ticket?,account_access | billing | bug_report | feature_request | cancellation,The drag-and-drop section editor on Bramble Sites throws a 'Failed to save layout' error and reverts my changes every time I attempt to publish the homepage.,bug_report,easy,,short,bug_report,,False,5,
C01_001,C01,choice,Which team should handle this customer support ticket?,account_access | billing | bug_report | feature_request | cancellation,"Hi team! Hope you're having a good week over there. I've been using Inkwell for about eight months now to keep track of grad school research, recipe ideas, and honestly my entire brain dump, and it's become the app I open first thing every morning, coffee in hand. I wanted to share something I keep running into. My notes have started to multiply — I think I'm past 600 now — and a lot of them are related to each other in ways that aren't obvious just from folders or tags. Like, my note on 'sourdough starter troubleshooting' actually connects to a note from three months ago about kitchen humidity that I wrote for a totally different reason, and right now the only way I remember that connection exists is because I happen to have a good memory for weird trivia. What I'd love is some way to type something like [[humidity]] inside a note and have it automatically link to any other note with that word or phrase, plus maybe a little map or web view where I could see how everything connects visually. I've seen a few other note apps do something like this and it genuinely changes how you think while you write, because you start noticing patterns you'd have otherwise missed. I know tagging exists already and I do use it, but tags feel more like folders in disguise, whereas what I'm picturing is more organic, more like the notes are talking to each other. Anyway, no rush on this, I just wanted to plant the idea since I think a lot of your long-time users are hitting the same wall I am once their note count gets this high. Thanks for reading this far, and thanks for building something I actually enjoy using every day!",feature_request,medium,,long,feature_request,,False,5,
C01_002,C01,choice,Which team should handle this customer support ticket?,account_access | billing | bug_report | feature_request | cancellation,"- Since this morning I haven't been able to get past the sign-in screen for our Vantage Leads workspace.
- Every time I enter the six-digit code from my authenticator app it says the code is invalid, even seconds after it refreshes.
- I tried on both my phone and laptop with the same result.
- Three of my teammates report the same thing when they try to reach the dashboard.
- We have a client renewal call in two hours and need to pull up their history beforehand.",account_access,medium,,medium,account_access,,False,5,
C01_003,C01,choice,Which team should handle this customer support ticket?,account_access | billing | bug_report | feature_request | cancellation,"Let's just say Huddleview and I have reached the end of our situationship. I want to be fair here: the video quality was fine, the screen share never glitched on me, and whoever designed your virtual backgrounds deserves a raise. But none of that changes where we've landed. Back in March you bumped the Business tier from $34 a month to $49 a month with about a week's notice, buried in an email whose subject line was literally 'Exciting updates!' — which, respectfully, is not the phrase I'd use for a 44% price hike. I grumbled, I complained to my co-founder, I even opened a support ticket that got answered with a canned line about 'added value.' I let it go and kept paying because switching tools mid-quarter is its own special hell. But here we are again, six months later, and I just got notified about another jump, this time to $61. That's the actual last straw, not the first one. I don't need a discount, I don't need a retention specialist to call me and recite a script about how much you value me — I've heard that movie before. What I need is for my workspace, three seats, going by the name Larkspur Consulting, to stop auto-renewing at the end of this billing cycle and for the account to be fully closed out after that, no lingering trial mode, no 'we'll keep your data for 90 days just in case.' If there's a form for this I'll fill it out myself; I just want written confirmation it's actually done and that no further card charges are coming. Thanks in advance for making this the smoothest breakup of the two of us.",cancellation,hard,distractor,long,cancellation,queue,False,5,
C01_004,C01,choice,Which team should handle this customer support ticket?,account_access | billing | bug_report | feature_request | cancellation,"So my daughter's soccer game ran long and I'm typing this one-handed in the car, but I keep wishing our ticket queue in Deskwave could auto-tag messages by urgency the second they land, before any human even reads them.",feature_request,hard,implicit,short,feature_request,,False,5,
C01_005,C01,choice,Which team should handle this customer support ticket?,account_access | billing | bug_report | feature_request | cancellation,"I've been building out segmented campaigns in Cascade Mail for our quarterly newsletter, and after digging through every settings pane I could find, I haven't located any way to preview how a message renders across multiple email clients before sending it live. Right now my only option is to send test emails to five different personal accounts on five different providers, which eats up a good twenty minutes every single time I make even a small copy edit. It would save enormous amounts of back-and-forth if there were a built-in rendering preview panel showing Outlook, Gmail, and Apple Mail side by side inside the composer itself, ideally updating as I type. I'm happy to be a beta tester if something like that is already in the works.",feature_request,medium,,medium,feature_request,,False,5,
C01_006,C01,choice,Which team should handle this customer support ticket?,account_access | billing | bug_report | feature_request | cancellation,"ok this is so annoying, i've tried logging into my Driftbox acct like 6 times today and it keeps saying 'session expired' the SECOND i get to my files. i even reset my wifi lol. tried on chrome AND safari, same deal. i have a group project due tomorrow and all my slides are literally trapped in there rn, someone pls help.",account_access,medium,,medium,account_access,queue,False,5,
C01_007,C01,choice,Which team should handle this customer support ticket?,account_access | billing | bug_report | feature_request | cancellation,"I want to lay out the full timeline here because I think context matters. Three weeks ago, my notes in Marginalia stopped syncing across devices for about thirty-six hours — notes I wrote on my tablet didn't show up on my laptop until the next evening, which was frustrating mid-project, though it did eventually resolve itself after what I assume was a fix on your end, since everything has been syncing perfectly since. That's really just background, though, not the reason I'm writing. The actual issue is my October statement. I'm enrolled in the annual Plus plan, which I upgraded to in July specifically to get the discounted yearly rate of $54, locked in for twelve months per the confirmation email I still have saved. When I pulled up my card statement this week, I found two separate charges from Marginalia: one for $54 on July 14th, exactly as expected, and then a second charge for $89 on October 2nd that I never authorized and that doesn't correspond to any plan change I made. I did not switch tiers, I did not add seats, and I did not purchase any of the optional template packs. I've checked my account settings and it still shows the annual Plus plan with a renewal date of next July, so there's no obvious reason a mid-cycle charge at a different price point should have gone through at all. Could someone look into where that $89 charge originated and reverse it if it was made in error? I'd also appreciate an itemized receipt for both charges so I can reconcile them against my own records, since the one emailed to me after the second charge just says 'Payment received' with no breakdown.",billing,hard,distractor,long,billing,,False,5,
C01_008,C01,choice,Which team should handle this customer support ticket?,account_access | billing | bug_report | feature_request | cancellation,"I have been completely locked out of my Canvasly account since yesterday afternoon, and I wanted to explain the full sequence of events in case it helps you track down the cause. After my laptop restarted for a routine update, I went to log back in and was told my password was incorrect, even though I know for certain I typed it correctly since it's saved in my password manager. I then tried the 'forgot password' link three separate times, but the reset email has never arrived in my inbox, my spam folder, or any other folder I can find. My entire team's active project boards are sitting behind that login, so I would really appreciate help resetting access as soon as possible.",account_access,easy,,medium,account_access,,False,5,
C01_009,C01,choice,Which team should handle this customer support ticket?,account_access | billing | bug_report | feature_request | cancellation,Please make sure our Northstar CRM workspace does not renew next month; three of our five reps left last quarter and we've moved everything to a spreadsheet instead.,cancellation,medium,,short,cancellation,audit,False,5,
C01_010,C01,choice,Which team should handle this customer support ticket?,account_access | billing | bug_report | feature_request | cancellation,"Please add the ability to schedule messages for later delivery in Pigeonhole. Right now if I want a message to go out at 9am for a teammate in a different time zone, I have to set a phone reminder and manually send it myself. A built-in send-later option, similar to what many email clients already offer, would remove that extra step entirely. This would help our whole distributed team, not just me.",feature_request,easy,,medium,feature_request,,False,5,
C01_011,C01,choice,Which team should handle this customer support ticket?,account_access | billing | bug_report | feature_request | cancellation,"can you close out our Haven Cloud family plan after this cycle, we switched to the free storage on our phones months ago and honestly forgot we were still paying for this at all",cancellation,medium,,short,cancellation,,False,5,
C01_012,C01,choice,Which team should handle this customer support ticket?,account_access | billing | bug_report | feature_request | cancellation,"I am writing to bring to your attention a matter I have observed on three separate occasions this week while using Helpline Hub. When I attempt to close a resolved ticket and immediately reopen the queue, the ticket count displayed at the top of the screen does not decrease as one would expect; it remains fixed at the previous number until I refresh the entire page manually. I have tried this on two different computers, a habit I picked up from my years in bookkeeping where verification mattered greatly, and the result has been the same each time. I would be grateful if someone could look into this discrepancy.",bug_report,medium,,medium,bug_report,,False,5,
C01_013,C01,choice,Which team should handle this customer support ticket?,account_access | billing | bug_report | feature_request | cancellation,"Let me set the scene: it's 11pm, I've just watched my third mediocre documentary of the night about competitive cheese rolling (highly recommend, for what it's worth), and I'm only writing to you now because sleep continues to elude me and apparently masochism does not. I want to preface this by saying I've used ConferLoop for about two years across four different jobs, which either means I'm loyal or that I simply lack the energy to switch software, take your pick. The onboarding wizard you added last spring was, in my professional opinion as someone who complains about software for a living, genuinely an improvement — fewer clicks, less nonsense, a rare win. I also want to say your customer support chat widget has, on two separate occasions, correctly diagnosed my problem before a human even responded, which is more than I can say for most tech support in this economy. Anyway. The actual reason I'm typing this at an unreasonable hour: whenever I share my screen during a call longer than about forty minutes, the shared window freezes on everyone else's end while my own view keeps scrolling normally, so I end up narrating slides nobody can actually see moving. It happened in back-to-back client calls this week, which, needless to say, did wonders for my professional credibility. I've restarted the app, restarted the laptop, sacrificed a small offering to the WiFi router — nothing fixed it. If your engineers could take a look at the screen-share freezing issue on longer calls, I would be, dare I say, mildly impressed. Anyway, back to the cheese rolling documentary.",bug_report,hard,long_irrelevant,long,bug_report,,False,5,
C01_014,C01,choice,Which team should handle this customer support ticket?,account_access | billing | bug_report | feature_request | cancellation,Hi there! I'd like to cancel my Meadowlane Sites subscription at the end of this month since I've decided to close my little shop for good — thanks so much for all your help over the years!,cancellation,easy,,short,cancellation,,False,5,
C01_015,C01,choice,Which team should handle this customer support ticket?,account_access | billing | bug_report | feature_request | cancellation,our whole team channel in Chatterbox shows me typing bubbles from people who logged off hours ago and it's been happening nonstop since yesterday between school pickup and dinner I don't even have time to figure out why,bug_report,hard,implicit,short,bug_report,,False,5,
C01_016,C01,choice,Which team should handle this customer support ticket?,account_access | billing | bug_report | feature_request | cancellation,"The weekly active users chart on our Northlight Analytics dashboard has displayed a flat line at zero since Tuesday, despite our underlying event stream continuing to register several thousand sessions per day according to our own raw logs. Toggling the date range or switching between the daily and weekly view does not change the output. I confirmed the API key and data source connection are both still active and unchanged from before Tuesday. This looks like a rendering or aggregation issue on your end rather than anything in our configuration.",bug_report,medium,,medium,bug_report,,False,5,
C01_017,C01,choice,Which team should handle this customer support ticket?,account_access | billing | bug_report | feature_request | cancellation,"For the past two days, I have found myself unable to reach the administrative dashboard of my Fernbrook Sites account, despite entering what I am quite certain is the correct combination of credentials each time. The system informs me, politely but unhelpfully, that my session could not be verified, and returns me promptly to the very same entry screen. I telephoned my grandson, who assures me the trouble does not lie with my home internet, as he was able to confirm my connection is functioning normally. I would be most grateful for your assistance in restoring my access at your earliest convenience.",account_access,medium,,medium,account_access,queue,False,5,
C01_018,C01,choice,Which team should handle this customer support ticket?,account_access | billing | bug_report | feature_request | cancellation,ok why does Layerly keep deleting my comments the SECOND i refresh the page like i'll type out a whole paragraph of feedback and it's just. gone. every time.,bug_report,medium,,short,bug_report,,False,5,
C01_019,C01,choice,Which team should handle this customer support ticket?,account_access | billing | bug_report | feature_request | cancellation,"I am writing to formally request the cancellation of our organization's subscription to Ticketry, effective at the close of the current billing period. We have migrated our support ticketing workflow to an internally built system as of this month, so the platform is no longer required. Please confirm cancellation in writing and ensure that auto-renewal is disabled on our account, workspace ID TK-4471, before the next invoice date. Let me know if any additional steps are needed on our end to complete this process.",cancellation,easy,,medium,cancellation,,True,5,
C01_020,C01,choice,Which team should handle this customer support ticket?,account_access | billing | bug_report | feature_request | cancellation,"CloudNook currently has no way to restrict a shared folder link to specific email domains. Anyone with the link can view the contents regardless of where they work, which means we have to vet every recipient manually before sharing anything externally. A domain-restriction option on share links would let us hand off folders to clients without that extra step. This would matter most for teams handling sensitive client files, which is most of our business.",feature_request,medium,,medium,feature_request,,False,5,
C01_022,C01,choice,Which team should handle this customer support ticket?,account_access | billing | bug_report | feature_request | cancellation,"I want to start by saying that I've genuinely enjoyed my three years with Fernwood, and I mean that sincerely, not as a preamble to a complaint, because there isn't one. When I first signed up back in 2023, I was mostly using it for grocery lists and half-formed blog post ideas, nothing serious. Over time it grew into something closer to a personal archive: journal entries, book notes organized by author, a folder of recipes converted from my grandmother's handwritten cards, and an embarrassingly detailed log of every plant I've managed to keep alive or, more often, kill. I particularly liked the daily note template you rolled out two summers ago, and the tagging system has held up well even as my note count crept past two thousand. I also want to mention, because I think feedback in both directions matters, that your support team helped me recover a folder I'd accidentally deleted back in April, and that alone earned a lot of goodwill from me. All of that said, I started a new position in November that comes with a strict policy against storing any work-adjacent notes in personal, non-approved software, and while most of what's in my account is personal rather than professional, enough of it blurs the line that I'd rather not risk it. So, with genuine reluctance, I'd like to close my account and stop the subscription from renewing next month, once I've finished exporting everything to a local backup, which I understand takes a few days to process on your end. I'll reach out again once the export is confirmed complete so we can finalize the account closure from there.",cancellation,hard,long_irrelevant,long,cancellation,,False,5,
C01_024,C01,choice,Which team should handle this customer support ticket?,account_access | billing | bug_report | feature_request | cancellation,"can someone please cancel our whole family plan for Keyhaven because the kids are off at college managing their own passwords now and it's just my husband and me left, we're going back to writing things down like our parents did, so just stop the renewal before it hits my card again next month",cancellation,easy,,medium,cancellation,audit,False,5,
C01_025,C01,choice,Which team should handle this customer support ticket?,account_access | billing | bug_report | feature_request | cancellation,"I'm writing to flag a discrepancy on our latest invoice from Vantage Metrics, dated October 3rd. Our organization is enrolled in the Team plan at a contracted rate of $199/month for up to 15 seats, per the order form signed on May 12th (reference OF-3391). The invoice we received this cycle lists a charge of $312, which does not match that contracted rate, and I don't see any seat additions on our end that would account for the difference — our seat count has held steady at 12 for the past four months. I pulled our billing history and can confirm the prior five invoices were each correctly billed at $199, so this appears to be an isolated error introduced sometime after our September renewal rather than a change on our side. I've attached both the original order form and the disputed invoice for reference. Could someone on your billing team review this and issue a corrected invoice, along with a refund or credit for the $113 overcharge? I'd also like to understand what caused the discrepancy so we can flag it if it recurs, since we reconcile these charges against our own budget reports every quarter and a mismatch like this complicates that process. If it would help, I'm happy to hop on a short call with whoever handles enterprise billing on your side to walk through the account history together. Please let me know the expected turnaround time for a correction like this, since we'll need to update our internal accounting records once it's resolved. Thank you for looking into this promptly.",billing,easy,,long,billing,,True,5,
C01_026,C01,choice,Which team should handle this customer support ticket?,account_access | billing | bug_report | feature_request | cancellation,"So this is a bit of a funny story — I was setting up Relaywire for my nephew's nonprofit board (long story, he roped me into being 'the tech person' at Thanksgiving) and while I was poking around the account to add channels, I noticed the receipt from last month lists us as being on the 25-seat tier, but we've only ever had nine people in this workspace since we started. Nobody remembers upgrading anything, and my nephew swears he didn't touch the plan settings either. Could someone check whether we're being charged for seats we're not using and adjust it down to match what we actually need?",billing,medium,,medium,billing,,False,5,
C01_027,C01,choice,Which team should handle this customer support ticket?,account_access | billing | bug_report | feature_request | cancellation,"not to be dramatic but Quillhive just ate an entire note I spent an hour writing, it froze mid-typing and when i reopened the app the note was just blank???",bug_report,easy,,short,bug_report,,False,5,
C01_028,C01,choice,Which team should handle this customer support ticket?,account_access | billing | bug_report | feature_request | cancellation,"Please add a way to blur or replace my background during calls on Parlance Meet. Several other video tools already offer this, and my home office window is a constant distraction on client calls.",feature_request,easy,,short,feature_request,,False,5,
C01_029,C01,choice,Which team should handle this customer support ticket?,account_access | billing | bug_report | feature_request | cancellation,quick question my Trellisor card on file got charged twice this month for the same $28 plan can someone refund one of those charges I don't have time to deal with this between drop off and work today,billing,easy,,short,billing,,False,5,
C01_030,C01,choice,Which team should handle this customer support ticket?,account_access | billing | bug_report | feature_request | cancellation,"I am unable to authenticate into our Wavelength Chat workspace; the login page returns 'invalid credentials' despite using the correct SSO provider selection, and this has persisted across three browsers.",account_access,easy,,short,account_access,,False,5,
C01_031,C01,choice,Which team should handle this customer support ticket?,account_access | billing | bug_report | feature_request | cancellation,"Funny enough I only noticed this because I was showing my new intern around Taskloom on her first day, trying to look competent, when I dragged a card from 'In Progress' to 'Done' and the whole board just silently reverted it back a few seconds later, right in front of her. Tried it again after she left for lunch, same thing happened three more times, only ever with cards that have more than one assignee attached. Cards with a single assignee move and stay put just fine. It's been happening since sometime yesterday afternoon as far as I can tell.",bug_report,medium,,medium,bug_report,,False,5,
C01_032,C01,choice,Which team should handle this customer support ticket?,account_access | billing | bug_report | feature_request | cancellation,The total I was asked to pay this month for Claritude CRM comes out $340 higher than eighteen users at our usual per-seat rate should add up to.,billing,hard,implicit,short,billing,,False,5,
C01_033,C01,choice,Which team should handle this customer support ticket?,account_access | billing | bug_report | feature_request | cancellation,"ok so where do i even start, this week has been absolute chaos between the twins having a stomach bug that of course they passed to each other back and forth for four straight days and then the dog needing an emergency vet visit because he ate part of a sock don't even ask, and somewhere in between all that i was supposed to finish setting up our new hire in Answerly which is its own adventure because the interface changed since the last time i touched the admin settings and now i can't find half of what used to be under the gear icon in the corner, anyway i finally sat down last night after everyone was asleep to actually get some work done and the second real problem hit which is that i cannot get into my own manager account no matter what i do, it keeps sending the login link to an old work email that got deactivated back when we switched providers two years ago and i have no way to update which inbox that link goes to because updating it requires being logged in in the first place which is exactly the thing i can't do, so it's this annoying loop where i need access to fix the thing that's blocking my access, and meanwhile the new hire still isn't set up and starts monday and i really don't have bandwidth this week to also be troubleshooting my own account on top of everything else so if someone could just manually point that recovery link at my current email that would save my entire week honestly.",account_access,hard,long_irrelevant,long,account_access,,False,5,
C01_034,C01,choice,Which team should handle this customer support ticket?,account_access | billing | bug_report | feature_request | cancellation,"Can we get version history for individual layers in Palette Board, not just the whole board? Right now if I want to undo one bad decision from an hour ago, I have to time-travel the entire canvas back with it, undoing three other people's good decisions in the process. A per-layer history would save everyone some grief.",feature_request,easy,,medium,feature_request,,False,5,
C01_035,C01,choice,Which team should handle this customer support ticket?,account_access | billing | bug_report | feature_request | cancellation,"I must confess my first thought, upon encountering this difficulty with Parcel Cloud, was that I had somehow been locked out of my own account, given how alarming the message appeared. Upon closer inspection, however, that is not the trouble at all; I remain logged in without issue. The actual matter is that several photographs I uploaded last week now display as solid grey squares when I open them, though the file names and sizes appear entirely intact in the folder listing. This has occurred with four separate images taken during my granddaughter's birthday celebration. I would be grateful if you could advise on how these might be restored.",bug_report,hard,distractor,medium,bug_report,,False,5,
C01_036,C01,choice,Which team should handle this customer support ticket?,account_access | billing | bug_report | feature_request | cancellation,"okay so I've been putting off writing this for like a week because between soccer practice and the never ending school pickup line I genuinely have not had ten free minutes but I need to say something about Latchkey because it's starting to actually worry me, basically every time I try to save a new password for one of my accounts, so far it's happened with my electric company login and also my kid's school portal, the little popup that's supposed to ask if I want to save it just doesn't show up at all anymore, it used to appear automatically right after I typed in new credentials somewhere and now there's nothing, so I have to remember to go add it manually inside the app itself which honestly defeats half the point of using a password manager in the first place because the whole reason I got this was so I wouldn't have to remember to do extra steps, and it's not like my browser extension got disabled either because I checked that first thing, it's still turned on and showing as active in the little extensions menu, I even reinstalled it once already just in case and restarted my laptop like every tech person always tells you to do first, but the popup situation hasn't changed at all after any of that, it's been like this for about ten days now as far as I can tell looking back at what I've saved recently, and I've got probably a dozen new logins from various kid activity signups sitting in a sticky note on my desk right now waiting to be added the old fashioned way which is exactly the mess this app was supposed to prevent.",bug_report,medium,,long,bug_report,,False,5,
C01_037,C01,choice,Which team should handle this customer support ticket?,account_access | billing | bug_report | feature_request | cancellation,"Our contact list on Mailtide grew past 10,000 subscribers this month, and the amount withdrawn from our account afterward was noticeably higher than every prior month at the same list size.",billing,hard,implicit,short,billing,,False,5,
C01_038,C01,choice,Which team should handle this customer support ticket?,account_access | billing | bug_report | feature_request | cancellation,"Below is a summary of account activity for reference. Domain: havencraftworks.co, registered through Havencraft Sites in 2021. Site pages: 14, last full redesign completed in March. Plugins currently active: booking calendar, image gallery, contact form, cookie banner. Uptime over the past quarter, based on our own monitoring, appears consistent with no major outages noticed on our end. Traffic averages approximately 1,200 visits per week according to the built-in analytics panel, mostly from search and a small amount from social referrals. Support ticket history: one prior ticket in June regarding a broken contact form field, resolved same day. Team members with access: three, all current employees. Backup frequency: weekly, per the settings page. Custom code snippets: one, a font-loading script added by a previous contractor. SSL certificate: valid, auto-renewing. The reason for this ticket is that this month's charge posted at $79 instead of the $45 rate we've been on since signing up, and nothing in our plan or add-ons has changed recently to explain the increase. Storage usage remains under our plan's limit. Email forwarding: two addresses configured, both functioning normally. Site backup was last restored successfully in a test run in August. Please correct the charge back to $45 and let us know if this was a pricing update we should have been notified about in advance, since we didn't receive any such notice. All other aspects of the account, listed above, are functioning as expected and require no action.",billing,hard,long_irrelevant,long,billing,,False,5,
C01_039,C01,choice,Which team should handle this customer support ticket?,account_access | billing | bug_report | feature_request | cancellation,"- Locked out of our Meetstream admin account since this morning.
- Password reset emails are not arriving, checked spam and other folders.
- Tried from two different devices and networks, same result both times.
- We have a company all-hands scheduled in three hours that requires admin access to start.
- Please advise on an alternate way to verify identity and regain access quickly.",account_access,easy,,medium,account_access,,False,5,
C01_041,C01,choice,Which team should handle this customer support ticket?,account_access | billing | bug_report | feature_request | cancellation,"Weird one — ever since my company switched us to a new identity provider last week (long overdue, don't ask), Projex just spins forever on a blank screen the moment I try to open my workspace.",account_access,hard,implicit,short,account_access,queue,False,5,
C01_042,C01,choice,Which team should handle this customer support ticket?,account_access | billing | bug_report | feature_request | cancellation,I am charged two time this month for Stashline but I have only one plan. Please to check and give back my money for the extra charge.,billing,easy,,short,billing,,False,5,
C01_043,C01,choice,Which team should handle this customer support ticket?,account_access | billing | bug_report | feature_request | cancellation,"My company plan for Sketchwell, the price go up this month without any message before to us. We did not choose new plan or add people. Please explain why the number is different than before.",billing,medium,,short,billing,,False,5,
C01_044,C01,choice,Which team should handle this customer support ticket?,account_access | billing | bug_report | feature_request | cancellation,"real talk the mobile app for Workboard Flow logged me out randomly twice this week while I was at my kid's practice trying to update a task in the parking lot which was annoying but whatever I dealt with it by just logging back in, what I actually wanted to ask about though is whether you all could add recurring tasks that repeat automatically every week because right now I'm manually recreating the same trash-day and grocery-run reminders every single Sunday night and it's exactly the kind of tedious busywork this app is supposed to save me from.",feature_request,hard,distractor,medium,feature_request,,False,5,
C01_046,C01,choice,Which team should handle this customer support ticket?,account_access | billing | bug_report | feature_request | cancellation,"Okay where do I even begin, it has been the kind of week where I've had approximately four consecutive nights of broken sleep because the baby has decided two a.m. is prime socializing hour, and on top of that my in-laws are visiting starting Friday which means I've spent every spare minute this week deep cleaning a house that was already reasonably clean, and then yesterday the car wouldn't start in the school pickup line of all places which is its own humiliating story involving three other parents pushing my minivan out of the drop off lane while I steered, so genuinely, Cipherbox has been the last thing on my mind, except that this morning while I was quickly grabbing something from the account to log into the pediatrician's portal before an appointment, I noticed there's still no way to share just one single password with my husband without giving him access to my entire vault, which matters because he needs the pediatrician login for this afternoon's appointment since I can't get there myself with everything else going on today, and right now my only option is to literally read him the password out loud over the phone from the school parking lot, which feels like exactly the kind of insecure workaround a password manager is supposed to make unnecessary, so if there's any chance you all could build in a way to share individual entries securely with another person without exposing everything else in the vault, that would genuinely change how our whole household handles this stuff, thanks for reading this whole rambling mess of a message.",feature_request,hard,long_irrelevant,long,feature_request,,False,5,
C01_047,C01,choice,Which team should handle this customer support ticket?,account_access | billing | bug_report | feature_request | cancellation,"This month Confabl take money two times from my card, one on the 3rd and one on the 15th, but I pay only one time before, every month on the 3rd. I do not add extra user or change my plan. Please can you look and return the second one if it is mistake.",billing,medium,,medium,billing,,False,5,
C01_048,C01,choice,Which team should handle this customer support ticket?,account_access | billing | bug_report | feature_request | cancellation,"Kindly discontinue our subscription to Fernway Mail at the conclusion of the present term, as our small parish newsletter has now moved to a volunteer-run mailing list instead.",cancellation,medium,,short,cancellation,,False,5,
C01_049,C01,choice,Which team should handle this customer support ticket?,account_access | billing | bug_report | feature_request | cancellation,"Funny story, my phone died right before a work trip and now Vaultwise won't let me back into my vault because it wants a code sent to that same dead phone for verification.",account_access,easy,,short,account_access,,False,5,
C01_050,C01,choice,Which team should handle this customer support ticket?,account_access | billing | bug_report | feature_request | cancellation,can Pipeline Pilot please add a mobile notification for when a hot lead replies bc I keep missing them while I'm at pickup and by the time I check my laptop hours later they've already gone with a competitor.,feature_request,easy,,short,feature_request,,False,5,
C01_051,C01,choice,Which team should handle this customer support ticket?,account_access | billing | bug_report | feature_request | cancellation,"been meaning to write this for a while. boardhive just isnt part of the workflow anymore since we moved the whole team over to a diff tool back in july. seat count on our side is at zero basically, nobody's opened it in like 2 months. dont need this comin out of the account every month goin forward, so figure out whatever needs to happen on your end to make that stop.",cancellation,hard,implicit,medium,cancellation,queue,False,5,
C01_052,C01,choice,Which team should handle this customer support ticket?,account_access | billing | bug_report | feature_request | cancellation,"Our invoice history shows we're current on payment through next March. The problem: three of our five analysts can no longer reach the Datastage workspace as of Monday morning. Each of them sees a message stating their account role could not be verified, then gets returned to the sign-in page. The two of us who can still get in have checked the admin panel and all three affected users still show as active members with the correct role assigned, no suspensions, no removed permissions. We tried removing and re-adding one of the affected users to see if that would reset whatever is broken, but the same verification failure appeared again within minutes of the new invite being accepted. All three affected analysts use the same corporate email domain, while the two of us who can log in normally use a different, older email domain that predates the switch to that domain last year. That detail might be relevant, since the timing lines up roughly with when IT finished migrating everyone's email over. Whatever the underlying cause, we need these three analysts back into their dashboards today, since our Monday reporting cycle depends on all five of us pulling numbers in parallel and we're already behind. Let us know what additional information would help you track down why verification is failing specifically for the newer email domain.",account_access,hard,distractor,long,account_access,queue,False,5,
C01_054,C01,choice,Which team should handle this customer support ticket?,account_access | billing | bug_report | feature_request | cancellation,"Funny enough it was my business partner's idea to get Milestone Hub, and now that she's retired and it's just me running the show, a board built for twelve people doesn't make sense — let's wind it down before the next renewal.",cancellation,medium,,short,cancellation,,False,5,
C02_001,C02,choice,Which emotion does the writer primarily express?,joy | sadness | anger | fear | surprise | disgust,"Upon returning from my morning walk, I was met at the garden gate by a face I had not glimpsed in twenty years: my nephew Edmund, apparently now residing at number fourteen. I confess I stood rooted to the pavement, quite unable to form a sentence for a full minute. The Hendersons, it transpires, sold the house without a word to any of us along the lane. One does not expect such a turn after two decades of familiar faces next door.",surprise,medium,,medium,surprise,,False,6,
C02_002,C02,choice,Which emotion does the writer primarily express?,joy | sadness | anger | fear | surprise | disgust,"- Front row, close enough to feel the bass in my ribs
- Sang until my voice cracked, worth every second",joy,medium,,short,joy,,False,6,
C02_003,C02,choice,Which emotion does the writer primarily express?,joy | sadness | anger | fear | surprise | disgust,"The power went out around seven, right as the wind started doing that thing where it makes the whole house sound like it's clearing its throat. My first thought, obviously, was to complain about it to nobody in particular, because that's the job of a homeowner during a storm. Candles came out. Then the good flashlight, then the bad flashlight that only works if you hold it at a very specific angle like you're divining for water. My sister-in-law, who I usually only see at forced holiday gatherings, was stuck here for the night because the bridge road floods, and within twenty minutes we had dug out a deck of cards missing the seven of clubs and were three rounds into a game we kept making up rules for as we went. The dog thought the thunder was a personal insult and wedged himself between us on the couch, which nobody complained about. We ended up staying up until past one, telling the kind of stories you only tell when there's nothing else to do and no phone to check, and at some point I caught myself laughing hard enough that my ribs hurt over a joke that, retold in daylight, will almost certainly not be funny. By the time the lights flickered back on, somebody groaned. I did not say what I was thinking, which was that I wouldn't have minded if they'd stayed off a while longer.",joy,hard,implicit,long,joy,,False,6,
C02_004,C02,choice,Which emotion does the writer primarily express?,joy | sadness | anger | fear | surprise | disgust,"ok so remember how i said the layover in Millbridge was gonna be fine bc it was 3 hours. cool. cool cool cool. bc apparently 3 hours is not enough time when your first flight sits on the tarmac for 40 min for 'de-icing' and then the gate for the SECOND flight changes THREE times and each time it's like a 15 min walk to the new one. i sprinted through B concourse with my backpack bouncing off my spine like a maraca, got to the new gate with 4 min to spare, and the guy just. closes the door. in my face. while i am standing RIGHT THERE. he looks at me, looks at the screen, and says 'doors close at departure time' like that's a normal thing to say to a person who is visibly still moving. so now i get to spend 6 hours in this airport eating a $14 pretzel out of spite, and when i called the airline the hold music looped through the same 30 seconds of smooth jazz for 45 minutes before a bot told me to 'try the app.' the app that has been stuck on 'loading your trip' since Tuesday. i'm not even asking for a refund at this point i just want someone at that company to say the words 'that was our fault' one single time. lower your expectations they said. travel builds character they said.",anger,medium,,long,anger,,False,6,
C02_005,C02,choice,Which emotion does the writer primarily express?,joy | sadness | anger | fear | surprise | disgust,"Credit where due: it was one of the best matches I've sat through in years. Down two goals at half, some kind of tactical miracle in the second half, then an equalizer in second-half stoppage time that had the entire section on its feet screaming like we'd personally scored it. I will remember the noise in that stadium for a long time. What I will also remember, unfortunately, is the man three seats down who spent the entire second half working through a family-sized bag of nacho fries and using the empty seat between us as, near as I could tell, a napkin, a bin, and at one point a foot rest, cheese sauce and all. Somewhere around the eightieth minute he leaned over, genuinely, mid-celebration, arms still in the air, to ask if I was 'gonna finish that,' meaning my drink, which he then picked up without waiting for an answer and drank from directly. I watched him do it. I said nothing, because what is there to say, but I have not been able to think about that cup since, and I definitely didn't finish it after. The goal was incredible. The comeback was the stuff of local legend, the kind of thing people will bring up unprompted for the rest of the season. I just need everyone to also know there was a man there treating a stranger's game-day snacks like community property, cheese sauce and all, and I have not recovered.",disgust,hard,distractor,long,disgust,queue,False,6,
C02_006,C02,choice,Which emotion does the writer primarily express?,joy | sadness | anger | fear | surprise | disgust,"packed up the last box today. stood in the empty living room for a minute bc it doesnt even echo the same without the furniture. 12 years in this house and it just looks like any other empty room now. gonna miss the mark on the doorframe where we measured the kids every birthday, new place doesnt have that. hard not to cry loading the truck tbh",sadness,easy,,medium,sadness,,False,6,
C02_007,C02,choice,Which emotion does the writer primarily express?,joy | sadness | anger | fear | surprise | disgust,"After reading the screenshots of what she'd actually written about me to the group, forwarded by someone who thought I needed to see it, I scrubbed my phone screen like it had touched something rotten.",disgust,medium,,short,disgust,queue,False,6,
C02_008,C02,choice,Which emotion does the writer primarily express?,joy | sadness | anger | fear | surprise | disgust,"Oh totally, I'm not lying awake running through every single way tomorrow's presentation could go wrong, definitely not doing that! Who even needs sleep when you've got three hours of catastrophic what-if scenarios queued up and ready to play on a loop? Super chill over here, honestly, zero notes, everything's fine, my hands are just cold for no reason at all!",fear,hard,sarcasm,medium,fear,,False,6,
C02_009,C02,choice,Which emotion does the writer primarily express?,joy | sadness | anger | fear | surprise | disgust,"Filing this here mostly so I remember never to use the shared break room fridge again:
- Opened it to grab my lunch and found a container in the back that has clearly not been touched since before the holidays, the lid bulging upward like it's trying to escape.
- Someone left a half-eaten yogurt directly on the shelf, no lid, just sitting open next to everyone else's food, growing something with visible texture.
- The 'FREE FOOD' box by the microwave had a plate of unidentifiable meat sitting out at room temperature since at least Tuesday, based on the sticky note underneath it.
- Microwave interior has a permanent orange splatter ring baked onto the ceiling of it that nobody, in the four years I've worked here, has ever wiped off.
- Sink drain was fully clogged with what I am choosing to describe only as 'organic matter,' and someone had just kept running water into it anyway, so now there's standing grey water pooling around three unwashed mugs.
- I opened the trash can lid to throw away a napkin and audibly gagged, closed it, and left the napkin on the counter instead.
Sent an email to facilities with photos attached. I do not know how to caption a photo of a bulging Tupperware in a way that conveys the appropriate level of urgency, but I tried. Bringing my lunch in a cooler bag from now on and eating at my desk like a normal, sanitary person.",disgust,easy,,long,disgust,,False,6,
C02_010,C02,choice,Which emotion does the writer primarily express?,joy | sadness | anger | fear | surprise | disgust,"Took one bite of the soup, chewed exactly once, and set my spoon down very deliberately next to the bowl like it had personally wronged me. Pushed the bowl about six inches to the left, which is apparently as far as my arm was willing to commit to the problem. Ordered plain toast instead and didn't look at the soup again for the rest of the meal. The waiter asked if everything was okay and I just gestured at the bowl the way you'd point out a small fire.",disgust,hard,implicit,medium,disgust,,False,6,
C02_011,C02,choice,Which emotion does the writer primarily express?,joy | sadness | anger | fear | surprise | disgust,"Our old spaniel, Barnaby, did not touch his supper again this evening, the third night running, and has taken to trembling under the hall table whenever I so much as reach for his lead. I lay awake a good while last night dreading what the vet might tell us come Monday morning. He is fourteen years old, and I am not sure my nerves can bear much more of this waiting.",fear,easy,,medium,fear,,False,6,
C02_013,C02,choice,Which emotion does the writer primarily express?,joy | sadness | anger | fear | surprise | disgust,"Preparations were, admittedly, meticulous: two tickets secured in the presale window, parking pre-booked, the setlist from the last tour cross-referenced against likely encore choices. All of that planning was for a trip Marlene and I had scheduled fourteen months ago, before her diagnosis changed the timeline for everything. I used the second ticket tonight, seat B14, empty beside me for the full two hours. The band played the song we'd argued over which of us loved more. I still don't have an answer for that argument, and now I never will.",sadness,hard,distractor,medium,sadness,,False,6,
C02_014,C02,choice,Which emotion does the writer primarily express?,joy | sadness | anger | fear | surprise | disgust,"Opened up the old laptop to clean the fans and found the keyboard tray coated in a layer of crumbs fused together with something sticky I can't identify. Three dead gnats under the trackpad. A single hair, not mine, wedged into the space bar mechanism. Wiped it all down twice and still don't want to touch the thing barehanded.",disgust,medium,,medium,disgust,,False,6,
C02_015,C02,choice,Which emotion does the writer primarily express?,joy | sadness | anger | fear | surprise | disgust,"There's a meeting on the calendar for Thursday at 2pm titled simply 'Team Update,' no agenda attached, organized directly by the VP rather than our usual manager, which is already unusual enough to have noticed, and I have now noticed it roughly forty times since Monday morning. I've been trying to build a case in my head for why this is nothing: maybe it's about the new expense software, maybe it's a routine reorg announcement that has nothing to do with headcount, maybe I'm reading tea leaves in an empty cup. But then I remember that Priya's badge stopped working on Tuesday and nobody has mentioned why, and that the shared drive got a new folder called 'Q3 Transition Docs' that none of us have access to, and that my manager has rescheduled our one-on-one twice this week with no real explanation either time. I keep rehearsing, uselessly, what I would say if it comes to that: about the mortgage renewal in October, about whether my health coverage would run out mid-month or end-of-month, about how long severance conversations even take before you know numbers. I looked up our state's unemployment filing process last night at eleven, which is not a normal thing to do on a Tuesday, and then closed the tab and told myself I was being dramatic. I haven't said any of this to my partner yet because saying it out loud makes the Thursday meeting feel like a fact instead of a guess, and right now it is still, technically, just a meeting with a vague title on a calendar I keep refreshing like it might tell me something new.",fear,medium,,long,fear,,False,6,
C02_016,C02,choice,Which emotion does the writer primarily express?,joy | sadness | anger | fear | surprise | disgust,"Doctor looked at the scan, looked at me, and said 'well, I've got nothing to fix,' which is the first time in three years a specialist has sent me home with literally no follow-up appointment.",joy,medium,,short,joy,,False,6,
C02_018,C02,choice,Which emotion does the writer primarily express?,joy | sadness | anger | fear | surprise | disgust,Third time this month he's brought up the two hundred dollars I lent him only to change the subject the second I ask when he can pay it back.,anger,medium,,short,anger,,False,6,
C02_019,C02,choice,Which emotion does the writer primarily express?,joy | sadness | anger | fear | surprise | disgust,Insurance denied Mason's inhaler refill for the second time this year calling it 'not medically necessary' and I have now spent three lunch breaks on hold with a company that has never once met my asthmatic six year old.,anger,medium,,short,anger,,False,6,
C02_020,C02,choice,Which emotion does the writer primarily express?,joy | sadness | anger | fear | surprise | disgust,"so the 'boutique hostel' photos were... doing a lot of heavy lifting. got there and the sheets had a stain that was definitely not part of the pattern, there was a full on trail of ants going into the minifridge, and the bathroom drain smelled like it had personally given up on life. asked for new sheets and the guy just flipped them over and handed them back like that solved anything. slept in my hoodie on top of my own towel, did not touch a single surface barefoot the whole time.",disgust,medium,,medium,disgust,,False,6,
C02_021,C02,choice,Which emotion does the writer primarily express?,joy | sadness | anger | fear | surprise | disgust,"Final headcount approval came through this morning: I start as team lead on the fourteenth, with budget sign-off for the two hires I'd been requesting since January.",joy,medium,,short,joy,,False,6,
C02_022,C02,choice,Which emotion does the writer primarily express?,joy | sadness | anger | fear | surprise | disgust,"Spent most of last night convinced I'd somehow failed statistics badly enough to need a whole extra semester, the kind of spiral where you start mentally rearranging your entire five-year plan around one exam. Portal opened at 8am. Refreshed it maybe six times before it actually loaded. Turns out I didn't just pass, I pulled the second-highest grade in a class of ninety, which is a sentence I have now read back to myself an embarrassing number of times just to make sure it's real. Already told my mother twice. Might tell the mailman next.",joy,hard,distractor,medium,joy,queue,False,6,
C02_023,C02,choice,Which emotion does the writer primarily express?,joy | sadness | anger | fear | surprise | disgust,"I shall confess at the outset that I hold very little patience for these modern telephone contraptions, and my exchange with the young man at the broadband company's helpline did nothing to improve my opinion of the matter; I was transferred four times, made to repeat my account number on each occasion, and left on hold to a recording of what I can only describe as saxophone music for the better part of forty minutes. I mention this only so that what follows may be properly appreciated. Having given up entirely on the telephone, I asked my grandson, Oliver, to simply 'have a look' at the router himself when he called round on Sunday. He was finished, by the clock on my mantel, in under four minutes, without once dialling a single number or raising his voice to anyone. When I asked how on earth he had managed what an entire call centre could not, he showed me a small screen on his own telephone displaying what he called a 'diagnostic,' as though the router itself had simply told him, in its own language, precisely what was the matter with it. I sat down rather heavily in my armchair afterward. Sixty years I have lived alongside telephones, wirelesses, and now these little glowing boxes in every room, and I confess I had never once considered that a machine might report its own ailments the way a patient describes symptoms to a doctor. Oliver seemed to find my astonishment rather funny. I have been turning the whole business over in my mind ever since, and I still cannot quite settle on what to make of it.",surprise,hard,distractor,long,surprise,audit,False,6,
C02_024,C02,choice,Which emotion does the writer primarily express?,joy | sadness | anger | fear | surprise | disgust,"opened the mail today and there was a letter from a great aunt i didnt even know existed, turns out my grandad had a whole other sister nobody in the family ever mentioned. called my mom and she didnt know either. still dont really know what to do with that info tbh, just sitting here staring at this letter.",surprise,medium,,medium,surprise,,False,6,
C02_025,C02,choice,Which emotion does the writer primarily express?,joy | sadness | anger | fear | surprise | disgust,"Found a taped-up envelope inside the wall when we pulled out the old radiator, addressed to whoever renovates next, from someone who apparently lived here in 1987.",surprise,medium,,short,surprise,,False,6,
C02_026,C02,choice,Which emotion does the writer primarily express?,joy | sadness | anger | fear | surprise | disgust,kids ran straight into the new backyard the second we opened the door and started shrieking about the tree being perfect for a treehouse before a single box was off the truck.,joy,medium,,short,joy,,False,6,
C02_027,C02,choice,Which emotion does the writer primarily express?,joy | sadness | anger | fear | surprise | disgust,"We boarded the train home from Alderbury this morning, and I confess I wept rather more than I expected to, knowing it was very likely the last such journey my late husband and I ever planned together.",sadness,easy,,short,sadness,,False,6,
C02_028,C02,choice,Which emotion does the writer primarily express?,joy | sadness | anger | fear | surprise | disgust,"Forty-one years I've supported this club through relegations and worse, and when that header went in at the ninety-third minute I was on my feet screaming next to strangers, hugging every one of them.",joy,easy,,short,joy,,False,6,
C02_029,C02,choice,Which emotion does the writer primarily express?,joy | sadness | anger | fear | surprise | disgust,"The Farrells have been 'composting' directly against our shared fence for weeks now, and the stench that rolls over every time it rains is genuinely the foulest thing I've smelled come off a neighbour's yard.",disgust,easy,,short,disgust,,False,6,
C02_030,C02,choice,Which emotion does the writer primarily express?,joy | sadness | anger | fear | surprise | disgust,"Called the front office four times this week about the field trip permission slip mess, typed the same complaint email so many times I wore out the backspace key, and each time got a different person telling me a different rule that apparently only applies to my kid's class and nobody else's. Finally got the assistant principal on the phone and she put me on hold for eleven minutes before the call just dropped, so I called back and started the whole thing over from the beginning. Still no callback since.",anger,hard,implicit,medium,anger,,False,6,
C02_031,C02,choice,Which emotion does the writer primarily express?,joy | sadness | anger | fear | surprise | disgust,"Great news, everybody: the house next door is finally quiet. No more Frank out there at six a.m. every single Saturday running that ancient leaf blower like it owed him money, no more him leaning over the fence uninvited to tell me, in exhaustive detail, about some ballgame from 1987, no more finding a bag of tomatoes on my porch every August whether I wanted them or not because his garden 'got away from him again.' Really, a blessing. I get to keep my mornings to myself now. The funeral was Tuesday. His daughter asked if I wanted any of the garden tools since apparently he'd mentioned me by name in some list he kept of who should get what, which is a strange thing to learn about a man you only ever talked to across a chain-link fence for two decades. I said yes to the tomato cages, mostly because I didn't know how to say no standing in his driveway with his daughter, who looks exactly like him around the eyes, in a way I did not expect and have not stopped thinking about since. It's very restful over there now. Nobody's blower going off before I've had coffee. Nobody appearing at the fence uninvited with garden produce I never asked for and always somehow ended up eating all of anyway. I keep catching myself listening for it on Saturday mornings regardless, out of habit I suppose, and then remembering, and then just standing there in the kitchen a while longer than I mean to before I get on with the day.",sadness,hard,sarcasm,long,sadness,queue,False,6,
C02_032,C02,choice,Which emotion does the writer primarily express?,joy | sadness | anger | fear | surprise | disgust,"Ran the same soup recipe twice this week, once with the fresh stock and once, out of laziness, with a bouillon cube substitution I fully expected to taste noticeably worse. Blind-tasted both batches against each other without labeling them beforehand. Three out of four testers picked the bouillon version as the better batch, and I could not, on a second tasting, tell which was which myself either.",surprise,medium,,medium,surprise,,False,6,
C02_033,C02,choice,Which emotion does the writer primarily express?,joy | sadness | anger | fear | surprise | disgust,"My manager give the promotion to another person who start working only four months ago, even after he tell me many times this year that I am 'next in line' for it. I ask him why in the meeting yesterday and he just say 'it was a difficult decision' and change subject fast. I am very angry about this because I work extra hours for two years for this company and nobody say thank you for that, only excuses.",anger,easy,,medium,anger,,False,6,
C02_034,C02,choice,Which emotion does the writer primarily express?,joy | sadness | anger | fear | surprise | disgust,"so my phone finally died for real this time, the old one, the one i never backed up because i kept saying i'd get to it. that's the one with literally every single photo of my dog on it from puppy to, well, all of it, none of it anywhere else. spent two hours last night googling data recovery services at 1am instead of just going to sleep like a normal person. haven't told anyone about it yet because saying it out loud sounds like a lot over a phone.",sadness,hard,implicit,medium,sadness,queue,False,6,
C02_035,C02,choice,Which emotion does the writer primarily express?,joy | sadness | anger | fear | surprise | disgust,"So the doctor said 'nothing to worry about' but also wants me back in for more bloodwork next week, and ever since that call I've reread the after-visit summary about four times looking for what she's not saying.",fear,medium,,short,fear,,False,6,
C02_036,C02,choice,Which emotion does the writer primarily express?,joy | sadness | anger | fear | surprise | disgust,"Movers broke a lamp and scuffed the stairs, minor stuff. Ran the new mortgage numbers again last night and I'm still not sure how we cover it if either contract doesn't renew in spring.",fear,hard,distractor,short,fear,,False,6,
C02_037,C02,choice,Which emotion does the writer primarily express?,joy | sadness | anger | fear | surprise | disgust,"Hey so random but I was cleaning out my email and found the whole thread from when we were planning Dad's 60th, back when it was still just the four of us texting nonstop about restaurant options. Kind of wild how quiet the family group chat has gotten since everyone moved to different time zones. Type something in there every couple weeks now and mostly just get a thumbs up back, if anything at all. Not a big deal, just noticed it today I guess.",sadness,medium,,medium,sadness,queue,False,6,
C02_038,C02,choice,Which emotion does the writer primarily express?,joy | sadness | anger | fear | surprise | disgust,"ok i need to vent for a sec. the guy next door had people over till 3am again last night. THIRD time this month. same bass line on repeat for like 4 hours straight, i could feel it thru my pillow. texted him at 1am asking to turn it down, he left me on read. saw him the next morning taking out trash and he just waved like nothing happened, didnt even bring it up. i brought it up. he said 'it wasnt that loud' which, no, i have a recording on my phone from my own bedroom that says otherwise. called the landlord today bc this is the third noise complaint ive filed since january and nothing ever actually happens, guy just gets a 'warning' and does it again two weeks later. my kid has school tomorrow and was up crying at 2am bc she couldnt sleep thru the noise, thats the part that actually gets me, not the bass, the fact that a 7 yr old is losing sleep over some guys 'get together.' landlord said hed 'look into it' which is what he said the last two times too so forgive me if im not holding my breath. at this point im tempted to just buy the loudest speaker i can find and see how he likes it at 7am on a sunday but obviously i wont bc im not trying to become the problem, i just want ONE uninterrupted nights sleep in my own apartment that i pay a lot of rent for.",anger,easy,,long,anger,,False,6,
C02_039,C02,choice,Which emotion does the writer primarily express?,joy | sadness | anger | fear | surprise | disgust,"kid went up for a header and came down wrong, just laid there on the pitch not moving for what felt like forever but was probably only 10 seconds. coach and ref both ran out immediately which made it worse somehow, not better. couldnt breathe right till i saw him sit up and give a thumbs up to the sideline. still shaking a bit tbh, cant really focus on the rest of the game now.",fear,easy,,medium,fear,,False,6,
C02_041,C02,choice,Which emotion does the writer primarily express?,joy | sadness | anger | fear | surprise | disgust,"The crowd near the stage was pushing so hard I could not touch the ground with my feet for some seconds, and I was very scared we will get crushed before the music even start.",fear,easy,,short,fear,,False,6,
C02_042,C02,choice,Which emotion does the writer primarily express?,joy | sadness | anger | fear | surprise | disgust,"ugh my best friend just showed up at my door with tickets to the show i've wanted to see for two years without any warning at all, how dare she, guess i'm just never forgiving her for that one, rude.",joy,hard,sarcasm,short,joy,queue,False,6,
C02_043,C02,choice,Which emotion does the writer primarily express?,joy | sadness | anger | fear | surprise | disgust,"Dad didn't answer his phone Tuesday morning. Called four times between eight and nine, no response. Called the neighbor, Mrs. Okafor, who said she'd check. She called back twenty minutes later saying his car was in the driveway but the front door was locked and the curtains were still closed at nine-fifteen, which is late for him. Called the non-emergency line. They said they could send someone but it would be at least forty minutes given call volume. Spent that forty minutes running through the worst version of Tuesday I could construct: fall, stroke, the stairs down to the basement he's not supposed to use alone since the hip surgery in March. Texted my sister. She was already driving, twenty minutes out. I couldn't do anything from four hundred miles away except keep calling a phone that kept ringing into nothing. Officer got there at 9:52. Called me back at 9:58 to say Dad was fine, hearing aid battery had died overnight so he'd slept through everything including four phone calls and a knock on the door. He was mildly annoyed about the fuss. I sat on my kitchen floor for a few minutes after that call before I could stand back up. Ordered him a second hearing aid charger for the nightstand that afternoon and a loud vibrating alarm clock, the kind made for people who can't hear a regular one. He says he doesn't need either. I'm sending them anyway.",fear,medium,,long,fear,queue,False,6,
C02_044,C02,choice,Which emotion does the writer primarily express?,joy | sadness | anger | fear | surprise | disgust,"The news say the storm will reach our city by tomorrow night and it is now category three, maybe stronger before it arrive. My husband is putting wood boards on all the windows since this morning but I can see his hands are not so steady when he is doing it. We have water bottles, some cans of food, flashlight, but not so much because the store was already very empty when we go there yesterday, many shelf completely bare. My daughter keep asking if the roof will be okay and I don't know really what to tell her that is true and also not scary for a seven year old to hear. Our neighbor decide to drive to his sister house two hours away this morning, he say the water here can rise very fast and he remember the last big storm eight years ago when the whole street was under water for three days. Now I am wondering if we should also go, but the roads maybe already very full of cars and it take much longer than normal, and I don't want to be stuck in the car during the worst part. I keep checking my phone every few minutes for new update even though I know the storm path is not going to change just because I am looking at it. Tonight we will sleep in the hallway, away from the windows, and I already put the important papers in a plastic bag by the door in case we need to leave fast.",fear,medium,,long,fear,,False,6,
C02_046,C02,choice,Which emotion does the writer primarily express?,joy | sadness | anger | fear | surprise | disgust,"So we're up 2-1 with four minutes left in the league final, Jamie's team, the one they've practiced for since August, and the ref calls the tightest offside I have ever seen in my life on a play where their kid was clearly a full stride onside, waves it off, no VAR at this level obviously so that's just the final word, and the other team scores off the resulting free kick two minutes later to tie it and then wins it in extra time on penalties, and Jamie's coach tried to talk to the ref after the whistle just to ask which linesman made the call and got told to 'take it up with the league office' by a guy who was already halfway to his car. Filed the complaint form online that night, attached the video someone's dad filmed from the sideline that shows the offside line pretty clearly, got an auto-reply saying they'd 'review within 10 business days,' which, fine, except the season's already over by then so what exactly is there left to review. Jamie cried the whole ride home and kept asking why the ref didn't just look again, and I didn't have a real answer for her because I don't have one either, I just kept saying sometimes the calls don't go your way, which felt like a garbage thing to tell an eleven year old who did everything right for eight months straight.",anger,medium,,long,anger,audit,False,6,
C02_047,C02,choice,Which emotion does the writer primarily express?,joy | sadness | anger | fear | surprise | disgust,"I try to cook my grandmother rice dish again last night, the one with the orange spice she always use, but it never taste the same like when she make it. I call my mother to ask the recipe again even though I already have it write down from before. We talk for one hour about small things, not really about the recipe. After I hang up the phone I just sit in the kitchen for long time before I eat, food already getting cold on the table.",sadness,medium,,medium,sadness,,False,6,
C02_048,C02,choice,Which emotion does the writer primarily express?,joy | sadness | anger | fear | surprise | disgust,"Oh wonderful, my dog leave me such a beautiful present on the pillow this morning, right where I put my face every night, thank you so much for that, exactly what I wanted to find at 6am.",disgust,hard,sarcasm,short,disgust,queue,False,6,
C02_050,C02,choice,Which emotion does the writer primarily express?,joy | sadness | anger | fear | surprise | disgust,"ok the cafeteria pulled something today that I need to talk about. opened my 'chicken' wrap and there was just. a long black hair baked into the tortilla itself, not on top, IN it, like it had been cooked in there. showed my friend and she almost threw up on the spot. went to complain and the lunch lady just shrugged and said 'happens sometimes' like that's a normal sentence to say out loud to a customer. brought my own lunch for the rest of the week, not risking it again.",disgust,medium,,medium,disgust,,False,6,
C02_052,C02,choice,Which emotion does the writer primarily express?,joy | sadness | anger | fear | surprise | disgust,"Yes, of course, this is exactly what I am expecting when I buy ticket for small local band in small venue with maybe two hundred people only. Totally normal Tuesday night, nothing special, just like every other concert I go before. So when the lights go down and instead of the small band, a man walk out who I recognize immediately because his face is on every music channel for twenty years, I am, sure, very calm about this, not surprised even one little bit. My friend next to me is also very calm, screaming into my ear so loud I cannot hear for maybe one minute after. He play for one full hour, just him, small stage, no big show, nothing, guitar and his voice only, like this is completely a normal Tuesday thing for a superstar to do in a room this small. Nobody in the room is filming much because everybody too busy standing there with mouth open, very typical reaction, very expected. After, we find out from the small band, the ones who actually sell tickets for this show, that they only know he was coming two days before, and he ask them himself if he can 'sit in' because he is visiting his old friend who lives in this city. Totally normal for a person of this fame to just quietly show up somewhere with two hundred seat. I walk out after and cannot remember where I park my car for ten minutes, which never happen to me before in my life, but sure, everything about tonight is very expected and very normal, exactly the concert I plan to see when I buy this ticket three weeks ago for twenty-two dollars.",surprise,hard,sarcasm,long,surprise,queue,True,6,
C02_053,C02,choice,Which emotion does the writer primarily express?,joy | sadness | anger | fear | surprise | disgust,"Five-star dining experience review, truly:
- Reservation confirmed for 7pm, seated at 7:45, no apology offered
- Ordered the tasting menu, received the wrong courses twice, was told this was 'basically the same thing'
- Bill arrived with a mystery $40 'corkage fee' despite bringing no wine of our own
- Manager's solution to all of the above: a single free dessert, which also arrived at the wrong table first
Can't wait to recommend this place to literally everyone I have ever met.",anger,hard,sarcasm,medium,anger,,False,6,
C02_055,C02,choice,Which emotion does the writer primarily express?,joy | sadness | anger | fear | surprise | disgust,"So this is going to sound like a lot over a dog, but stay with me for a second. We got Biscuit the same month I started my first real job out of college, which tells you how long ago that was, back when I was twenty-three and living in that terrible apartment above the laundromat that always smelled like fabric softener no matter what. He's been through two apartments, one house, one divorce, and about four different haircuts of my own that I'd rather not revisit, and through all of it he was just there, this consistent, ridiculous presence who greeted every single homecoming like I'd been gone for a decade instead of an hour. Lately, though, he doesn't really get up to greet me at the door anymore. Takes him a minute to work his back legs into standing, and I've started timing my entrances so I have a second to compose myself before he looks up at me, because something about watching him try gets me every single time. The vet says it's just age, nothing acute, nothing to rush into any decisions about, which I'm grateful for, genuinely, but I've also started doing this thing where I take a picture of him basically every day now, on the couch, in the yard, wherever, because some part of my brain has started keeping a record I'm not ready to think too hard about the reason for. He's thirteen this year. I know what thirteen means for a dog his size. I'm just not there yet, mentally, so for now I'm taking a lot of pictures and trying not to do the math out loud.",sadness,medium,,long,sadness,,False,6,
C02_056,C02,choice,Which emotion does the writer primarily express?,joy | sadness | anger | fear | surprise | disgust,"Okay funny pet update: we always figured our tabby Pepper was, at best, food-motivated and lazy, zero interest in anything that wasn't her bowl. So today I'm sitting on the floor doing paperwork and she walks over, sniffs the open folder, and starts very deliberately pulling pages out one by one and lining them up next to her like she's sorting them. I've had this cat six years. I did not know this was a thing she could even conceive of doing, and I still don't have an explanation for it.",surprise,medium,,medium,surprise,,False,6,True
C02_057,C02,choice,Which emotion does the writer primarily express?,joy | sadness | anger | fear | surprise | disgust,"Update log:
- Powered up the old router for the first time in three years
- It still had our previous address's wifi name saved
- Did not expect that after two moves",surprise,medium,,short,surprise,,False,6,True
C03_000,C03,choice,What is the main topic of this news article?,politics | sports | science | health | technology | entertainment | crime_justice | weather_environment,Northfield University — outdoor classes canceled again. Smoke drifting in from the Cascade Ridge fire has pushed local air-quality readings into the hazardous range for a third straight day.,weather_environment,medium,,short,weather_environment,,False,8,
C03_001,C03,choice,What is the main topic of this news article?,politics | sports | science | health | technology | entertainment | crime_justice | weather_environment,"the harbor town of Millbrook voted last night to block the new marina permit, 4 to 3, after monthes of shouting matches at town hall. mayor Denning says the call reflects what residnets have wanted since spring. the losing side says theyll challenge it at the county level before the fall session wraps. the zoning board meets again in three weeks to sort out next steps.",politics,hard,implicit,medium,politics,,False,8,
C03_002,C03,choice,What is the main topic of this news article?,politics | sports | science | health | technology | entertainment | crime_justice | weather_environment,Moderators of the forum ForumWell removed more than two hundred posts this week promoting a five-day liquid-only regimen after three members reported fainting spells and one was hospitalized for dehydration. The thread's growth outpaced the volunteer team's ability to flag it. Administrators added a warning banner to related topics on Wednesday. Regional clinics report a small rise in patients citing the same routine.,health,medium,,medium,health,,False,8,
C03_004,C03,choice,What is the main topic of this news article?,politics | sports | science | health | technology | entertainment | crime_justice | weather_environment,"Marine biologists at the Port Elara Research Station have identified a previously unknown species of bioluminescent squid in deep trenches off the coast, publishing detailed anatomical scans that reveal a light-producing organ never before documented in cephalopods.",science,easy,,short,science,,False,8,
C03_005,C03,choice,What is the main topic of this news article?,politics | sports | science | health | technology | entertainment | crime_justice | weather_environment,"Capital Filmworks confirmed that director Ines Okafor's long-delayed thriller 'The Glass Order' will open the Ashworth Festival in the capital next month, marking her first project after a three-year hiatus. Organizers allocated the 2,400-seat Meridian Hall for the premiere, citing unusually high advance ticket demand. Okafor has declined interviews ahead of the screening, according to her publicist.",entertainment,medium,,medium,entertainment,,False,8,
C03_006,C03,choice,What is the main topic of this news article?,politics | sports | science | health | technology | entertainment | crime_justice | weather_environment,"Public Works Bulletin — Thornridge Pass Maintenance District

The quarterly infrastructure report for the Thornridge Pass corridor covers eleven agenda items carried over from the March session. Item one confirms that the district's diesel generator contract with Halvorsen Supply has been renewed through next fiscal year at the same per-liter rate. Item two notes that the guardrail replacement on the switchback above mile marker 14 remains on schedule for completion by the second week of next month, pending delivery of galvanized steel from the regional depot. Item three addresses staffing: two seasonal plow operators have been hired to cover the overnight shift through winter, bringing the crew to full strength for the first time in three seasons.

Buried within the routine parts inventory update, district hydrologist Mattias Brenner flagged that this month's snowpack survey recorded a rain-on-snow layer roughly forty centimeters below the surface across three monitored slopes above the pass, a configuration the survey team associates with elevated avalanche release potential through the coming weeks. The finding has prompted the district to suspend backcountry permits above 2,200 meters until a follow-up survey is completed.

The remainder of the bulletin covers unrelated matters: the annual equipment audit, revised office hours for the permit desk, and a reminder that the break room coffee fund is short eleven dollars for the quarter. The next bulletin is expected in early winter.",weather_environment,hard,long_irrelevant,long,weather_environment,,False,8,
C03_007,C03,choice,What is the main topic of this news article?,politics | sports | science | health | technology | entertainment | crime_justice | weather_environment,"Ashcombe University Theatre — opening night moved up. 'Winter's Hollow,' the student-written musical drawing early buzz, now premieres Thursday instead of Saturday after ticket demand exceeded the venue's original allotment.",entertainment,medium,,short,entertainment,,False,8,
C03_008,C03,choice,What is the main topic of this news article?,politics | sports | science | health | technology | entertainment | crime_justice | weather_environment,"Nobody in Caldwell Junction expected the high school football team to still be playing in November, least of all the team itself. The Caldwell Ridgebacks, who finished last season 2-9 and drew a grand total of maybe sixty fans to their homecoming game, have now won seven straight and find themselves one victory from the regional final, a sentence that would have gotten you laughed out of Duffy's Diner in September.

Credit, depending on who you ask at the counter, goes either to new coach Raymond Petrosky's decision to bench his starting quarterback for a sophomore nobody had heard of, or to the fact that Caldwell's chief rival, Brantwood, lost half its roster to graduation and transfers. Petrosky himself isn't interested in the debate. 'We tackle better than we did in August,' he said after Friday's 21-14 win over Millhaven, delivered with the enthusiasm of a man reading a grocery list. 'That's about the whole story.'

Attendance has climbed each week regardless of the explanation, and the town council reportedly discussed, only half-jokingly, whether the water tower needs a fresh coat of paint before Saturday's semifinal draws out-of-town cameras. Ticket sales at the gate have already outpaced the entire home schedule from two years ago combined. Whether the Ridgebacks can keep it up against a Fairhollow squad that hasn't lost since April is, per the regulars at Duffy's, 'a different question entirely, and probably a shorter one than we'd like.'",sports,medium,,long,sports,,False,8,
C03_009,C03,choice,What is the main topic of this news article?,politics | sports | science | health | technology | entertainment | crime_justice | weather_environment,"The clinic at Ridgeline Lodge saw its busiest week of the season, and skis had nothing to do with it. Staff treated eleven visitors for headaches, nausea and shortness of breath within 48 hours of arriving at the 3,100-meter base, most of whom had flown in from sea level that same morning and gone straight for the lifts. Dr. Osei Baffour, who's run the clinic for six winters, says the pattern repeats every holiday week and that the fix is almost insultingly simple: 'Sleep at 1,800 meters for one night first. Nobody wants to hear it, but it works.' Two guests were sent down to the valley hospital for observation Tuesday; both were discharged by morning.",health,hard,implicit,medium,health,,False,8,
C03_010,C03,choice,What is the main topic of this news article?,politics | sports | science | health | technology | entertainment | crime_justice | weather_environment,"The Directorate of Civic Affairs confirmed Tuesday that a public-comment thread hosted on the ReachGov platform, which drew over 40,000 signatures calling for revised zoning disclosure rules, will be formally entered into the record ahead of next month's committee hearing. Under the directorate's 2021 digital-participation statute, any thread exceeding 25,000 verified signatures automatically triggers a review by the relevant standing committee. Committee chair Yusuf Lindqvist said staff are cross-referencing the signatures against the voter roll before the hearing date is finalized. A revised bill draft is expected before the end of the session.",politics,medium,,medium,politics,,False,8,
C03_011,C03,choice,What is the main topic of this news article?,politics | sports | science | health | technology | entertainment | crime_justice | weather_environment,ok so apparently Brightfield U's robotics club built an AI that grades lab reports in real time now?? profs are testing it this semester and tbh some students are kinda freaking out lol,technology,easy,,short,technology,,False,8,
C03_014,C03,choice,What is the main topic of this news article?,politics | sports | science | health | technology | entertainment | crime_justice | weather_environment,"Skier Anke Voss won the Kestrel Ridge downhill Saturday in 1:42.07, edging out defending champion Liu Wei by four hundredths of a second. It was Voss's first World Cup win in two seasons.",sports,medium,,short,sports,,False,8,
C03_015,C03,choice,What is the main topic of this news article?,politics | sports | science | health | technology | entertainment | crime_justice | weather_environment,"so apparently the guy who ran that fake investment giveaway account on Ripple Circle got arrested Tuesday after scamming like 300 people out of their savings and honestly I'm not even shocked because my cousin almost fell for it last month, the police are saying charges could include wire fraud and identity theft and there's a court date set for next week.",crime_justice,easy,,medium,crime_justice,,False,8,
C03_016,C03,choice,What is the main topic of this news article?,politics | sports | science | health | technology | entertainment | crime_justice | weather_environment,"So my nephew ran in the Continental Games marathon last weekend — well, 'ran' is generous, he power-walked the last six kilometers, but that's beside the point, because what actually happened out there ended up being a bigger story than who won. The temperature hit 34 degrees by mid-morning, way past what organizers had planned for, and by the finish line the medical tent had treated over 200 runners for heat exhaustion, with nineteen of them taken to Meridian General for IV fluids and, in three cases, overnight monitoring.

My nephew said the water stations ran out around kilometer 30, which lines up with what the race medical director, Dr. Helena Marsh, told reporters afterward — she said the cooling stations were stocked for a forecast that never accounted for the heat spike, and that her team is recommending the organizing committee revise its hydration protocol before next year's event. One runner, a woman in her fifties from out of town, reportedly collapsed near the 35k mark and had to be resuscitated on site before being stabilized.

Anyway, the winner's time barely got a mention on the local news that night, which tells you something. Everyone I talked to afterward was more interested in whether the medical tent had enough IV bags than who crossed the line first. My nephew's fine, by the way, just sunburned and very smug about his finisher's medal.",health,hard,distractor,long,health,queue,False,8,
C03_017,C03,choice,What is the main topic of this news article?,politics | sports | science | health | technology | entertainment | crime_justice | weather_environment,"the capital derby lived up to the hype last nite. Ashford United beat Capital Rovers 3-1 in front of 52,000 fans at Iron Gate Stadium, and honeslty rovers never looked like they belonged on the pitch after the 30th minute. Kellan Vance scored twice for united, his 2nd and 3rd goals of the season, and the winner came off a deflected free kick that keeper Marcus Oduya had no chance on. rovers manager Petar Ilic said after the match his side 'lost their shape early and never found it again,' which is coach-speak for 'we got outplayed.' united moves up to 2nd in the table with the win, 3 pts behind leaders Northgate. rovers drop to 7th and now face a tricky run of fixtures including next weekend's trip to Northgate themselves. fans streamed out of iron gate chanting united's captain's name well after the final whistle, and local pubs around the stadium reportedly stayed open two hours past normal closing to accomodate the crowd.",sports,easy,,long,sports,,False,8,
C03_018,C03,choice,What is the main topic of this news article?,politics | sports | science | health | technology | entertainment | crime_justice | weather_environment,"Big news for anyone who's been following the Seabright Music Festival lineup — singer-songwriter Lucia Marchetti just got added as the surprise headliner for Saturday night! She hasn't performed live since wrapping her last tour, so this is honestly a huge deal for fans along the coast. Tickets for the final day sold out within an hour of the announcement, and organizers say they're adding extra ferry runs from the mainland to handle the crowd.",entertainment,easy,,medium,entertainment,,False,8,
C03_019,C03,choice,What is the main topic of this news article?,politics | sports | science | health | technology | entertainment | crime_justice | weather_environment,"The storm is coming very strong to Bayhaven this weekend, say the weather office. Wind will be up to 95 kilometer per hour and the sea will rise more than normal, maybe flooding some streets near the port. People who live close to water are told to move to higher place before Saturday night. The mayor say emergency shelters will open Friday morning for who need it.",weather_environment,easy,,medium,weather_environment,,False,8,
C03_020,C03,choice,What is the main topic of this news article?,politics | sports | science | health | technology | entertainment | crime_justice | weather_environment,"So this is going to sound like a whole saga but bear with me. You know the forum I've been part of for like six years, the one built around that fantasy series 'Hollow Crown'? Well the final book in the series finally dropped this week after basically four years of waiting, and the forum absolutely imploded, in the best way. People organized a 48-hour read-along in the chat channels, there were fan-made maps circulating within like two hours of release, someone commissioned an artist to draw the final battle scene before most of us had even finished chapter twelve.

The author, Desmond Achterberg, actually showed up in the forum's voice channel Thursday night, completely unannounced, and just started answering questions for like three hours about how the ending came together. Half the server was in tears, myself included, when he confirmed a theory some of us had been floating since book two about the twin protagonists. Someone clipped the whole thing and it's been circulating on every fan account since.

There's already talk of a watch-party for whenever the streaming adaptation drops next year, and a few of the longtime mods are trying to organize a meetup at next spring's convention so people can finally put faces to usernames. Six years of theory threads and spreadsheets and it all led to this one very chaotic, very wonderful week.",entertainment,medium,,long,entertainment,,False,8,
C03_021,C03,choice,What is the main topic of this news article?,politics | sports | science | health | technology | entertainment | crime_justice | weather_environment,"It is my sad duty to report that Alderman Whit Colby was arrested yesterday evening on charges of embezzlement, following a lengthy investigation by the city's fraud division into missing municipal funds.",crime_justice,easy,,short,crime_justice,queue,False,8,
C03_023,C03,choice,What is the main topic of this news article?,politics | sports | science | health | technology | entertainment | crime_justice | weather_environment,"Bayport-based startup Ferrun Robotics unveiled a solar-powered buoy that uses onboard sensors and machine learning to detect illegal fishing nets, deploying its first ten units along the coast this week.",technology,easy,,short,technology,queue,False,8,
C03_024,C03,choice,What is the main topic of this news article?,politics | sports | science | health | technology | entertainment | crime_justice | weather_environment,"One might have thought, given the landslide that closed the Kestrel Pass road last month, that the regional assembly would move swiftly to approve relief funding for the affected villages. Instead, what has followed is a rather unseemly squabble between the two governing coalitions over which ministry ought to administer the funds, with the Agrarian Bloc insisting the money flow through provincial councils and the Unity Party holding out for direct disbursement from the capital. The vote, originally scheduled for last Tuesday, has now been postponed a second time, much to the visible frustration of the villages still without proper road access.",politics,hard,distractor,medium,politics,,False,8,
C03_025,C03,choice,What is the main topic of this news article?,politics | sports | science | health | technology | entertainment | crime_justice | weather_environment,"I am pleased to report that Councilwoman Edith Marchbanks won re-election to the Fenwick Township board Tuesday evening, securing sixty-one percent of the vote against two challengers.",politics,easy,,short,politics,,False,8,
C03_026,C03,choice,What is the main topic of this news article?,politics | sports | science | health | technology | entertainment | crime_justice | weather_environment,"Dispatches from the Capital, Autumn Edition

It has been, by any measure, an eventful season in the capital, and I shall endeavor to summarize the goings-on for those readers who have, wisely perhaps, been spending their weekends elsewhere. The renovation of Vantage Square proceeds apace, though not without the usual grumbling from shopkeepers about scaffolding blocking their windows. The Autumn Charity Gala, held this year at the Regency Hall, raised a respectable sum for the children's hospital fund, and I am told the orchestra performed admirably despite losing their cellist to illness only hours before curtain.

Tucked amid the notices from the National Antiquities Institute, which usually concern little more than museum opening hours, was a rather more substantial item: archaeologists excavating beneath the old cathedral crypt have uncovered a sealed ledger, remarkably preserved, believed to date from the city's founding centuries ago and containing detailed trade records that historians say could rewrite the accepted timeline of the capital's earliest markets. The institute's director called it 'the most significant document recovered from that site in a hundred years' and confirmed a full academic paper is forthcoming.

Elsewhere, the annual flower show was postponed a week owing to a scheduling conflict with the hall's other bookings, and the tram authority has announced revised timetables for the winter season. One hears also that the mayor's annual address will be moved to a larger venue this year, on account of demand. I shall report further as these matters develop.",science,hard,long_irrelevant,long,science,,False,8,
C03_027,C03,choice,What is the main topic of this news article?,politics | sports | science | health | technology | entertainment | crime_justice | weather_environment,"Continental Games Organizing Committee — Fan Advisory Update #14

- Security personnel intercepted a shipment of approximately 12,000 counterfeit event passes at the Meridian Logistics Hub Tuesday night, hidden inside pallets labeled as bottled water.
- Four individuals connected to the shipment were detained at the venue's north gate when they attempted to use a sample batch to enter the opening ceremony.
- Investigators from the host city's fraud unit say the passes were produced using stolen holographic templates traced to a printing contractor in a neighboring province.
- Two additional warehouses linked to the same distribution network were searched early Wednesday; officials declined to say how many further passes were recovered.
- Ticket holders are reminded that only passes purchased through the official portal or authorized resellers will scan validly at the gates.
- The organizing committee says it is cooperating fully with prosecutors and expects the case to be referred to the regional court within the month.
- A dedicated hotline has been set up for fans who purchased passes through third-party sellers and are unsure of their validity.",crime_justice,hard,implicit,long,crime_justice,,False,8,
C03_028,C03,choice,What is the main topic of this news article?,politics | sports | science | health | technology | entertainment | crime_justice | weather_environment,"Government ministers meeting in the capital for this week's trade summit found themselves rescheduling two outdoor sessions after temperatures hit 43 degrees Celsius Wednesday, tying the capital's all-time record set in 1998. The National Weather Service issued its highest-level heat advisory for the metro area through Friday, warning of continued strain on the power grid as air-conditioning demand surges. Emergency rooms across the capital reported a 40 percent rise in heat-related admissions since Monday. Cooling centers opened in twelve districts overnight.",weather_environment,hard,distractor,medium,weather_environment,queue,False,8,
C03_029,C03,choice,What is the main topic of this news article?,politics | sports | science | health | technology | entertainment | crime_justice | weather_environment,"In Millhaven town, the river is rising since three days because of much rain in the mountains near. Some families near the river already move their things to higher floor. The town office say water level not dangerous yet but they are watching every hour. Last year same river make flood in two streets, so people are worry it happen again this time.",weather_environment,medium,,medium,weather_environment,,False,8,
C03_030,C03,choice,What is the main topic of this news article?,politics | sports | science | health | technology | entertainment | crime_justice | weather_environment,"Vantage Robotics has begun beta-testing an indoor delivery system in three Meridian City office towers, using a mesh of ceiling-mounted sensors rather than onboard cameras to route parcels between floors. Early logs show a 22 percent reduction in transit time over the wheeled prototype it replaces.",technology,medium,,short,technology,,False,8,
C03_033,C03,choice,What is the main topic of this news article?,politics | sports | science | health | technology | entertainment | crime_justice | weather_environment,"So I was at the Seabright Regional Swim Championships mostly to watch my niece's relay team, and there was this scary moment where a Tidewater swimmer cramped badly and had to be pulled from the pool by lifeguards — she was fine, walked off a few minutes later. What actually made the day, though, was the girls' 4x100 freestyle relay, where my niece's team came from nearly a body length behind on the anchor leg to out-touch the defending champions by eleven hundredths of a second. Coach Renata Silva said it was the fastest anchor split any of her swimmers has ever put up.",sports,hard,distractor,medium,sports,,False,8,
C03_034,C03,choice,What is the main topic of this news article?,politics | sports | science | health | technology | entertainment | crime_justice | weather_environment,"The capital's health ministry wants you to know that its new 'rapid intake' pilot at Grandview General has cut average emergency room wait times from four hours to ninety minutes, and to be fair, the numbers on the press release do say that. What the press release does not mention, at least not in the first three paragraphs, is that the pilot achieved this partly by redirecting non-urgent cases to a converted conference room staffed by two nurses and a rotating cast of medical students, a detail three separate patients confirmed to me independently while waiting, ironically, in that very room.

Dr. Priscilla Nkemelu, who runs the pilot, insists the model is 'clinically sound and rigorously monitored,' and to her credit the ministry's own audit found no rise in missed diagnoses over the trial's first two months. Patients seem split: some praised the shorter wait, others noted the conference room still has a projector screen mounted on the wall, which nobody has bothered to remove.

The ministry plans to expand the model to two more hospitals by spring if the current trial holds up, a timeline that assumes, among other things, that flu season doesn't do what flu season generally does to emergency rooms in this city. Grandview's administrators say they remain 'cautiously optimistic,' which is, admittedly, the same thing they said about last year's pilot program, the one involving the tablet check-in kiosks that are now used mostly as coat racks.",health,medium,,long,health,,True,8,
C03_036,C03,choice,What is the main topic of this news article?,politics | sports | science | health | technology | entertainment | crime_justice | weather_environment,"Another week, another round of complaints about the Belgrove Avenue construction, which the city insists will be done 'by autumn' — a phrase that, at this point, has been used to describe at least three different autumns. The transit authority also announced new bus schedules that nobody asked for, cutting the 14 route down to hourly service on weekends, a decision that will surely be reversed within a month once enough people complain at the town hall meeting, as is tradition.

Buried in Tuesday's sports section, almost as an afterthought next to a much longer piece about the farmers market's new parking rules, was the actual news of the week: the Ironhaven Bears fired head coach Desmond Achebe after an eight-game losing streak dropped the team to last place in the division, the earliest in-season coaching change the franchise has made in eleven years. Assistant coach Marina Kowalczyk takes over on an interim basis starting with Friday's game.

Elsewhere, the library announced extended hours for exam season, the farmers market confirmed it will stay open through November despite the weather turning, and the annual chili cook-off has been moved two blocks over due to the aforementioned construction. None of which, one suspects, will get anywhere near the attention the Bears' collapse is about to receive from talk radio starting approximately five minutes after this column goes to print.",sports,hard,long_irrelevant,long,sports,audit,True,8,
C03_037,C03,choice,What is the main topic of this news article?,politics | sports | science | health | technology | entertainment | crime_justice | weather_environment,"The town of Hollow Pine has spent much of the past month in its usual late-autumn rhythm, though this year's edition of that rhythm has come with a few more wrinkles than most residents anticipated. The municipal works department completed its annual gutter-clearing rounds two weeks ahead of schedule, a fact the town newsletter noted with evident pride, while the volunteer fire brigade held its yearly chimney-inspection drive, checking a reported 340 households for creosote buildup ahead of the coldest months. The general store extended its hours through the weekend to accommodate the usual pre-winter rush on firewood and canned goods, and the community center's knitting circle relocated to the larger meeting room to fit its growing membership, now up to twenty-two regulars.

Somewhat more unusually, portions of Ridgeline Road were closed for four days this month to accommodate a film crew shooting exterior scenes for director Wilhelmina Croft's upcoming period drama, 'The Long Thaw,' which is reportedly set for release next winter. Residents who caught a glimpse of the production described extensive scaffolding built to resemble a nineteenth-century trading post, along with several dozen crew members and, by more than one account, lead actor Julian Castellanos filming a scene in the pouring rain for the better part of an afternoon.

Beyond that, the school board approved next year's calendar without major changes, the postal service confirmed no alterations to rural delivery routes, and the annual harvest raffle raised slightly less than last year, which organizers attributed to the unusually warm October keeping people occupied with outdoor chores rather than raffle tickets. The knitting circle, for its part, remains unbothered by all of it.",entertainment,hard,long_irrelevant,long,entertainment,,False,8,
C03_038,C03,choice,What is the main topic of this news article?,politics | sports | science | health | technology | entertainment | crime_justice | weather_environment,"leaders from fourteen nations wrapped up the three day Continental Security Summit in Bregmont yesterday, signing a joint declaration on cross border trade rules that took nearly eight months of closed door negotiations to hammer out. prime minister Adaeze Umeh, who hosted the summit, called the agreement 'a turning point for regional cooperaton,' though not every delegation left happy. the delegation from Kestral Union walked out of tuesdays session breifly after a dispute over tariff language, only returning once mediators from the host nation stepped in overnite.

the final text, which still needs ratification by each nations legislature before taking effect, sets new caps on agricultural tariffs and creates a joint committee to review disputes going forward. critics back home have already called the deal 'too soft' on enforcement, with opposition leader Henrik Solvang saying his party will push for amendments once it reaches parliment next month.

security around the summit venue was tight after protests broke out wednesday outside the main gate, though organizers say the talks themselves were never disrupted. umeh is expected to brief her own parliment on the outcome thursday, and several other leaders have already scheduled similar briefings at home. analysts say the real test will come over the next year, as each government tries to actually get the thing ratified.",politics,easy,,long,politics,,False,8,
C03_039,C03,choice,What is the main topic of this news article?,politics | sports | science | health | technology | entertainment | crime_justice | weather_environment,"Millbridge's public works department has deployed a network of soil-moisture sensors across the town's irrigation system, allowing the control software to adjust watering schedules automatically rather than on a fixed timer. The system, supplied by Arndale Systems, reduced water usage by 18 percent during its first month of operation. Officials plan to expand sensor coverage to the town's two remaining parks by spring.",technology,easy,,medium,technology,,False,8,
C03_040,C03,choice,What is the main topic of this news article?,politics | sports | science | health | technology | entertainment | crime_justice | weather_environment,"campus police at Dunmore University confirmed tuesday that the string of bike thefts near the north dorms has been traced to a former student who was living in a storage unit off campus. officers recovered 23 bikes during a search friday, most still with their original locks cut off. the suspect is due in court next week and the university says its notifying everyone on the recovered-bike list to come claim theirs.",crime_justice,medium,,medium,crime_justice,,False,8,
C03_041,C03,choice,What is the main topic of this news article?,politics | sports | science | health | technology | entertainment | crime_justice | weather_environment,"World Connectivity Forum — day two highlights:
- Keynote focused on mesh-network rollouts for disaster zones, not the usual 5G talk.
- Startup Ferrolite demoed a solar charging case that also runs local AI translation offline.",technology,medium,,short,technology,,False,8,
C03_042,C03,choice,What is the main topic of this news article?,politics | sports | science | health | technology | entertainment | crime_justice | weather_environment,"The health department wants everyone to know that this year's flu season is 'tracking normally,' a phrase that will be cold comfort to anyone who has tried to get a same-day appointment at a Westgate clinic in the last two weeks. Citywide, emergency rooms have logged an 800-bed backlog since the holiday weekend, and three hospitals have activated overflow tents in their parking structures, a measure officials insist is 'precautionary' rather than a sign anything has gone particularly wrong.

Dr. Fatima Rousseau, the city's interim health commissioner, held a press conference Monday to reassure residents that vaccine supply remains adequate, flanked by a poster listing symptoms that, if you've been anywhere near a school, an office, or a subway car in the last month, you have almost certainly already diagnosed yourself with. She urged anyone with a fever above 38.5 degrees to stay home, advice that roughly nobody with a job that doesn't offer sick leave is in a position to follow.

Pharmacies across downtown reported running out of over-the-counter fever reducers twice in the past ten days, restocking each time within about eighteen hours before selling out again. City Councilman Otis Bramwell has called for an emergency budget session to fund additional urgent-care staffing, a request the mayor's office says it is 'reviewing,' the traditional bureaucratic phrase for 'ask again in six weeks.' In the meantime, the health department recommends handwashing, rest, and, apparently, patience.",health,easy,,long,health,,True,8,
C03_044,C03,choice,What is the main topic of this news article?,politics | sports | science | health | technology | entertainment | crime_justice | weather_environment,"University Health Services — weekly update:
- Walk-in clinic hours extended to 7pm through exam period after a spike in visits for stress-related insomnia and stomach complaints.
- Free flu vaccinations continue at the Bellweather Hall pop-up through Friday.
- Students reporting persistent symptoms are urged to schedule a follow-up rather than rely on walk-in slots.",health,medium,,medium,health,,True,8,
C03_046,C03,choice,What is the main topic of this news article?,politics | sports | science | health | technology | entertainment | crime_justice | weather_environment,"What a night it was in Grandview last night for the annual Silverleaf Awards, held this year at the newly renovated Ovation Theatre downtown! The ceremony honored the best in film and television from the past year, and if you were glued to your screen like I was, you know the biggest moment came when newcomer Talia Ferreira took home Best Actress for her role in 'Quiet Harbor,' beating out three previous winners in the category. Her acceptance speech, which she reportedly wrote on a napkin in the car on the way over, had half the audience in tears.

The red carpet itself was its own spectacle, with designer gowns from at least six different countries on display and a surprise appearance from veteran director Casimir Wren, who hasn't attended an awards show in nearly a decade. Wren was there to present the Lifetime Achievement honor to composer Odalys Marchetti, whose scores have defined nearly every major film soundtrack of the last twenty years, and the standing ovation she received reportedly lasted almost three full minutes.

Local restaurants near the theatre said business boomed all evening as attendees spilled out for after-parties, and the city's tourism board estimates the ceremony brought in several million in visitor spending over the weekend. Whether you watched from your couch or lined up outside the theatre just to catch a glimpse of the arrivals, it's safe to say Grandview knows how to throw an awards night.",entertainment,easy,,long,entertainment,,False,8,
C03_047,C03,choice,What is the main topic of this news article?,politics | sports | science | health | technology | entertainment | crime_justice | weather_environment,"Researchers from the regional agricultural extension office have completed a two-year trial testing drought-resistant wheat varieties on plots outside Millstone. The variety showing the strongest results, a hybrid designated MW-19, produced yields within 8 percent of conventional wheat despite receiving 40 percent less irrigation. Extension officer Daniela Kovač said seed distribution to local farms could begin as early as next planting season, pending final soil-compatibility testing.",science,medium,,medium,science,,False,8,
C03_048,C03,choice,What is the main topic of this news article?,politics | sports | science | health | technology | entertainment | crime_justice | weather_environment,"okay Brightwell University's volleyball team just clinched the conference title for the first time in like 15 years and the gym was UNHINGED last night. they beat Cross Valley State in five sets, last one going to 19-17, and captain Marisol Trejo had a season-high 24 kills. students literally rushed the court after match point lol, campus security did not know what to do with themselves.",sports,easy,,medium,sports,,False,8,
C03_049,C03,choice,What is the main topic of this news article?,politics | sports | science | health | technology | entertainment | crime_justice | weather_environment,"So my cousin works at one of the ministries downtown, and she's been telling me for weeks about this new digital ID system the capital's rolling out, and honestly the story behind it is wilder than I expected. Apparently the rollout got delayed twice already because the biometric scanners kept failing in humid weather, of all things, and the vendor had to ship in a whole new batch of sensors from overseas. Anyway it's finally launching next month at the main registry office, letting residents renew permits and licenses from an app instead of standing in line for half a day like everyone including my cousin has had to do her whole life.",technology,medium,,medium,technology,queue,False,8,
C03_050,C03,choice,What is the main topic of this news article?,politics | sports | science | health | technology | entertainment | crime_justice | weather_environment,a thread on the Riverwatch forum blew up this week after someone posted photos of dead fish washing up along a 3 mile stretch of the Calder river. mods pinned it after the state env agency confirmed they're testing water samples near the old mill outflow. no offical cause yet but people in the thread are pointing at last months chemical spill upstream. agency says results expected by friday.,weather_environment,medium,,medium,weather_environment,,False,8,
C03_051,C03,choice,What is the main topic of this news article?,politics | sports | science | health | technology | entertainment | crime_justice | weather_environment,"The annual Harvest Fair in Dell Crossing drew what organizers called a record crowd of nearly six thousand visitors on Saturday, filling the fairgrounds with the usual assortment of pie contests, livestock judging, and a much-anticipated tractor pull that ran nearly two hours past schedule. Amid the festivities, however, fair officials discovered that the lockbox containing the weekend's gate proceeds, some 14,000 dollars in cash, had been pried open sometime after the evening fireworks display, prompting an immediate call to county sheriff's deputies who arrived within the hour and began reviewing security footage from the ticket booth.",crime_justice,hard,distractor,medium,crime_justice,audit,False,8,
C03_052,C03,choice,What is the main topic of this news article?,politics | sports | science | health | technology | entertainment | crime_justice | weather_environment,"Big news from the Kestrel Range this week — a team of glaciologists has confirmed the discovery of a 900-year-old ice core sample that's giving us an incredibly detailed look at the region's climate history! The team, led by Professor Amara Solheim, spent three summers drilling at three different sites before finally reaching bedrock at their highest camp, pulling up a core that preserves distinct annual layers going back nearly a millennium.

What's got everyone so excited is how clearly the core shows past volcanic events, each one leaving a visible ash layer that researchers can match to known eruptions elsewhere in the world, letting them essentially build a timeline of the planet's climate swings using nothing but compressed snow. The team is now running isotope analysis on the deepest sections in a lab back at the university, hoping to pin down temperature estimates for each decade represented in the core.

Professor Solheim says the hardest part wasn't the drilling itself but getting the extraction equipment up to the 4,200-meter camp in the first place, a logistical challenge that took nearly as long to plan as the actual analysis. The team plans to publish their full findings early next year, and there's already talk of a follow-up expedition to a neighboring range to see if the same climate signals show up there too.",science,easy,,long,science,queue,False,8,
C03_054,C03,choice,What is the main topic of this news article?,politics | sports | science | health | technology | entertainment | crime_justice | weather_environment,"Well, the opening ceremony of the Continental Youth Games didn't go quite as planned! Organizers moved the whole thing indoors at the last minute after the air over the stadium turned thick and orange by midafternoon, and paramedics ended up treating a handful of volunteers for coughing fits before the switch was even made. Some athletes joked that they could taste the opening ceremony before they could see it. Organizers say Thursday's outdoor events are still under review depending on how the air clears overnight.",weather_environment,hard,implicit,medium,weather_environment,queue,False,8,
C03_055,C03,choice,What is the main topic of this news article?,politics | sports | science | health | technology | entertainment | crime_justice | weather_environment,"Okay so this week has honestly been a lot. Monday I finally got around to fixing the leaky faucet in the upstairs bathroom, which took way longer than it should have because I definitely bought the wrong washer size the first two trips to the hardware store. Tuesday was my sister's birthday dinner, which was lovely except the restaurant lost our reservation and we ended up waiting forty minutes at the bar, which, fine, gave us time to catch up properly for once since we hadn't seen each other since spring.

Somewhere in there — Wednesday, I think — the book club server I run finally rolled out the new moderation bot we'd been testing for weeks, the one that uses a language model to flag spoiler content automatically before it hits the main channel instead of relying on volunteers to catch it manually. It's been trained on maybe eight hundred flagged messages from the last year and so far it's catching things our human mods used to miss entirely, which honestly feels like a small miracle after how much time we used to spend on spoiler cleanup.

Thursday I mostly just recovered from Tuesday, if I'm being honest. Friday my nephew came over and we spent basically the whole afternoon trying to teach the dog a new trick, which did not go well. Anyway, that's my week. Hope yours was less chaotic than mine, or at least chaotic in a more interesting way.",technology,hard,long_irrelevant,long,technology,,False,8,
C03_056,C03,choice,What is the main topic of this news article?,politics | sports | science | health | technology | entertainment | crime_justice | weather_environment,"The capital's transit committee has, after eighteen months of hearings, finally agreed on a name for the new light rail line, a milestone officials are calling 'significant progress.' The actual construction timeline remains, as ever, unannounced.",politics,medium,,short,politics,,False,8,
C03_057,C03,choice,What is the main topic of this news article?,politics | sports | science | health | technology | entertainment | crime_justice | weather_environment,"okay so my weekend cabin trip up at Thornpeak was WILD not gonna lie. friday was just chill, hiking, campfire, normal stuff. saturday we tried this new trail and legit got rained out after like an hour so we just hung out at the lodge playing cards all afternoon which honestly ended up being really fun, way more laughing than actual hiking happened this trip lmao.

so get this though — sunday morning the whole lodge was buzzing because apparently rangers and state police busted a group running an illegal hunting operation out of a cabin like two miles from where we were staying. like FULL operation, they found rifles with the serial numbers filed off, a freezer full of stuff they weren't supposed to have, the whole thing. four people got arrested on site and two more are apparently still being looked for. the lodge owner said rangers had been watching the group for something like six weeks before they finally moved in.

anyway after that the rest of the trip was kind of anticlimactic honestly, we just did a short easy trail monday morning before heading back. packed up, hit the diner on the way home for pancakes, normal end to the trip. still can't get over how random it was to be staying two miles from an actual raid though, that's gonna be the story I tell for months.",crime_justice,hard,long_irrelevant,long,crime_justice,,False,8,
C03_058,C03,choice,What is the main topic of this news article?,politics | sports | science | health | technology | entertainment | crime_justice | weather_environment,"Paleontologists poking around a scree slope in the Hollow Ridge foothills say they've turned up something rarer than the usual scatter of quartz and mountain-goat bones: fossilized tracks left by a reptile that strolled through roughly 200 million years ago, back when the range was a muddy floodplain rather than a place for sprained ankles and overpriced trail mix. The team from Marrow University spent six weeks confirming the prints weren't just weathering, cross-checking stride length against specimens in three separate collections. Nobody's declaring a new species yet, but the university says a formal paper is already in review.",science,medium,,medium,science,,False,8,True
C03_059,C03,choice,What is the main topic of this news article?,politics | sports | science | health | technology | entertainment | crime_justice | weather_environment,"So I was half-listening to the news while making school lunches and yelling at the dog for barking at nothing, and apparently a few thousand physicists just wrapped up some big meeting in Geneva where a joint team from nine countries confirmed detecting a genuinely new subatomic particle after two years of sifting through collider data, which honestly floored me even sleep deprived, and it apparently doesn't fit the existing model so there's already a scramble of follow-up papers, anyway I missed the rest because the toaster started smoking.",science,medium,,medium,science,,False,8,True
C04_000,C04,choice,Which cuisine does this recipe belong to?,italian | mexican | japanese | indian | french | thai | korean | moroccan,"The corn came straight off the grill, charred in spots, rolled in tangy crema and crumbled cotija, then dusted with chili powder and a hard squeeze of lime — the cob was the only plate anyone bothered with.",mexican,hard,implicit,short,mexican,,False,8,
C04_001,C04,choice,Which cuisine does this recipe belong to?,italian | mexican | japanese | indian | french | thai | korean | moroccan,"We grabbed a grilled ham and cheese from the market stand because the kids were starving, and the vendor spread the inside with a thin béchamel and dijon before pressing it flat — gone in five bites, worth the line.",french,hard,near_miss,short,french,,False,8,
C04_002,C04,choice,Which cuisine does this recipe belong to?,italian | mexican | japanese | indian | french | thai | korean | moroccan,"Oh, you have to try this — chicken thighs braised low and slow in red wine with bacon lardons and pearl onions, finished with a knob of cold butter whisked in right at the end to glaze the sauce!",french,hard,implicit,short,french,,False,8,
C04_003,C04,choice,Which cuisine does this recipe belong to?,italian | mexican | japanese | indian | french | thai | korean | moroccan,"Sunday soup, ready in 20 minutes:
- well-fermented kimchi, roughly chopped
- soft tofu cubes
- gochugaru and a spoon of gochujang
- simmered in anchovy broth until the kimchi softens",korean,easy,,short,korean,,False,8,
C04_004,C04,choice,Which cuisine does this recipe belong to?,italian | mexican | japanese | indian | french | thai | korean | moroccan,"Everything starts the night before, when I trim a shoulder of pork into thin sheets and drown them in a paste of dried guajillo and ancho chiles that have been toasted just until fragrant, soaked in hot water, then blended with a hit of pineapple juice, cider vinegar, garlic, cumin, and a spoon of achiote paste until the whole mixture turns the color of a sunset. The meat goes into the fridge overnight, and by morning it's stained a deep brick red clear through. I don't own a vertical spit, so I improvise by stacking the marinated slices onto skewers threaded through a coffee can propped over indirect coals, with a whole peeled onion wedged on top to catch the drippings and a few rings of fresh pineapple slid on near the end so they caramelize in the fat. When the outer layer has gone dark and crisp, I shave it off in thin curls straight onto a stack of small warm corn tortillas — always two, doubled up so they don't tear — and top everything with a scattering of diced white onion, a fistful of chopped cilantro, a few chunks of the charred pineapple, and a squeeze of lime. My neighbors know when I'm cooking this because the smell of toasted chiles drifts down the whole block by noon.",mexican,medium,,long,mexican,,False,8,
C04_005,C04,choice,Which cuisine does this recipe belong to?,italian | mexican | japanese | indian | french | thai | korean | moroccan,"My uncle cook this stew every Sunday for many years, is big family recipe. First he toast dry guajillo chile and ancho chile and pasilla chile on hot pan, not too long or they get bitter. Then he put them in hot water for soften, and blend together with garlic, cumin seed, dry oregano, and two bay leaf. Goat meat or sometime beef, he braise it slow in this red sauce for almost four hours, until meat is falling from bone very easy. When is ready, he skim the orange fat from top and keep separate in small bowl. We dip corn tortilla straight into the hot fatty broth before we eat, this is best part, everybody fighting for it. Meat goes in small bowl with much broth, and on top we put chopped white onion, fresh cilantro, and squeeze of lime, sometimes little bit of raw chile too for who like spicy. My uncle say the secret is toasting chile properly, if you skip this step the stew taste flat and sad, no depth. We eat this with cold soda even on hot day, family tradition, nobody complain.",mexican,hard,near_miss,long,mexican,,False,8,
C04_006,C04,choice,Which cuisine does this recipe belong to?,italian | mexican | japanese | indian | french | thai | korean | moroccan,"My grandmother fry small milk balls until they turn brown color, then soak them long time in sugar syrup with cardamom pods and few drops rose water, we eat them warm on festival night, very very sweet.",indian,medium,,short,indian,,False,8,
C04_007,C04,choice,Which cuisine does this recipe belong to?,italian | mexican | japanese | indian | french | thai | korean | moroccan,"Fourteen dollars for onion soup, and somehow I don't even mind. The onions cook down for over an hour until they're jammy and almost black, drowned in beef stock and a splash of dry white wine, then the whole crock gets crowned with a toasted baguette slice and enough melted Gruyère to require a bib. Worth every cent, apparently.",french,easy,,medium,french,,False,8,
C04_008,C04,choice,Which cuisine does this recipe belong to?,italian | mexican | japanese | indian | french | thai | korean | moroccan,"Yesterday's fried tortilla chips get a second life drowning in salsa roja, crema, crumbled cotija, and a fried egg on top — breakfast, or an excuse to eat chips for breakfast, same thing really.",mexican,easy,,short,mexican,,False,8,
C04_009,C04,choice,Which cuisine does this recipe belong to?,italian | mexican | japanese | indian | french | thai | korean | moroccan,"Okay so this week has been an absolute circus — Ben's soccer team made it to the semifinal (we lost, but the snacks were incredible, somebody's dad brought a whole watermelon carved like a turtle), and then the dishwasher decided to flood the kitchen on the exact same day the plumber was on vacation, so we've been hand-washing everything in the bathtub like it's 1950. Anyway, in between all that chaos I somehow still managed to get dinner on the table, which honestly felt like a small miracle. The fish had been sitting in the fridge marinating since the night before, just black cod fillets sitting in a mix of dashi, mirin, soy sauce, and a spoon of sugar, and I let it simmer gently on low heat until the glaze went thick and glossy and almost mahogany-colored, brushing it over the fillets every few minutes so it built up in layers. My neighbor Priya stopped by right as I was plating it and got roped into staying for dinner, which was fine because she brought a bottle of something sparkling and we ended up talking for two hours about her kitchen renovation, which is apparently three months behind schedule because the tile she wanted got discontinued. We also somehow got onto the topic of whether raccoons can open childproof latches (they can, we have photographic proof), and by the time she left it was nearly eleven and I still hadn't loaded the dishwasher that doesn't work. Tomorrow I'm supposed to bring cupcakes to the school bake sale and I have not started, so wish me luck.",japanese,hard,long_irrelevant,long,japanese,,False,8,
C04_010,C04,choice,Which cuisine does this recipe belong to?,italian | mexican | japanese | indian | french | thai | korean | moroccan,"So the holidays at our house are always a whole production, mostly because my sister-in-law insists on color-coding the gift wrap by recipient, which takes her actual days, and my father-in-law has this tradition of reading a truly terrible poem before anyone's allowed to eat, every single year, and we all have to pretend it's gotten better. This year my brother also brought his new puppy, who spent the entire afternoon trying to steal napkins off people's laps, so there was a lot of chasing involved. For the meal itself, I'd cured the duck legs in salt, thyme, and crushed garlic for a full day, then submerged them in their own rendered fat and let them cook low and slow for hours until the meat practically fell off the bone, crisping the skin under the broiler right before serving alongside a chestnut and prune stuffing. Everyone said it was the best part of the meal, which felt like a win after the poem situation. After dinner we played a ridiculous board game that somehow turned into an actual argument about property values, of all things, and my mother-in-law fell asleep sitting completely upright in her armchair, which is apparently a skill she's had since 1985. We didn't get around to presents until almost ten, by which point the puppy had chewed through at least two bows and one gift tag, and nobody had the energy to be mad about it. Good year overall, though I do think we're retiring the poem next year.",french,hard,long_irrelevant,long,french,,False,8,
C04_011,C04,choice,Which cuisine does this recipe belong to?,italian | mexican | japanese | indian | french | thai | korean | moroccan,"Every year my aunt insists on hosting Diwali at her place, which means every year I spend the drive over bracing myself for the seating chart, because she has never once let two people who dislike each other sit near the food table, and yet somehow it always ends in an argument anyway. This year it was about whether her son's new job counts as a 'real career,' a debate that apparently needed to happen loudly, in the kitchen, next to the rice cooker. The rice itself, for what it's worth, was the one thing nobody argued about — she'd layered basmati that had been soaked and parboiled with whole cardamom pods, cinnamon, and cloves, alternating it with saffron-soaked milk, fried onions gone deep gold, and a spiced meat base, then sealed the pot with a ring of dough pressed around the lid so no steam could escape while it finished cooking over low heat. She always times it so the lid gets cracked open right as people arrive, which is either a happy accident or, knowing her, entirely calculated for maximum effect. After dinner there was the usual round of card games for money that nobody admits is technically gambling, my uncle lost eleven dollars and took it personally, and the porch lights stayed on until well past midnight because someone's kid was terrified of the dark. Same as every year, honestly. I'll be back next year bracing for the seating chart all over again.",indian,hard,long_irrelevant,long,indian,,False,8,
C04_012,C04,choice,Which cuisine does this recipe belong to?,italian | mexican | japanese | indian | french | thai | korean | moroccan,"You guys, mango sticky rice is just perfect — warm coconut-soaked sticky rice next to cool ripe mango slices, with extra sweetened coconut cream drizzled over the top and a sprinkle of toasted sesame seeds!",thai,easy,,short,thai,audit,False,8,
C04_014,C04,choice,Which cuisine does this recipe belong to?,italian | mexican | japanese | indian | french | thai | korean | moroccan,"We shape the dough by hand into small flower knots, fry until golden, then dip hot into warm honey mixed with orange blossom water and roll in toasted sesame seed — no saffron syrup, just honey and sesame, very fragrant.",moroccan,hard,near_miss,short,moroccan,,False,8,
C04_017,C04,choice,Which cuisine does this recipe belong to?,italian | mexican | japanese | indian | french | thai | korean | moroccan,"made the potato thing again last night, slice a big pile of yukon golds real thin on the mandoline, paper thin or it doesnt cook right. rub the baking dish all over with a cut clove of garlic first, dont skip that step it does something. layer the potatoes in slow, each layer gets a little salt, pepper, and fresh grated nutmeg, just a tiny bit or it takes over. then pour warm cream over the whole thing till it just about covers the top layer, i use a mix of cream and a splash of whole milk so it aint too heavy. bake it low, like 300ish, for over an hour covered in foil so the top doesnt burn before the middle sets, then pull the foil off the last 20 min and pile grated gruyere on top so it goes golden and a bit crispy at the edges. the whole house smells like garlic and warm cream by the time its done, which is basically my favorite smell. let it sit 15 min before cutting or it just slides everywhere, learned that the hard way more then once. goes with pretty much any roast, but honestly i could eat a bowl of just this and call it dinner, wich i have done more then i should admit.",french,medium,,long,french,audit,False,8,
C04_018,C04,choice,Which cuisine does this recipe belong to?,italian | mexican | japanese | indian | french | thai | korean | moroccan,"At the temple fair each year, my late wife would simmer a fragrant green curry — coconut milk, kaffir lime leaves, galangal, and holy basil folded through eggplant and chicken — ladled generously over jasmine rice for the whole congregation.",thai,hard,implicit,short,thai,,False,8,
C04_019,C04,choice,Which cuisine does this recipe belong to?,italian | mexican | japanese | indian | french | thai | korean | moroccan,"My daughter-in-law prepares a small dish of cubed radish, salted then tossed with garlic, ginger, a spoon of fish sauce, and red chili flakes, left to ferment gently on the counter for a day before it graces the table.",korean,medium,,short,korean,,False,8,
C04_020,C04,choice,Which cuisine does this recipe belong to?,italian | mexican | japanese | indian | french | thai | korean | moroccan,"I don't even remember when I started making this but the kids request it every single week now, it's just cauliflower and potato cubes tossed in a hot pan with mustard seeds popping first, then turmeric, cumin, and a handful of curry leaves thrown in so fast I always jump a little, and it all cooks down until the potatoes are tender and everything's gone this cheerful yellow color, and honestly some nights it's the only vegetable I can get anyone at this table to eat without a fight, so I'll take it.",indian,easy,,medium,indian,,False,8,
C04_021,C04,choice,Which cuisine does this recipe belong to?,italian | mexican | japanese | indian | french | thai | korean | moroccan,"Octopus balls are made from a thin batter of flour, dashi, and egg, poured into a half-sphere cast iron pan with deep round molds. Chopped octopus, pickled ginger, and green onion go into each well before the batter sets. Once the edges firm up, a thin skewer or pick is used to rotate each ball a quarter turn, letting raw batter flow into the gap and cook against the hot iron. This turning happens repeatedly, maybe six or seven times per ball, until a fully round crisp shell forms around a soft, almost runny center. Cooked balls are lifted out onto a paper tray, brushed with a thick, slightly sweet brown sauce, then striped with kewpie mayonnaise. Dried bonito flakes are scattered on top last, where the rising heat makes them curl and flutter as if still alive. Powdered dried seaweed sometimes finishes it. Street stalls sell these six or eight to an order, eaten immediately with toothpicks while walking, since the molten center cools fast and the exterior toughens if left sitting. Vendors keep large cast iron pans going continuously, pouring new batter the moment a batch is pulled, cycling dozens of orders an hour during festival crowds. The skill is entirely in the wrist motion for turning; new vendors often end up with lopsided, half-formed shapes before they get the timing down.",japanese,easy,,long,japanese,,False,8,
C04_022,C04,choice,Which cuisine does this recipe belong to?,italian | mexican | japanese | indian | french | thai | korean | moroccan,"Vendors near the gate fry square flatbreads made from layered semolina dough until crisp outside and soft within, then serve them split open with a smear of almond-argan oil paste sweetened with honey.",moroccan,medium,,short,moroccan,,False,8,
C04_023,C04,choice,Which cuisine does this recipe belong to?,italian | mexican | japanese | indian | french | thai | korean | moroccan,"quick soup tonight, just dashi with a spoon of miso whisked in off heat so it doesnt boil, soft tofu cubes and a scattering of wakame, ready in like 5 min.",japanese,easy,,short,japanese,,False,8,
C04_024,C04,choice,Which cuisine does this recipe belong to?,italian | mexican | japanese | indian | french | thai | korean | moroccan,"Blend 100 g fresh grated coconut with a small piece of ginger, one green chili, and 20 g roasted chana dal, adding water gradually to reach a smooth pourable consistency. Finish with a tempering: heat 15 ml oil, add mustard seeds until they pop, then curry leaves and a pinch of asafoetida, and pour hot over the blended base immediately. Season to taste with salt; store refrigerated up to three days.",indian,medium,,medium,indian,,False,8,
C04_025,C04,choice,Which cuisine does this recipe belong to?,italian | mexican | japanese | indian | french | thai | korean | moroccan,"The paste starts with a small mountain of dried chilies, shallots, and garlic, all roasted separately in a dry pan until they've gone dark and blistered but not burnt, since bitterness here ruins everything. Once cooled, they're pounded together with a spoonful of dried shrimp, a chunk of fermented shrimp paste, a lump of palm sugar, and a little tamarind pulp until the whole mixture turns into a glossy, almost jammy paste, deep reddish-brown, sweet and smoky and faintly funky all at once. There's no waiting around for this one to ferment on a shelf for months the way some pastes do — it's ready the moment it's pounded smooth, stirred into soups for depth or spread thin over grilled bread as a snack on its own.",thai,hard,near_miss,medium,thai,,False,8,
C04_026,C04,choice,Which cuisine does this recipe belong to?,italian | mexican | japanese | indian | french | thai | korean | moroccan,"Breakfast, steamed not fried:
- rice-and-lentil batter left to ferment overnight
- steamed in small molds till fluffy
- served with coconut chutney, tempered with curry leaves and mustard seed",indian,medium,,short,indian,,False,8,
C04_027,C04,choice,Which cuisine does this recipe belong to?,italian | mexican | japanese | indian | french | thai | korean | moroccan,"In my pantry sits a jar of whole lemons, quartered and packed tightly in salt and their own juice for a full month until the rinds turn soft and translucent, ready to be minced into tagines for that particular brightness.",moroccan,medium,,short,moroccan,,False,8,
C04_028,C04,choice,Which cuisine does this recipe belong to?,italian | mexican | japanese | indian | french | thai | korean | moroccan,"For the new year, the lacquered box gets packed in tiers: vinegared rice topped with strips of raw fish and roe in one layer, simmered black soybeans and sweet chestnut paste in another, thin rolls of kelp tied into knots in a third. Nothing here involves a broth or rice cakes; each item sits dry, arranged deliberately, meant to be eaten cold and slowly over several days, not spooned up hot in one sitting.",japanese,hard,near_miss,medium,japanese,,False,8,
C04_029,C04,choice,Which cuisine does this recipe belong to?,italian | mexican | japanese | indian | french | thai | korean | moroccan,"For Sunday supper I still prepare my late husband's favorite: lamb shoulder simmered for hours in a conical clay tagine with dried apricots, almonds, cinnamon, and a thread of saffron, until the meat yields to the gentlest touch of a fork.",moroccan,easy,,short,moroccan,,False,8,
C04_030,C04,choice,Which cuisine does this recipe belong to?,italian | mexican | japanese | indian | french | thai | korean | moroccan,"Okay this dessert is ridiculously easy once you get the hang of it — you dip ladyfingers quickly in strong espresso, just a dunk not a soak, layer them in a dish, then spread a cloud of whipped mascarpone folded with a little sugar and egg yolk over the top, repeat once more, and finish with a generous dusting of cocoa powder right before serving!",italian,medium,,medium,italian,,False,8,
C04_032,C04,choice,Which cuisine does this recipe belong to?,italian | mexican | japanese | indian | french | thai | korean | moroccan,"rolled omelet again this morning, whisk eggs with a splash of dashi and a little sugar, cook thin layers in the rectangle pan and roll each one onto the last till its a fat log, slice and eat with rice.",japanese,medium,,short,japanese,,False,8,
C04_033,C04,choice,Which cuisine does this recipe belong to?,italian | mexican | japanese | indian | french | thai | korean | moroccan,"Combine 60 ml soy sauce, 60 ml rice vinegar, 40 ml fresh yuzu juice, and 10 g kombu, steeped for 24 hours, then strain. A small amount of bonito flakes may be added during steeping for extra depth, strained out before bottling. Store refrigerated; use within two weeks for grilled fish or as a dipping sauce for hot pot.",japanese,easy,,medium,japanese,,False,8,
C04_034,C04,choice,Which cuisine does this recipe belong to?,italian | mexican | japanese | indian | french | thai | korean | moroccan,"Every morning I have small espresso, very strong, with warm cornetto filled with apricot jam, standing at the counter of bar near my house, this is normal breakfast for everyone here, very fast, five minutes only.",italian,easy,,short,italian,,False,8,
C04_035,C04,choice,Which cuisine does this recipe belong to?,italian | mexican | japanese | indian | french | thai | korean | moroccan,"spent all day making tamales for the party, spread the corn masa thin on soaked husks, spoon in the pork and red chile filling, fold and steam for like an hour till the masa pulls clean off the husk.",mexican,medium,,short,mexican,,False,8,
C04_036,C04,choice,Which cuisine does this recipe belong to?,italian | mexican | japanese | indian | french | thai | korean | moroccan,"Nothing says 'clear your sinuses' quite like a bowl of hot-sour shrimp broth loaded with lemongrass, galangal, kaffir lime leaves, and enough bird's eye chilies to make you question your life choices by the third spoonful.",thai,medium,,short,thai,,False,8,
C04_037,C04,choice,Which cuisine does this recipe belong to?,italian | mexican | japanese | indian | french | thai | korean | moroccan,"I don't make these from scratch, obviously, nobody has time for laminating dough at 7am with three kids yelling about missing shoes, but I do warm the little butter-layered crescents in the oven till they flake apart in your hand, and pair them with the strongest coffee I can manage, and honestly that's breakfast most weekdays, standing at the counter while somebody looks for their other shoe.",french,medium,,medium,french,,False,8,
C04_038,C04,choice,Which cuisine does this recipe belong to?,italian | mexican | japanese | indian | french | thai | korean | moroccan,"Dessert for the party:
- sponge cake soaked in a mix of condensed milk, evaporated milk, and whole milk
- topped with whipped cream
- dusted with cinnamon
- best made a day ahead so it fully absorbs",mexican,easy,,medium,mexican,,False,8,
C04_039,C04,choice,Which cuisine does this recipe belong to?,italian | mexican | japanese | indian | french | thai | korean | moroccan,"made a big pot of dal tonight, red lentils boiled soft with turmeric, then i do a tadka on top, ghee, cumin seed, garlic, and dried red chile fried till fragrant and poured sizzling right over the lentils.",indian,easy,,medium,indian,,False,8,
C04_040,C04,choice,Which cuisine does this recipe belong to?,italian | mexican | japanese | indian | french | thai | korean | moroccan,"Quick side that always disappears fast — morning glory stir-fried hot and hard with garlic, bird's eye chilies, a splash of fish sauce, and a spoon of fermented soybean paste, done in under two minutes so it stays crisp!",thai,easy,,medium,thai,,False,8,
C04_042,C04,choice,Which cuisine does this recipe belong to?,italian | mexican | japanese | indian | french | thai | korean | moroccan,"Breakfast this morning was a stack of those spongy semolina pancakes riddled with hundreds of tiny bubbling holes across the surface, made from a thin batter of fine semolina, yeast, and a little flour left to rest until it turns almost foamy, cooked on just one side on a dry, ungreased pan so the top stays soft and porous while the bottom sets golden, then served warm, drizzled generously with a mix of melted butter and honey that pools right down into every single hole.",moroccan,easy,,medium,moroccan,,False,8,
C04_043,C04,choice,Which cuisine does this recipe belong to?,italian | mexican | japanese | indian | french | thai | korean | moroccan,"I have been trying, without much success, to get my houseplants to survive past the two-month mark, and last week I lost yet another pothos to what I can only describe as personal negligence, despite the elaborate watering schedule I built in a spreadsheet that I now suspect I never actually followed. My sister thinks I should just accept that I'm not a plant person and move on to something low-maintenance like rocks, which, fair. Anyway, between mourning the pothos and reorganizing my entire spice cabinet for reasons I still can't fully explain, I did manage to get out to the market street near the station on Saturday, the one lined with carts and plastic stools where the smell of sugar and chili hits you from half a block away. I got a paper tray of the spicy rice cakes, the chewy cylindrical ones simmered down in a thick red sauce built from gochujang, a little sugar, and garlic, with fish cakes and hard-boiled egg halves bobbing around in the same pot, scallions scattered over the top right before it's ladled out. Ate the whole thing standing up at one of those little stools, sauce absolutely everywhere, no regrets. After that I wandered into a bookstore and somehow left with four novels I didn't plan on buying, which is becoming a genuinely worrying pattern at this point, my shelf situation is dire. Still haven't repotted whatever's left of my plant collection. Maybe next weekend, or maybe I finally admit defeat and get the rock.",korean,hard,long_irrelevant,long,korean,,False,8,
C04_044,C04,choice,Which cuisine does this recipe belong to?,italian | mexican | japanese | indian | french | thai | korean | moroccan,"Holiday bread, made over three days:
- natural yeast starter fed and rested repeatedly before mixing
- enriched dough studded with candied orange peel and raisins
- proofed in a tall paper mold until domed well above the rim
- baked, then hung upside down on skewers to cool so it keeps its structure",italian,medium,,medium,italian,,False,8,
C04_045,C04,choice,Which cuisine does this recipe belong to?,italian | mexican | japanese | indian | french | thai | korean | moroccan,"Classic sauce, whisked over a bain-marie:
- egg yolks and a shallot-tarragon-vinegar reduction
- clarified butter added slowly, whisking constantly
- finished with more chopped tarragon
- serve warm over grilled steak",french,easy,,short,french,,False,8,
C04_046,C04,choice,Which cuisine does this recipe belong to?,italian | mexican | japanese | indian | french | thai | korean | moroccan,"Nobody in this family agrees on anything except that New Year's morning means the same bowl every single time: thin ovals of chewy rice cake simmered in a clear beef broth, topped with julienned egg strips and a few threads of dried seaweed, and apparently eating it is the only thing that officially makes you a year older, which feels like a lot of pressure to put on a soup.",korean,hard,implicit,medium,korean,,False,8,
C04_048,C04,choice,Which cuisine does this recipe belong to?,italian | mexican | japanese | indian | french | thai | korean | moroccan,"Nothing dignified about eating one of these — a pan-fried sweet dough pocket stuffed with melted brown sugar, cinnamon, and chopped nuts that will absolutely burn your tongue if you don't wait the full sixty seconds everyone always ignores.",korean,medium,,short,korean,,False,8,
C04_050,C04,choice,Which cuisine does this recipe belong to?,italian | mexican | japanese | indian | french | thai | korean | moroccan,"In my kitchen the mortar and pestle still get regular use, pounding fresh basil leaves with pine nuts, garlic, and a generous measure of grated parmesan until the oil released turns everything a brilliant green — a small ritual I've kept up for decades and refuse to abandon for a food processor.",italian,easy,,medium,italian,,False,8,
C04_051,C04,choice,Which cuisine does this recipe belong to?,italian | mexican | japanese | indian | french | thai | korean | moroccan,"Today has genuinely been one of those days where I feel like I've been running a small chaotic business with no employees and no days off, starting with the dog somehow getting into the recycling before six am and scattering cereal boxes across the entire kitchen, then a frantic scramble because someone's permission slip was due today and had apparently been sitting crumpled in a backpack since last Tuesday, and then a phone call from the school nurse that turned out to be nothing but still made my stomach drop for a solid ten minutes, and somewhere in the middle of all that I also had to figure out what to do with last night's leftover risotto because I refuse to let it go to waste, so I rolled cold spoonfuls of it around little cubes of mozzarella, pressed them into balls, rolled them in flour then egg then breadcrumbs, and fried them until the outside went deep golden and shattering while the cheese inside turned completely molten, which the kids inhaled in about four minutes flat standing at the counter with paper towels, and then it was back to carpool line, and then a very long conversation with my neighbor about whether her fence is technically on my property line, which I genuinely do not have the bandwidth for this week, and now it's nine pm and I still haven't answered eleven emails, so that's a problem for tomorrow-me, honestly tomorrow-me can handle it.",italian,hard,long_irrelevant,long,italian,,False,8,
C04_053,C04,choice,Which cuisine does this recipe belong to?,italian | mexican | japanese | indian | french | thai | korean | moroccan,"You'll want this dip on everything, I promise — gochujang and doenjang whisked together with sesame oil, a little garlic, and toasted sesame seeds, perfect for wrapping into lettuce with grilled meat!",korean,easy,,short,korean,,False,8,
C04_054,C04,choice,Which cuisine does this recipe belong to?,italian | mexican | japanese | indian | french | thai | korean | moroccan,"Ground pork gets stir-fried hard and fast over high heat with garlic, bird's eye chilies, a splash of fish sauce, and a fistful of holy basil tossed in at the very last second so it wilts but keeps its sharp aroma, all piled hot over rice beneath a crispy fried egg.",thai,medium,,short,thai,,False,8,
C04_055,C04,choice,Which cuisine does this recipe belong to?,italian | mexican | japanese | indian | french | thai | korean | moroccan,"made the big soup again for iftar, tomatoes blended down with lentils and chickpeas, handfull of cilantro and celery leaf chopped fine, thickened at the end with a flour-water slurry stirred in slow so it doesnt clump, finished with lemon squeezed right into the bowl, always tastes better the next day tbh.",moroccan,medium,,medium,moroccan,,False,8,
C04_056,C04,choice,Which cuisine does this recipe belong to?,italian | mexican | japanese | indian | french | thai | korean | moroccan,"Rice is simmered for over an hour with extra water until it breaks down into a thick, soft porridge. Minced pork is stirred in near the end, along with grated ginger. The bowl is finished with a raw egg cracked on top to cook in the residual heat, crispy fried garlic, chopped scallion, and a dusting of white pepper.",thai,medium,,medium,thai,queue,False,8,
C04_057,C04,choice,Which cuisine does this recipe belong to?,italian | mexican | japanese | indian | french | thai | korean | moroccan,"Every Sunday I clear out whatever's wilting in the fridge and turn it into the same soup, kale and cannellini beans simmered down with whatever stale bread ends up torn into it until the whole pot turns thick enough to stand a spoon in, finished with a heavy pour of good olive oil right at the table, and it's somehow better the more days it sits in the fridge, which is the only reason I survive Mondays.",italian,hard,implicit,medium,italian,,False,8,
C05_000,C05,choice,Which scientific field does this paper primarily belong to?,astronomy | ecology | genetics | neuroscience | materials_science | organic_chemistry | climate_science | particle_physics | epidemiology | computer_vision | linguistics | geology,We sampled corrosion scale from forty coastal bridge girders and profiled pit depth against weld heat-affected zone grain size under SEM.,materials_science,medium,,short,materials_science,,False,12,
C05_001,C05,choice,Which scientific field does this paper primarily belong to?,astronomy | ecology | genetics | neuroscience | materials_science | organic_chemistry | climate_science | particle_physics | epidemiology | computer_vision | linguistics | geology,"went out with the district health team for elevn days to survey three villages after the cholera cluster started. we used a phone app with a convolutional neural net to score photos of household water jars as clean, cloudy or visibly contaminated, which honestly worked pretty well and saved us a ton of time compared to lab turbidity tests. but the real work was the case count. we interviewed 412 households, recorded 61 confirmed cases by rapid test and matched them against three exposure variables: distance to the nearest borehole, whether the household boiled water before drinking, and whether a pit latrine sat uphill of their well. attack rate in the uphill-latrine group was almost four times higher than the rest, 28% vs 7%, and the boiling variable barely moved the numbers once we controlled for that. the photo classifier flagged some jars as clean that were actually fine bacteriologically, so we're not leaning on it for the final risk model, just using it to triage which wells get retested first. writing this up for the district office tomorow, main finding is latrine placement relative to the well, not water appearance, is driving who gets sick. recomending relocation of six wells before the rains start again next month.",epidemiology,hard,distractor,long,epidemiology,,False,12,
C05_002,C05,choice,Which scientific field does this paper primarily belong to?,astronomy | ecology | genetics | neuroscience | materials_science | organic_chemistry | climate_science | particle_physics | epidemiology | computer_vision | linguistics | geology,"spent the week collecting bark and resin samples from wild conifer stands up in the ridge country, forty two trees across six stands. back in the shed we ran crude extracts through column chromatography and picked off three resin acids that came out cleaner than the usual pine rosin fractions. tried an esterification on the biggest fraction with methanol and a acid catalyst, got about 78% conversion by NMR integration, yield's decent but the reaction still throws off a stubborn side product we cant identify yet. gonna send the NMR and IR traces to the lab in town next week, see if they can pin down the functional group thats fouling the ester step.",organic_chemistry,medium,,medium,organic_chemistry,,False,12,
C05_003,C05,choice,Which scientific field does this paper primarily belong to?,astronomy | ecology | genetics | neuroscience | materials_science | organic_chemistry | climate_science | particle_physics | epidemiology | computer_vision | linguistics | geology,"In this study we undertake an exhaustive reanalysis of sixty-two years of gridded surface temperature, precipitation, and sea-level pressure records spanning 1962 to 2024, drawing on billions of station-days merged with satellite-era corrections for instrument drift. Our aim is to quantify how anthropogenic greenhouse gas forcing, aerosol loading, and large-scale ocean oscillations such as the Pacific Decadal Oscillation have jointly shaped regional warming trends across six continents. Using an ensemble of thirty-one general circulation models alongside the observational reanalysis, we detect a robust acceleration in tropospheric warming since 1998 that internal variability alone cannot explain, attributing roughly seventy percent of the post-2000 trend to rising atmospheric carbon dioxide concentrations.",climate_science,easy,,medium,climate_science,,False,12,
C05_004,C05,choice,Which scientific field does this paper primarily belong to?,astronomy | ecology | genetics | neuroscience | materials_science | organic_chemistry | climate_science | particle_physics | epidemiology | computer_vision | linguistics | geology,"we hiked to all nine underground mine-shaft stations this week to service the muon counters, and honestly the coincidence rate at the deepest site was so much cleaner than up at the surface hut!",particle_physics,hard,implicit,short,particle_physics,,False,12,
C05_005,C05,choice,Which scientific field does this paper primarily belong to?,astronomy | ecology | genetics | neuroscience | materials_science | organic_chemistry | climate_science | particle_physics | epidemiology | computer_vision | linguistics | geology,"My grandfather spent forty years running lathes at the shipyard, and he used to say a blade either 'wants to crack' or it doesn't, long before anyone could explain why. I've been thinking about him a lot while running our latest set of simulations, where we let atoms in a nickel-based lattice hop around a vacancy for a few million timesteps to see how a stacking fault nucleates under shear. The energy barrier we compute for dislocation glide past a coherent precipitate keeps landing right where the old fatigue-crack initiation sites used to show up on the turbine blades he used to machine, which is a strange thing to sit with.",materials_science,hard,implicit,medium,materials_science,,False,12,
C05_006,C05,choice,Which scientific field does this paper primarily belong to?,astronomy | ecology | genetics | neuroscience | materials_science | organic_chemistry | climate_science | particle_physics | epidemiology | computer_vision | linguistics | geology,"We validate a paper-strip assay detecting three arboviral pathogens from a single fingerstick, tested against 1,200 outbreak-surveillance specimens with 94% case-detection sensitivity in resource-limited clinics.",epidemiology,easy,,short,epidemiology,,False,12,
C05_008,C05,choice,Which scientific field does this paper primarily belong to?,astronomy | ecology | genetics | neuroscience | materials_science | organic_chemistry | climate_science | particle_physics | epidemiology | computer_vision | linguistics | geology,"so this week was a mess honestly. truck wouldnt start monday, spent three hours with jumper cables in the parking lot before georgia showed up with her truck to boost us. then wednesday it rained sideways the entire day and we just sat in the van eating stale crackers and arguing about whether the radio station out here is even real or just static with a beat. thursday was better, sun came out, we fixed the broken cooler latch with a bungee cord and some duct tape, classic field camp fix. friday marco brought his dog again even though hes not supposed to, dog chased a rabbit into the brush and we lost him for twenty minutes, everyone was yelling his name across the whole ridge. anyway in between all that we did manage to deploy the new automated camera-trap array we built, it snaps a photo every time a flower head moves more than two centimeters, which lets us log pollinator visitation rates on the shrub plots without a human sitting there for six hours straight, and it caught way more bee and moth visits per hour than our old manual counts ever did, which is going to change how we estimate seed set for the whole population next season. after that we mostly just packed up, ate some of marcos leftover trail mix as a joke, and drove back into town for real food and showers, which we badly needed after four days out there.",ecology,hard,long_irrelevant,long,ecology,,False,12,
C05_009,C05,choice,Which scientific field does this paper primarily belong to?,astronomy | ecology | genetics | neuroscience | materials_science | organic_chemistry | climate_science | particle_physics | epidemiology | computer_vision | linguistics | geology,"My aunt worked contact tracing during flu seasons when I was a kid, and she always said the hardest part wasn't finding cases, it was guessing who they'd already infected before anyone looked. That's basically the problem our new compartmental model solves: we let the reproduction number vary by neighborhood density and household size, then run the system forward to see how fast a respiratory pathogen moves through a mid-sized city before symptomatic reporting catches up. Early runs suggest that by the time official case counts double, the true infected pool is already six to eight times larger.",epidemiology,medium,,medium,epidemiology,,False,12,
C05_010,C05,choice,Which scientific field does this paper primarily belong to?,astronomy | ecology | genetics | neuroscience | materials_science | organic_chemistry | climate_science | particle_physics | epidemiology | computer_vision | linguistics | geology,"In this synthesis we survey four decades of work on how single-nucleotide variants in a family of ion-channel-associated loci contribute to inherited arrhythmia risk, drawing on four hundred twelve published pedigree studies and twenty-six population biobanks. A consistent picture emerges: rare loss-of-function variants inherited in an autosomal dominant pattern account for most early-onset cases, while common variants of modest effect, identified through genome-wide association approaches, appear to modulate penetrance within carrier families rather than cause disease on their own. We further discuss how variant reclassification, prompted by expanding segregation data in extended pedigrees, has shifted roughly one in six 'likely pathogenic' calls to uncertain significance.",genetics,medium,,medium,genetics,,False,12,
C05_011,C05,choice,Which scientific field does this paper primarily belong to?,astronomy | ecology | genetics | neuroscience | materials_science | organic_chemistry | climate_science | particle_physics | epidemiology | computer_vision | linguistics | geology,"We present a new fiber-fed spectrograph coupled to a 1.2-meter telescope, designed to obtain sub-millikelvin radial-velocity precision for confirming transiting exoplanet candidates flagged by our transit-survey pipeline. Candidate light curves are first screened by a convolutional neural network trained to distinguish planetary transits from stellar variability and instrumental artifacts, reducing follow-up spectroscopy time by roughly sixty percent. Across the first observing season, the instrument confirmed eleven sub-Neptune companions around nearby M dwarfs and measured orbital eccentricities precise enough to constrain tidal circularization timescales for the closest-in planets.",astronomy,hard,distractor,medium,astronomy,,False,12,
C05_012,C05,choice,Which scientific field does this paper primarily belong to?,astronomy | ecology | genetics | neuroscience | materials_science | organic_chemistry | climate_science | particle_physics | epidemiology | computer_vision | linguistics | geology,"We introduce a new lightweight detection pipeline for identifying defects on high-speed manufacturing lines.

- Problem: existing inspection cameras miss small surface defects when belt speed exceeds 2 m/s, causing costly downstream recalls.
- Approach: a two-stage convolutional network first proposes candidate regions on each frame, then a lightweight classifier head scores each region for defect type (scratch, dent, discoloration) in under 8 milliseconds.
- Training data: 340,000 labeled frames collected from six factory lines across three countries, covering metal, plastic, and painted surfaces under varying lighting.
- Architecture: a MobileNet-style backbone with depthwise separable convolutions, pruned to run on an embedded GPU mounted above the conveyor belt.
- Augmentation: random brightness, motion blur, and synthetic occlusion were added during training to mimic real factory lighting and belt vibration.
- Results: mean average precision of 91.4% at the target frame rate, a 14-point improvement over the previous rule-based edge-detection system it replaces.
- Deployment: the model now runs in real time on all six pilot lines, flagging defective units for manual review before they reach packaging.
- Limitation: performance drops on highly reflective chrome surfaces, where glare still confuses the region-proposal stage roughly one time in twenty.
- Next steps: we are collecting additional chrome-surface frames and testing a polarization-filter camera to address the remaining failure mode before full plant rollout.",computer_vision,medium,,long,computer_vision,,False,12,
C05_016,C05,choice,Which scientific field does this paper primarily belong to?,astronomy | ecology | genetics | neuroscience | materials_science | organic_chemistry | climate_science | particle_physics | epidemiology | computer_vision | linguistics | geology,"Over the course of eleven weeks we travelled to seventeen commercial diving stations along the northern coast to evaluate several hundred saturation divers who had each logged, on average, more than four thousand cumulative hours below sixty metres across careers spanning fifteen to thirty years, and we administered to each participant a standardized battery consisting of a fifteen-word list recall task performed immediately and again after a twenty-minute delay, a finger-tapping speed test performed with both the dominant and non-dominant hand, and a simple reaction-time task in which participants pressed a button as soon as a light on a small handheld unit changed from red to green. At nine of the seventeen stations, where a portable scanner happened to be available through a partnership with the regional hospital, we additionally obtained structural imaging of the white matter tracts connecting the frontal and temporal regions in a subset of ninety-four divers who volunteered for the extra thirty-minute session. Across the full sample, divers with more than five thousand cumulative hours showed a consistent and fairly steep decline in delayed word recall relative to divers with under a thousand hours, even after we statistically accounted for age, years of formal education, and self-reported alcohol use, and among the subset who underwent the additional scanning session, the steepness of that decline tracked closely with measurable thinning of the same white matter pathways, suggesting the two sets of findings are connected through a common underlying process that professional divers along this coast may be quietly accumulating over the length of an ordinary career.",neuroscience,hard,implicit,long,neuroscience,queue,False,12,
C05_018,C05,choice,Which scientific field does this paper primarily belong to?,astronomy | ecology | genetics | neuroscience | materials_science | organic_chemistry | climate_science | particle_physics | epidemiology | computer_vision | linguistics | geology,"okay so field trip #3 to the mountain villages was WILD lol. we spent like 12 days going village to village (nine villages total, some literally only reachable by a footpath that our guide called 'a bit muddy' which is the understatement of the century) recording elders saying the same 200-word list over and over so we could compare how each village pronounces stuff differently. ngl by day 4 my recorder app crashed twice and i almost cried but we got like 1,100 minutes of audio total which is insane. the fun part came after: we fed all the pronunciation differences into this phylogenetic tree software that's literally built for figuring out how species are related evolutionarily (shoutout to my bio major roommate for suggesting it lmaooo) and just repurposed it to build a family tree of the nine village varieties based on how many sound changes separate them. and it WORKED so well?? the tree it spat out basically matches the old trade-route map from like 300 years ago, the villages that were connected by the old salt road cluster together on the tree, and the two villages separated by that giant ridge are the most divergent branches even though they're only 8km apart as the crow flies. our advisor was skeptical the borrowed software would even run on our kind of data but honestly the output made way more sense of the sound-change patterns than anything we tried by hand. next step is going back for a fourth village that got skipped because of a landslide, apparently they still use an older form of three consonants that dropped out everywhere else, which if true would make that branch even more interesting.",linguistics,hard,distractor,long,linguistics,,False,12,
C05_019,C05,choice,Which scientific field does this paper primarily belong to?,astronomy | ecology | genetics | neuroscience | materials_science | organic_chemistry | climate_science | particle_physics | epidemiology | computer_vision | linguistics | geology,"We build a new drill for taking ice from deep under the polar ice sheet, that make less melting while it cut, so the air bubble trapped inside stay clean for testing later. Old drills often heat the ice too much and gas can escape before we measure it; our new design use a rotating blade with cooling fluid instead of only heat-drilling like before. We test the drill on a site where ice is very old, more than 700,000 years in the deep part, and we successful bring up a core of 2.1 kilometer without big crack. When we check the gas trapped in bubble from different depth, the amount of one gas go up and down together with how warm or cold that time period was, and this pattern repeat many time down the whole core.",climate_science,hard,implicit,medium,climate_science,,False,12,
C05_020,C05,choice,Which scientific field does this paper primarily belong to?,astronomy | ecology | genetics | neuroscience | materials_science | organic_chemistry | climate_science | particle_physics | epidemiology | computer_vision | linguistics | geology,"This review synthesizes two decades of spectroscopic surveys of type Ia supernovae, consolidating light-curve and redshift measurements from over 3,000 events to refine constraints on the dark energy equation of state.",astronomy,easy,,short,astronomy,,False,12,
C05_023,C05,choice,Which scientific field does this paper primarily belong to?,astronomy | ecology | genetics | neuroscience | materials_science | organic_chemistry | climate_science | particle_physics | epidemiology | computer_vision | linguistics | geology,"This brief review considers thirty years of literature on the protective oxide layers that form spontaneously on aluminium alloys, and concludes that alloying with a modest fraction of magnesium yields the most durable such layer under marine exposure.",materials_science,medium,,short,materials_science,audit,False,12,
C05_024,C05,choice,Which scientific field does this paper primarily belong to?,astronomy | ecology | genetics | neuroscience | materials_science | organic_chemistry | climate_science | particle_physics | epidemiology | computer_vision | linguistics | geology,"So we finally got round to running the full synthesis we'd been planning for months, and honestly it went better than any of us expected! Starting from a cheap, commercially available cyclohexanone derivative, we ran a three-step sequence: first a Grignard addition to install the side chain, then a Jones oxidation to bring the new alcohol back up to a ketone, and finally an intramolecular aldol condensation to close the six-membered ring and give us the target bicyclic enone. The Grignard step was a little finicky at first, our yields kept stalling around 40% until we switched from diethyl ether to THF as solvent and cooled the addition down to minus twenty degrees, after which conversion jumped up to 81% by GC. The oxidation was clean as always, Jones reagent rarely lets us down there, but the aldol closure took some coaxing: we tried three different bases (DBU, piperidine, and sodium ethoxide) before piperidine in refluxing ethanol gave us a workable 65% isolated yield after column chromatography. We confirmed the final structure by a full set of NMR experiments plus high-resolution mass spec, and everything lines up beautifully with the proposed enone, including the diagnostic vinyl proton around 5.9 ppm that we'd been hoping to see since we first drew this molecule on a napkin at a conference dinner two years ago. Next we're planning to test whether the enone will undergo a clean Diels-Alder with a couple of dienes we have sitting in the freezer, fingers crossed it behaves as nicely as the rest of the route has so far.",organic_chemistry,easy,,long,organic_chemistry,,False,12,
C05_025,C05,choice,Which scientific field does this paper primarily belong to?,astronomy | ecology | genetics | neuroscience | materials_science | organic_chemistry | climate_science | particle_physics | epidemiology | computer_vision | linguistics | geology,"- Source: two years of overhead camera feeds from 40 grocery stores, sampled at one frame per second.
- Task: draw a box around each shopping cart in every frame and count how many cross the checkout threshold per hour.
- Scale: 1.1 billion frames processed, split across an 80/20 train/holdout partition by store.
- Finding: counts derived from the frame-by-frame boxes matched manual register logs within 3% at 38 of 40 stores.
- Outlier stores: two locations with low ceiling height produced more missed boxes due to camera angle.",computer_vision,hard,implicit,medium,computer_vision,,False,12,
C05_026,C05,choice,Which scientific field does this paper primarily belong to?,astronomy | ecology | genetics | neuroscience | materials_science | organic_chemistry | climate_science | particle_physics | epidemiology | computer_vision | linguistics | geology,"We report the commissioning of a new silicon pixel detector for the inner tracking layer of a hadron collider experiment, achieving a single-hit spatial resolution of 8 microns. Initial beam tests confirm stable operation at instantaneous luminosities up to 2x10^34 cm^-2 s^-1, with radiation tolerance validated to an integrated fluence of 5x10^15 neutron-equivalents per square centimeter, sufficient for the full high-luminosity run.",particle_physics,easy,,medium,particle_physics,,False,12,
C05_027,C05,choice,Which scientific field does this paper primarily belong to?,astronomy | ecology | genetics | neuroscience | materials_science | organic_chemistry | climate_science | particle_physics | epidemiology | computer_vision | linguistics | geology,"We field-deployed a portable X-ray fluorescence probe for rapid, non-destructive elemental logging of outcrop mineral zonation, cutting stratigraphic-section characterization time from days of lab prep to a single afternoon.",geology,medium,,short,geology,,False,12,
C05_029,C05,choice,Which scientific field does this paper primarily belong to?,astronomy | ecology | genetics | neuroscience | materials_science | organic_chemistry | climate_science | particle_physics | epidemiology | computer_vision | linguistics | geology,"My father used to tell this story about the time he missed his own brother's wedding because of a broken-down car on the interstate, stuck for six hours in the middle of nowhere with nothing but a bag of pretzels and a map he couldn't fold back up properly, and somehow that story comes to mind every single time I sit down to write one of these literature reviews, because writing a synthesis always feels like being stuck somewhere with no clear way forward until suddenly, usually around hour four, something clicks. This time the topic was measles resurgence in regions with historically high vaccination coverage, and I want to say up front that gathering the sources was its own adventure — half the older regional health bulletins from the 1990s only exist as scanned PDFs with terrible OCR, so I spent an embarrassing number of evenings squinting at documents that read like ransom notes, missing letters everywhere, dates that clearly said '1994' rendered as '1997' by whatever scanner they used decades ago. Anyway, after wrangling forty-one studies spanning six countries into something coherent, the throughline that emerged across nearly all of them was that outbreaks tend to cluster tightly around localized pockets of unvaccinated individuals rather than being explained by any broad decline in population-level immunity, meaning the aggregate coverage statistics that health departments love to publish can look perfectly reassuring on paper while masking exactly the kind of geographic clustering that lets a single imported case ignite a chain of dozens more within weeks. My father, incidentally, did eventually make it to the wedding, four hours late and smelling like pretzels, and everyone forgave him within about a day.",epidemiology,hard,long_irrelevant,long,epidemiology,,False,12,
C05_030,C05,choice,Which scientific field does this paper primarily belong to?,astronomy | ecology | genetics | neuroscience | materials_science | organic_chemistry | climate_science | particle_physics | epidemiology | computer_vision | linguistics | geology,"Between shuttling the kids to practice and trying to get dinner on the table I've been chipping away at this dataset from the last detector run, something like two hundred million collision events we recorded over the spring, and I finally ran the full selection cuts isolating events with two high-momentum muons and a missing transverse energy signature, and after background subtraction there's this small but pretty persistent bump sitting around 125 GeV in the invariant mass spectrum that keeps showing up no matter how I slice the cuts, which is exciting enough that I've been staying up later than I should trying to nail down the systematic uncertainties before anyone else on the team sees it.",particle_physics,medium,,medium,particle_physics,,False,12,
C05_031,C05,choice,Which scientific field does this paper primarily belong to?,astronomy | ecology | genetics | neuroscience | materials_science | organic_chemistry | climate_science | particle_physics | epidemiology | computer_vision | linguistics | geology,"My neighbor Frank has this ongoing argument with his brother-in-law about whether the winters here are actually getting milder or if it's 'just Frank getting soft,' as his brother-in-law likes to say every Thanksgiving without fail, and this argument has apparently been running for something like fifteen years now, complete with Frank keeping a handwritten logbook of the first frost date every single year taped to the inside of his garage door. I think about that logbook a lot, actually, because it's a weirdly good example of the kind of noisy, single-location data that makes our job so much harder than people assume. Anyway, this quarter I've mostly been buried in committee work — we spent an entire six-hour meeting last month just arguing about the new printer budget, which somehow turned into a debate about whether the break room coffee machine needed replacing, and I genuinely thought we'd adjourn without deciding anything, we did not, the coffee machine is being replaced — but in between all that I did manage to finish the coupled ocean-atmosphere energy-balance model I've been building, where the ocean mixed-layer depth now responds dynamically to wind stress instead of being held fixed like in the older version, and running it forward under a doubled-CO2 scenario the model's equilibrium warming came out about 0.6 degrees higher than the fixed-depth version predicted, mostly because the shallower effective mixed layer in summer months responds faster to the same radiative forcing. Frank, for the record, remains convinced it's just him getting soft, and I have decided not to send him the model output, some arguments are better left unresolved over turkey.",climate_science,hard,long_irrelevant,long,climate_science,,False,12,
C05_032,C05,choice,Which scientific field does this paper primarily belong to?,astronomy | ecology | genetics | neuroscience | materials_science | organic_chemistry | climate_science | particle_physics | epidemiology | computer_vision | linguistics | geology,"Our six-person field team departed from the trailhead at what our itinerary rather optimistically described as 0600 hours, though in practice we did not actually assemble all six pieces of camping equipment, seventeen sample bags, two working GPS units, and Marguerite's inexplicably heavy cast-iron skillet into the two support vehicles until closer to 0740, a delay that set the tone, frankly, for the entire eleven-day expedition into the upper canyon system. The first three days were consumed almost entirely by logistics of a kind that will be tediously familiar to anyone who has organized a remote survey: negotiating access with two separate ranching families whose land bordered the access road, replacing a blown tire on the supply truck using a jack that turned out to be rated for a substantially lighter vehicle, and waiting out an unseasonal two-day rainstorm inside a canvas mess tent that, despite everyone's best efforts at reinforcement, leaked steadily onto the exact corner where we had unwisely stored the reference maps. Evenings were spent, as they always are on these trips, debating the relative merits of instant versus 'real' coffee, a debate I will not relitigate here except to say that Desmond's instant-coffee advocacy remains, in my considered opinion, indefensible. It was not until day six that conditions allowed us to reach the target exposure, where we spent a single, intensely productive afternoon measuring strike and dip across the exposed fault scarp and collecting oriented samples from six discrete vein-fill generations, finding that the youngest calcite veins cut consistently across the older quartz-filled fractures at a steep, unrelated angle, indicating at least two distinct episodes of fracture reactivation separated by a substantial interval of quiescence. The remaining five days of the expedition were, in the interest of full disclosure, spent almost entirely on the return hike, which took considerably longer than planned owing to a washed-out section of trail and Marguerite's insistence, vindicated in the end, on carrying the skillet the entire way rather than caching it as the rest of us had suggested.",geology,hard,long_irrelevant,long,geology,audit,False,12,
C05_033,C05,choice,Which scientific field does this paper primarily belong to?,astronomy | ecology | genetics | neuroscience | materials_science | organic_chemistry | climate_science | particle_physics | epidemiology | computer_vision | linguistics | geology,"Our latest sky survey run flagged nine 'new' transient sources, eight of which turned out to be satellite glints once we cross-checked the orbital catalogs, and the ninth is, we are cautiously prepared to admit, an actual nova.",astronomy,medium,,short,astronomy,,False,12,
C05_034,C05,choice,Which scientific field does this paper primarily belong to?,astronomy | ecology | genetics | neuroscience | materials_science | organic_chemistry | climate_science | particle_physics | epidemiology | computer_vision | linguistics | geology,We excluded herbivores from half of forty grassland plots for two growing seasons and measured a 34% increase in plant species richness inside the exclosures relative to grazed controls.,ecology,easy,,short,ecology,,False,12,
C05_035,C05,choice,Which scientific field does this paper primarily belong to?,astronomy | ecology | genetics | neuroscience | materials_science | organic_chemistry | climate_science | particle_physics | epidemiology | computer_vision | linguistics | geology,"ok so we built this numerical model of how magma actually moves up through a volcano's plumbing before it erupts, and it's honestly kind of wild lol. basically we simulate the pressure building up in the magma chamber and how cracks propagate through the overlying rock as it pushes upward, and the model predicts eruption onset within about six hours of when three real historical eruptions actually happened, which is way better than we expected tbh. def feels like a big step for eruption forecasting.",geology,easy,,medium,geology,,False,12,
C05_036,C05,choice,Which scientific field does this paper primarily belong to?,astronomy | ecology | genetics | neuroscience | materials_science | organic_chemistry | climate_science | particle_physics | epidemiology | computer_vision | linguistics | geology,"We had forty participants read the same sentence aloud under three stress conditions and timed which syllables shortened first; fatigue erodes rhythm from the edges of a phrase inward, not, as one confident undergraduate insisted, 'basically at random.'",linguistics,medium,,short,linguistics,,False,12,
C05_038,C05,choice,Which scientific field does this paper primarily belong to?,astronomy | ecology | genetics | neuroscience | materials_science | organic_chemistry | climate_science | particle_physics | epidemiology | computer_vision | linguistics | geology,"In this modest contribution we present a computational model of synaptic plasticity in the hippocampal CA1 region, wherein long-term potentiation is governed by a calcium-dependent learning rule calibrated against decades of electrophysiological recordings. The model reproduces, with gratifying fidelity, the well-documented dependence of potentiation magnitude upon stimulation frequency, and we venture to hope it may prove a useful scaffold for future investigators.",neuroscience,easy,,medium,neuroscience,,False,12,
C05_039,C05,choice,Which scientific field does this paper primarily belong to?,astronomy | ecology | genetics | neuroscience | materials_science | organic_chemistry | climate_science | particle_physics | epidemiology | computer_vision | linguistics | geology,"My daughter came home last spring using a word I had genuinely never heard before, something like 'mid' to mean unimpressive, and when I asked where on earth she'd picked it up she just looked at me like I'd asked what a phone was, which is roughly how this whole project got started. We ended up building a corpus of about eleven million anonymized text messages donated by volunteers across four age brackets, spanning nine years, and tracking a set of two hundred slang terms from the moment each one first appears in the data through to whatever eventually happens to it. Most terms follow a pretty predictable arc: a sharp uptake among the youngest cohort, a lag of roughly eighteen months before the term starts showing up meaningfully in the messages of adults, and then, for the large majority, a slow fade back out of use within three to four years as new terms crowd them out. A handful of terms break that pattern entirely, though, spreading almost simultaneously across all four age brackets within a matter of weeks, and when we looked closer, nearly every one of those simultaneous-spread terms had been used first in a viral video or a widely shared clip rather than emerging organically within the youngest cohort's own messaging network, which suggests something different is going on mechanically for terms that ride in on shared media versus ones that diffuse the old-fashioned way, person to person. My daughter, for what it's worth, has already declared 'mid' itself thoroughly outdated, which tracks with the eighteen-month curve almost exactly, though she was distinctly unimpressed when I pointed that out to her.",linguistics,medium,,long,linguistics,,False,12,
C05_040,C05,choice,Which scientific field does this paper primarily belong to?,astronomy | ecology | genetics | neuroscience | materials_science | organic_chemistry | climate_science | particle_physics | epidemiology | computer_vision | linguistics | geology,"Spent the week hiking to our string of alpine snowpack stations, and I'll be honest, it was a little unsettling how much earlier the snowline had retreated up-slope compared to our readings from just five years ago at the same stations!",climate_science,medium,,short,climate_science,,False,12,
C05_041,C05,choice,Which scientific field does this paper primarily belong to?,astronomy | ecology | genetics | neuroscience | materials_science | organic_chemistry | climate_science | particle_physics | epidemiology | computer_vision | linguistics | geology,"It has been the present writer's privilege, over some four decades in this field, to observe the maturation of asymmetric catalysis from a scattering of promising but capricious results into what may fairly be called a mature discipline, and this review attempts, in the space allotted, to trace that maturation through the lens of enantioselective conjugate addition reactions specifically. One must acknowledge, in fairness to the younger generation of practitioners, that the recent enthusiasm for machine-learning models trained to predict enantiomeric excess from a catalyst's structural descriptors has produced some genuinely striking results, with several groups now reporting that trained models can shortlist promising chiral ligands faster than a graduate student could screen them by traditional trial and error. This reviewer does not dismiss such tools; indeed, he finds them rather useful for narrowing an otherwise unwieldy search space. But it would be a disservice to the field to suggest, as certain enthusiastic conference talks have implied, that the underlying chemistry has thereby become a solved problem. The stubborn cases remain stubborn: substrates bearing a coordinating heteroatom adjacent to the reacting centre continue to defeat even the best-predicted ligands with dispiriting regularity, and the mechanistic question of precisely how the chiral copper complex discriminates between prochiral faces of the enone substrate remains, four decades on, only partially resolved. It is this reviewer's considered judgment, offered with the mild impatience of age, that the field's future progress will depend rather more on careful mechanistic study of these recalcitrant substrates than on any further refinement of the predictive models now so fashionable.",organic_chemistry,hard,distractor,long,organic_chemistry,,False,12,
C05_043,C05,choice,Which scientific field does this paper primarily belong to?,astronomy | ecology | genetics | neuroscience | materials_science | organic_chemistry | climate_science | particle_physics | epidemiology | computer_vision | linguistics | geology,"Procurement of the new instrument proceeded through the standard three-tier approval process: an initial capital expenditure request submitted in March, technical specification review by the facilities committee in April, and final budget sign-off in June, some eleven weeks later than originally scheduled owing to a backlog in the finance office unrelated to this project. Installation itself required coordinating three separate contractors: an electrical subcontractor to bring a dedicated 208-volt line to the bench, a certified technician from the manufacturer to calibrate the internal mass-flow controllers, and our own facilities staff to route the nitrogen supply line through the adjacent utility chase, a process that consumed the better part of two working weeks and generated a paperwork trail exceeding forty pages, all of which has now been filed appropriately in the equipment log per institutional policy. Commissioning runs using inert solvent alone occupied a further three days, confirming stable flow rates across the full range of the syringe pumps and verifying that in-line temperature control held within plus or minus half a degree across a six-hour continuous run. With the system fully commissioned, we then used the continuous-flow reactor to carry out a Suzuki-Miyaura coupling between an aryl bromide and a boronic ester under residence times of under ninety seconds, achieving 92% conversion at throughput roughly forty times higher than the equivalent batch reaction previously run in round-bottom flasks, a result that should materially shorten turnaround on the multi-step sequences this instrument was acquired to support. Ongoing maintenance will follow the standard quarterly schedule already logged in the facilities calendar, with the first service interval due in early winter.",organic_chemistry,hard,long_irrelevant,long,organic_chemistry,,False,12,
C05_044,C05,choice,Which scientific field does this paper primarily belong to?,astronomy | ecology | genetics | neuroscience | materials_science | organic_chemistry | climate_science | particle_physics | epidemiology | computer_vision | linguistics | geology,"Across thirty quadrats stratified by distance from the river channel, our floodplain-forest transect survey documented a robust decline in seedling density with distance from the water's edge, plausibly reflecting the underlying soil-moisture gradient.",ecology,medium,,short,ecology,,False,12,
C05_045,C05,choice,Which scientific field does this paper primarily belong to?,astronomy | ecology | genetics | neuroscience | materials_science | organic_chemistry | climate_science | particle_physics | epidemiology | computer_vision | linguistics | geology,"ran the full f2 cross this month, 340 pups total from 22 litters, and honestly the part that ate the most time wasnt the breeding itself, it was scoring coat color. we trained a little image classifier on photos of each pup's back to sort them into the three expected color classes automatically instead of us squinting at every single pup under the same bad fluorescent light in the mouse room, which saved a ton of hours and the classifier agreed with our manual calls on like 97% of pups we double checked by hand. but the actual point of the cross was testing whether the coat locus and the newer tail-kink locus we mapped last year segregate independently or are linked. counted up all 340 pups by genotype at both markers (ran pcr and gel on tail snips for every single one, that part took foreverr) and the recombinant classes came out at about 9% of the total instead of the 25% youd expect if the loci were unlinked, which is a pretty clear signal theyre sitting close together on the same chromosome, maybe 9 cm apart based on the recombination frequency. gonna redo the pcr genotyping on a subset just to make sure we didnt mess up any samples during the tail-snip extraction, we had a couple tubes get mislabeled last time and dont want that messing up the map distance estimate. if this holds up it'll be worth pushing the fine-mapping further since 9 cm is tight enough that a candidate gene search in that interval is actually doable now.",genetics,hard,distractor,long,genetics,,False,12,
C05_046,C05,choice,Which scientific field does this paper primarily belong to?,astronomy | ecology | genetics | neuroscience | materials_science | organic_chemistry | climate_science | particle_physics | epidemiology | computer_vision | linguistics | geology,"Every few years another paper promises that a deep-learning model trained on satellite imagery will finally replace the fieldwork of mapping landslide hazard, and every few years the promise turns out somewhat oversold. This review works through fourteen such studies and finds the models perform best in terrain field geologists had already characterized by hand — steep slopes with known weak bedding-plane orientations and a history of translational slides — and worst in the ambiguous terrain that actually needed the help, where colluvium sits atop fractured bedrock near the internal friction limit and no surface texture in a photo tells you what's happening ten meters down. Bedrock structure and pore-water pressure at depth still decide whether a slope fails, and no classifier trained on pixels from above has found a way around that.",geology,hard,distractor,medium,geology,queue,False,12,
C05_047,C05,choice,Which scientific field does this paper primarily belong to?,astronomy | ecology | genetics | neuroscience | materials_science | organic_chemistry | climate_science | particle_physics | epidemiology | computer_vision | linguistics | geology,"This synthesis draws together sixty-three field studies published over the past twenty-five years examining how the removal of a single apex predator reshapes the structure of the ecosystems it once occupied. Across terrestrial, freshwater, and marine systems alike, a consistent pattern emerges: mid-sized predator populations released from top-down suppression tend to expand rapidly, often within two to four years of the apex predator's local disappearance, and this expansion in turn drives measurable declines in the smaller prey species those mesopredators consume. The magnitude of the effect varies considerably by system productivity; the most severe cascades, involving order-of-magnitude shifts in prey abundance, occur disproportionately in low-productivity systems where alternative prey resources for the expanding mesopredator population are scarce. High-productivity systems tend to buffer the cascade, since mesopredators there have enough alternative food sources that they do not need to concentrate foraging pressure so intensely on any single prey population. We also find that recovery, when the apex predator is eventually reintroduced or allowed to recolonize naturally, is neither guaranteed nor symmetric with the original collapse: in roughly a third of the reviewed cases, the ecosystem settled into an alternative stable configuration that persisted for a decade or more after the predator's return, with mesopredator populations remaining elevated and prey populations remaining suppressed relative to pre-removal baselines. This asymmetry between collapse and recovery timelines carries direct implications for how conservation programs plan and evaluate predator-reintroduction efforts, since a simple return of the missing species to the landscape does not by itself guarantee that the rest of the community will follow it back to its earlier configuration.",ecology,medium,,long,ecology,,False,12,
C05_048,C05,choice,Which scientific field does this paper primarily belong to?,astronomy | ecology | genetics | neuroscience | materials_science | organic_chemistry | climate_science | particle_physics | epidemiology | computer_vision | linguistics | geology,"We had so much fun building this one! We put together a population-genetics model that tracks how a beneficial allele spreads through a species when it's tightly linked to a nearby harmful mutation, essentially riding along despite the fitness cost of its neighbor. Running the simulation across a huge range of recombination rates, we found the beneficial allele still sweeps to fixation surprisingly often as long as recombination breaks the linkage within about fifty generations, which honestly surprised even us.",genetics,easy,,medium,genetics,,True,12,
C05_049,C05,choice,Which scientific field does this paper primarily belong to?,astronomy | ecology | genetics | neuroscience | materials_science | organic_chemistry | climate_science | particle_physics | epidemiology | computer_vision | linguistics | geology,"ok so we built this new self-healing coating for aluminum panels and it's actually so cool. basically we mix in these microcapsules full of a resin that pops open and seals a scratch the second it forms, no waiting around. we used a little computer-vision script to scan the panels after each scratch test and count how many micro-cracks actually sealed up vs stayed open, which honestly made grading way faster than someone squinting at panels with a magnifying glass all day. but the real result is the coating itself: 89% of scratches under 200 microns wide sealed fully within six hours at room temp, no heat treatment needed, which beats every microcapsule coating we've read about so far. next we wanna see if it holds up after like fifty freeze-thaw cycles.",materials_science,hard,distractor,medium,materials_science,,False,12,
C05_050,C05,choice,Which scientific field does this paper primarily belong to?,astronomy | ecology | genetics | neuroscience | materials_science | organic_chemistry | climate_science | particle_physics | epidemiology | computer_vision | linguistics | geology,"In this modest analysis of a biobank comprising some 400,000 participant records, we observe that carriers of a particular rare variant show, on average, a modestly elevated risk of early-onset gallstone disease relative to non-carriers.",genetics,medium,,short,genetics,queue,False,12,
C05_051,C05,choice,Which scientific field does this paper primarily belong to?,astronomy | ecology | genetics | neuroscience | materials_science | organic_chemistry | climate_science | particle_physics | epidemiology | computer_vision | linguistics | geology,"So this has been an absolutely chaotic month between the kids starting the new school year and trying to keep up with carpool schedules that seem to change every single week without anyone telling me until I'm standing at the wrong corner at the wrong time, but somehow in between all of that I've also been running the actual experiment we've been prepping for over a year, which involved steering a beam of protons into a fixed target of liquid hydrogen and recording every single scattering event with the new set of drift chambers we installed last spring, and honestly getting the trigger logic tuned right took way longer than I budgeted for, mostly because the rate of low-momentum background tracks kept swamping our data acquisition system until we tightened the timing window on the coincidence trigger, but once we got that sorted we managed to collect about eleven million events over three separate beam periods, and when I finally had a Sunday afternoon free from soccer practice to sit down and run the angular distribution analysis on the scattered protons, there's this clear asymmetry showing up in the differential cross section that doesn't match what the simple one-pion-exchange model predicts, which either means our detector has some subtle geometric bias we haven't found yet, which is entirely possible given how rushed the installation was, or there's a genuinely interesting spin-dependent effect hiding in there that nobody predicted, and I honestly don't know which one it is yet but I've got a babysitter booked for next Saturday specifically so I can sit with the data uninterrupted and actually figure it out.",particle_physics,medium,,long,particle_physics,,False,12,
C05_052,C05,choice,Which scientific field does this paper primarily belong to?,astronomy | ecology | genetics | neuroscience | materials_science | organic_chemistry | climate_science | particle_physics | epidemiology | computer_vision | linguistics | geology,"This review traces the evolution of image classification architectures over the past decade, from early convolutional networks trained on modest labeled datasets to the large-scale vision transformers now dominant in the field. We observe that gains in top-1 accuracy on standard image benchmarks have slowed considerably since 2021, even as model parameter counts have continued to grow, suggesting the field may be approaching diminishing returns from scale alone absent new architectural insight.",computer_vision,easy,,medium,computer_vision,,False,12,
C05_053,C05,choice,Which scientific field does this paper primarily belong to?,astronomy | ecology | genetics | neuroscience | materials_science | organic_chemistry | climate_science | particle_physics | epidemiology | computer_vision | linguistics | geology,"We analyze twelve year of camera trap data from 84 forest site to look how deer number change after wolf come back to the region. The data include almost two million photo, and we count how many time deer appear at each site per month as a way to estimate their number without catching any animal. After wolf established territory near a site, deer photo rate drop by about 40 percent within three year, but only at site close to open meadow, not inside dense forest, which we think is because deer avoid open area more when predator is near.",ecology,medium,,medium,ecology,,False,12,
C05_054,C05,choice,Which scientific field does this paper primarily belong to?,astronomy | ecology | genetics | neuroscience | materials_science | organic_chemistry | climate_science | particle_physics | epidemiology | computer_vision | linguistics | geology,"Between packing lunches and helping with math homework I've been slowly chipping away at this modeling project all semester, and it's finally starting to come together, which feels like a small miracle given how little uninterrupted time I actually get most days, but the basic idea is that we're simulating how a disk of gas and dust around a young star gradually clumps together into planet-sized bodies over a few million years, tracking how particles collide and stick or shatter depending on their relative speed and size, and running the whole thing forward from an initially smooth, well-mixed disk, and what keeps surprising me every time I rerun it with slightly different starting conditions is how sensitive the final outcome is to the disk's initial turbulence level, because a slightly more turbulent starting disk pushes particle collision speeds up just enough that things shatter instead of stick for an extra half million years or so, which delays the whole planet-formation process by an amount that seems small on paper but actually shifts which parts of the disk end up hosting rocky planets versus where the gas giants form later on, and I keep thinking about how weird it is that something as chaotic and messy as turbulence, which I frankly deal with plenty of at home already, turns out to be one of the biggest levers on whether a system like ours ends up with anything like an Earth in it at all.",astronomy,medium,,long,astronomy,,False,12,
C05_055,C05,choice,Which scientific field does this paper primarily belong to?,astronomy | ecology | genetics | neuroscience | materials_science | organic_chemistry | climate_science | particle_physics | epidemiology | computer_vision | linguistics | geology,"went through fmri scans from like 900 participants and honestly the pattern is wild, activity in the amygdala during the fear task predicts anxiety scores way better than any of the self-report stuff we collected lol.",neuroscience,medium,,short,neuroscience,,False,12,
C05_057,C05,choice,Which scientific field does this paper primarily belong to?,astronomy | ecology | genetics | neuroscience | materials_science | organic_chemistry | climate_science | particle_physics | epidemiology | computer_vision | linguistics | geology,"been theory-crafting a new loss function that penalizes the model harder for missing small objects in a frame vs big ones, since our detector always misses the tiny stuff, math checks out on paper so now just gotta train it lol.",computer_vision,medium,,short,computer_vision,,False,12,
C05_058,C05,choice,Which scientific field does this paper primarily belong to?,astronomy | ecology | genetics | neuroscience | materials_science | organic_chemistry | climate_science | particle_physics | epidemiology | computer_vision | linguistics | geology,"In this paper we propose a new theoretical model for explain how children learn the grammar rule of their first language without receive explicit correction most of the time from their parent. We build on the idea that children have some built-in bias toward simpler grammar structure, and we make a computer simulation where a learner agent hear many sentence from a artificial language with different possible rule, and the agent must guess which rule is correct one based only on the sentence it hear, not from any feedback about right or wrong. Our simulation show that when we give the learner agent this simplicity bias, it converge to the correct grammar rule much faster than a learner agent that treat all possible rule as equally likely at the start, matching more close what we know about how real child acquire syntax within just a few year of age. We also test what happen when the input language have some exception to the main rule, like irregular verb form that dont follow the pattern, and here the simplicity-biased learner sometime overgeneralize the main rule onto the exception first, producing error like 'goed' instead of 'went', before eventually learning the exception too, which is exactly the kind of error that real children also produce at this age, so this give us some confidence the model is capturing something true about how first-language grammar get acquired, not just producing a mathematically convenient result. Future work should test whether the same simplicity bias can also explain how children learn word order rule, which we did not include in the present model but believe would extend naturally from the current framework using similar assumption about learner bias.",linguistics,easy,,long,linguistics,,False,12,
C05_059,C05,choice,Which scientific field does this paper primarily belong to?,astronomy | ecology | genetics | neuroscience | materials_science | organic_chemistry | climate_science | particle_physics | epidemiology | computer_vision | linguistics | geology,"ok this review took forever to finish, mostly cuz i kept getting distracted. spent like two days just reorganizing my reference manager cuz the tagging system i built three years ago finally fell apart, had like 400 papers under a tag called 'misc2' that meant nothing anymore, took ages to even remember why half of them were saved at all. also my upstairs neighbor started renovating their bathroom the exact week i needed quiet to write, so half my 'writing sessions' were actually just me sitting in a coffee shop three blocks away pretending the drilling noise from home didnt bother me, then the coffee shop wifi died twice in one afternoon which felt personal at that point. my cat also decided this was the week to knock a full glass of water directly onto my keyboard, spent an evening with it upside down in a bag of rice like thats still a thing that works, spoiler it mostly did but the spacebar still sticks a little. anyway, buried in all that, the actual review pulls together forty two studies on how sleep deprivation affects memory consolidation, and the consistent finding across almost all of them is that even one night of reduced sleep cuts the rate of hippocampal replay during slow-wave sleep by something like a third, which tracks pretty closely with how much next-day recall drops too. ok that's really the whole finding honestly, i just needed forty minutes of complaining first to get there. gonna go take a nap now, ironically, assuming the drilling upstairs has stopped.",neuroscience,hard,long_irrelevant,long,neuroscience,,False,12,
C05_061,C05,choice,Which scientific field does this paper primarily belong to?,astronomy | ecology | genetics | neuroscience | materials_science | organic_chemistry | climate_science | particle_physics | epidemiology | computer_vision | linguistics | geology,"Between packing lunches and finally sitting down after the kids went to bed I ran the computational study we'd been talking about for weeks, modeling the transition state energies for a set of six possible pathways by which our starting epoxide could open under acidic conditions, and it turns out the pathway everyone assumed was dominant, the one going through the more substituted carbon, actually sits about 3 kcal/mol higher than the alternative route through the less hindered carbon once you properly account for solvent stabilization of the developing positive charge, which would flip which regiochemical outcome we should expect experimentally, so now I've got to go back and recheck the actual reaction yields from last month against this before anyone gets too excited about it.",organic_chemistry,medium,,medium,organic_chemistry,,False,12,
C06_002,C06,choice,What does the user want the assistant to do?,lights_on | lights_off | dim_lights | set_thermostat | play_music | pause_music | volume_up | volume_down | set_timer | set_alarm | weather_query | add_to_shopping_list | lock_door | unlock_door | start_vacuum | check_camera | call_contact | read_calendar | turn_on_tv | other,"Good evening. Tomorrow morning I have arranged a video conference with my former colleagues at half past eight, and I simply cannot afford to oversleep as I did last Tuesday. Kindly rouse me at seven o'clock so that I may prepare a pot of coffee and review my notes beforehand. I would be much obliged if you saw to it without fail.",set_alarm,medium,,medium,set_alarm,audit,False,20,
C06_004,C06,choice,What does the user want the assistant to do?,lights_on | lights_off | dim_lights | set_thermostat | play_music | pause_music | volume_up | volume_down | set_timer | set_alarm | weather_query | add_to_shopping_list | lock_door | unlock_door | start_vacuum | check_camera | call_contact | read_calendar | turn_on_tv | other,"Okay we just pulled into the driveway and I have got Mia on one hip and four grocery bags on the other arm and Jake is already trying to climb out of his car seat by himself, so please go ahead and let us straight in through the front door because there is absolutely no way I am digging around for my keys with everything I am carrying right now, and just do it before he starts wailing.",unlock_door,medium,,medium,unlock_door,,False,20,
C06_005,C06,choice,What does the user want the assistant to do?,lights_on | lights_off | dim_lights | set_thermostat | play_music | pause_music | volume_up | volume_down | set_timer | set_alarm | weather_query | add_to_shopping_list | lock_door | unlock_door | start_vacuum | check_camera | call_contact | read_calendar | turn_on_tv | other,Leaving now. Set the thermostat to 62 until we're back.,set_thermostat,easy,,short,set_thermostat,,False,20,
C06_006,C06,choice,What does the user want the assistant to do?,lights_on | lights_off | dim_lights | set_thermostat | play_music | pause_music | volume_up | volume_down | set_timer | set_alarm | weather_query | add_to_shopping_list | lock_door | unlock_door | start_vacuum | check_camera | call_contact | read_calendar | turn_on_tv | other,"My daughter want more apple juice, please you add apple juice to the shopping list.",add_to_shopping_list,easy,,short,add_to_shopping_list,,False,20,
C06_008,C06,choice,What does the user want the assistant to do?,lights_on | lights_off | dim_lights | set_thermostat | play_music | pause_music | volume_up | volume_down | set_timer | set_alarm | weather_query | add_to_shopping_list | lock_door | unlock_door | start_vacuum | check_camera | call_contact | read_calendar | turn_on_tv | other,"I just walked in the door. Order a large pepperoni pizza from Tony's Pizzeria for delivery, extra cheese, no anchovies. While that's on its way, give me one interesting fact about Saturn's rings. After that I don't need anything else from you tonight.",other,medium,,medium,other,,False,20,
C06_009,C06,choice,What does the user want the assistant to do?,lights_on | lights_off | dim_lights | set_thermostat | play_music | pause_music | volume_up | volume_down | set_timer | set_alarm | weather_query | add_to_shopping_list | lock_door | unlock_door | start_vacuum | check_camera | call_contact | read_calendar | turn_on_tv | other,"Before I turn in for the night — and after the day I've had, believe me I need my sleep — what's on my calendar for tomorrow?",read_calendar,easy,,short,read_calendar,,False,20,
C06_011,C06,choice,What does the user want the assistant to do?,lights_on | lights_off | dim_lights | set_thermostat | play_music | pause_music | volume_up | volume_down | set_timer | set_alarm | weather_query | add_to_shopping_list | lock_door | unlock_door | start_vacuum | check_camera | call_contact | read_calendar | turn_on_tv | other,"The guests have moved out to the patio, so please kill the power to the living room fixtures.",lights_off,medium,,short,lights_off,,False,20,
C06_012,C06,choice,What does the user want the assistant to do?,lights_on | lights_off | dim_lights | set_thermostat | play_music | pause_music | volume_up | volume_down | set_timer | set_alarm | weather_query | add_to_shopping_list | lock_door | unlock_door | start_vacuum | check_camera | call_contact | read_calendar | turn_on_tv | other,It's still pitch dark in here even though the weather app claims sunrise was an hour ago — get the lights on before I trip over something.,lights_on,hard,distractor,short,lights_on,audit,True,20,
C06_015,C06,choice,What does the user want the assistant to do?,lights_on | lights_off | dim_lights | set_thermostat | play_music | pause_music | volume_up | volume_down | set_timer | set_alarm | weather_query | add_to_shopping_list | lock_door | unlock_door | start_vacuum | check_camera | call_contact | read_calendar | turn_on_tv | other,"As I depart for the client site this morning, queue a reminder for me to email the Hendricks contract addendum to legal before end of day, since I keep forgetting on drive days. Also give me a concise, one-line summary of today's top technology headline so I have something to discuss in the car. Nothing else is required at this time.",other,medium,,medium,other,,False,20,
C06_016,C06,choice,What does the user want the assistant to do?,lights_on | lights_off | dim_lights | set_thermostat | play_music | pause_music | volume_up | volume_down | set_timer | set_alarm | weather_query | add_to_shopping_list | lock_door | unlock_door | start_vacuum | check_camera | call_contact | read_calendar | turn_on_tv | other,"My eyes still haven't adjusted from that weird dream I just had, so ease the bedroom lights down to something softer instead of full blast, would you?",dim_lights,medium,,short,dim_lights,,False,20,
C06_017,C06,choice,What does the user want the assistant to do?,lights_on | lights_off | dim_lights | set_thermostat | play_music | pause_music | volume_up | volume_down | set_timer | set_alarm | weather_query | add_to_shopping_list | lock_door | unlock_door | start_vacuum | check_camera | call_contact | read_calendar | turn_on_tv | other,"okay just got home and omg today was WILD, I need to vent immediately. can u call my sister Jenna for me rn, like an actual phone call not just a text. put it on speaker so I can also unpack my bag while we talk. thanks bestie",call_contact,easy,,medium,call_contact,,False,20,
C06_018,C06,choice,What does the user want the assistant to do?,lights_on | lights_off | dim_lights | set_thermostat | play_music | pause_music | volume_up | volume_down | set_timer | set_alarm | weather_query | add_to_shopping_list | lock_door | unlock_door | start_vacuum | check_camera | call_contact | read_calendar | turn_on_tv | other,"Before I even get out of bed, tell me a genuinely funny, family-friendly joke to kick off my morning, not one of those groan-worthy dad jokes you always give me.",other,easy,,short,other,,False,20,
C06_019,C06,choice,What does the user want the assistant to do?,lights_on | lights_off | dim_lights | set_thermostat | play_music | pause_music | volume_up | volume_down | set_timer | set_alarm | weather_query | add_to_shopping_list | lock_door | unlock_door | start_vacuum | check_camera | call_contact | read_calendar | turn_on_tv | other,"I am not in the mood for any music while I prepare this evening's stew, so kindly do not turn any on. What I do require, however, is a reminder later this afternoon to compose an email to the members of my book club regarding next week's meeting location, as I am rather forgetful these days. Please see to that instead.",other,hard,negation,medium,other,,False,20,
C06_021,C06,choice,What does the user want the assistant to do?,lights_on | lights_off | dim_lights | set_thermostat | play_music | pause_music | volume_up | volume_down | set_timer | set_alarm | weather_query | add_to_shopping_list | lock_door | unlock_door | start_vacuum | check_camera | call_contact | read_calendar | turn_on_tv | other,"The kids are being so loud upstairs, I can barely hear the show — can you crank it up a notch, thanks a bunch!",volume_up,medium,,short,volume_up,,False,20,
C06_023,C06,choice,What does the user want the assistant to do?,lights_on | lights_off | dim_lights | set_thermostat | play_music | pause_music | volume_up | volume_down | set_timer | set_alarm | weather_query | add_to_shopping_list | lock_door | unlock_door | start_vacuum | check_camera | call_contact | read_calendar | turn_on_tv | other,"I could just stream a podcast like always, but what I really want is the kitchen television switched on so I can watch the morning show while these onions caramelize.",turn_on_tv,hard,distractor,short,turn_on_tv,,False,20,
C06_024,C06,choice,What does the user want the assistant to do?,lights_on | lights_off | dim_lights | set_thermostat | play_music | pause_music | volume_up | volume_down | set_timer | set_alarm | weather_query | add_to_shopping_list | lock_door | unlock_door | start_vacuum | check_camera | call_contact | read_calendar | turn_on_tv | other,"- On a video call in 2 minutes
- Dim the overhead lights so the glare stops washing out my camera",dim_lights,easy,,short,dim_lights,,False,20,
C06_026,C06,choice,What does the user want the assistant to do?,lights_on | lights_off | dim_lights | set_thermostat | play_music | pause_music | volume_up | volume_down | set_timer | set_alarm | weather_query | add_to_shopping_list | lock_door | unlock_door | start_vacuum | check_camera | call_contact | read_calendar | turn_on_tv | other,"- Doorbell just rang, need quiet
- Stop whatever's coming through the speaker for a sec",pause_music,medium,,short,pause_music,,False,20,
C06_027,C06,choice,What does the user want the assistant to do?,lights_on | lights_off | dim_lights | set_thermostat | play_music | pause_music | volume_up | volume_down | set_timer | set_alarm | weather_query | add_to_shopping_list | lock_door | unlock_door | start_vacuum | check_camera | call_contact | read_calendar | turn_on_tv | other,"kids spilled cheerios evrywhere in the playroom again, send teh little robot round to clean it up",start_vacuum,medium,,short,start_vacuum,,False,20,
C06_028,C06,choice,What does the user want the assistant to do?,lights_on | lights_off | dim_lights | set_thermostat | play_music | pause_music | volume_up | volume_down | set_timer | set_alarm | weather_query | add_to_shopping_list | lock_door | unlock_door | start_vacuum | check_camera | call_contact | read_calendar | turn_on_tv | other,"someone at the gate but dont unlock anything yet, just pull up teh front cam so i can see who it is first",check_camera,hard,distractor,short,check_camera,,False,20,
C06_029,C06,choice,What does the user want the assistant to do?,lights_on | lights_off | dim_lights | set_thermostat | play_music | pause_music | volume_up | volume_down | set_timer | set_alarm | weather_query | add_to_shopping_list | lock_door | unlock_door | start_vacuum | check_camera | call_contact | read_calendar | turn_on_tv | other,"- Done cooking, kitchen's empty now
- No reason for every fixture in here to stay lit while we eat in the other room",lights_off,hard,implicit,short,lights_off,,False,20,
C06_030,C06,choice,What does the user want the assistant to do?,lights_on | lights_off | dim_lights | set_thermostat | play_music | pause_music | volume_up | volume_down | set_timer | set_alarm | weather_query | add_to_shopping_list | lock_door | unlock_door | start_vacuum | check_camera | call_contact | read_calendar | turn_on_tv | other,"Home at last, and no, I really don't want to hear about how bad traffic was today from anyone. Just turn the television on to the sports channel already so I can pretend I didn't just miss the entire first half, and please, no judgment about how invested I am in a team that hasn't won anything in a decade.",turn_on_tv,easy,,medium,turn_on_tv,,False,20,
C06_031,C06,choice,What does the user want the assistant to do?,lights_on | lights_off | dim_lights | set_thermostat | play_music | pause_music | volume_up | volume_down | set_timer | set_alarm | weather_query | add_to_shopping_list | lock_door | unlock_door | start_vacuum | check_camera | call_contact | read_calendar | turn_on_tv | other,"I've just returned and the ambient noise level in here is quite noticeable given the open windows, so please increase the audio output on the living room speaker by a couple of increments so the podcast I left running is actually audible over it. Adjust incrementally rather than jumping straight to maximum.",volume_up,medium,,medium,volume_up,audit,False,20,
C06_032,C06,choice,What does the user want the assistant to do?,lights_on | lights_off | dim_lights | set_thermostat | play_music | pause_music | volume_up | volume_down | set_timer | set_alarm | weather_query | add_to_shopping_list | lock_door | unlock_door | start_vacuum | check_camera | call_contact | read_calendar | turn_on_tv | other,"The baby finally stopped fussing about ten minutes ago after a rather rough evening, and I can still hear every word of the news broadcast humming through the wall from the living room speaker even with my door shut, which is honestly impressive acoustics but not what I need right now, so whatever is playing needs to come down closer to a whisper before it undoes all that hard-won peace and quiet.",volume_down,hard,implicit,medium,volume_down,,False,20,
C06_033,C06,choice,What does the user want the assistant to do?,lights_on | lights_off | dim_lights | set_thermostat | play_music | pause_music | volume_up | volume_down | set_timer | set_alarm | weather_query | add_to_shopping_list | lock_door | unlock_door | start_vacuum | check_camera | call_contact | read_calendar | turn_on_tv | other,"I do not wish for you to telephone anyone on my behalf at present; what I require is for the volume of this conference call to be raised, as I can scarcely make out a word being said.",volume_up,hard,distractor,short,volume_up,,False,20,
C06_035,C06,choice,What does the user want the assistant to do?,lights_on | lights_off | dim_lights | set_thermostat | play_music | pause_music | volume_up | volume_down | set_timer | set_alarm | weather_query | add_to_shopping_list | lock_door | unlock_door | start_vacuum | check_camera | call_contact | read_calendar | turn_on_tv | other,"This reduction truly needs a second opinion before I add the final seasoning, and my daughter has always had the best palate for this sort of thing, so connect me with her at once, she should just be finishing her lunch break about now.",call_contact,hard,implicit,short,call_contact,,False,20,
C06_037,C06,choice,What does the user want the assistant to do?,lights_on | lights_off | dim_lights | set_thermostat | play_music | pause_music | volume_up | volume_down | set_timer | set_alarm | weather_query | add_to_shopping_list | lock_door | unlock_door | start_vacuum | check_camera | call_contact | read_calendar | turn_on_tv | other,"kids have soccer practice early tommorow morning and i cannot be late again like last time when we missed half the warmup, so set an alarm for 6am sharp. also set a backup one for 6:10 just in case i hit snooze without realizing it. dont let either of them get turned off by accident",set_alarm,easy,,medium,set_alarm,,False,20,
C06_038,C06,choice,What does the user want the assistant to do?,lights_on | lights_off | dim_lights | set_thermostat | play_music | pause_music | volume_up | volume_down | set_timer | set_alarm | weather_query | add_to_shopping_list | lock_door | unlock_door | start_vacuum | check_camera | call_contact | read_calendar | turn_on_tv | other,"So this conference call got cancelled at the last minute, which never happens, and now I've got twenty free minutes before my next one starts, which is basically a miracle in my calendar this week, so would you switch on the big screen in the corner of my office and flip it to the news channel, I just want some background noise while I finally eat this sandwich I've been ignoring since noon.",turn_on_tv,medium,,medium,turn_on_tv,,False,20,
C06_039,C06,choice,What does the user want the assistant to do?,lights_on | lights_off | dim_lights | set_thermostat | play_music | pause_music | volume_up | volume_down | set_timer | set_alarm | weather_query | add_to_shopping_list | lock_door | unlock_door | start_vacuum | check_camera | call_contact | read_calendar | turn_on_tv | other,"lol don't order delivery again, we don't need that, just add flour to the list since we're almost out for next time i actually cook.",add_to_shopping_list,hard,negation,short,add_to_shopping_list,,False,20,
C06_040,C06,choice,What does the user want the assistant to do?,lights_on | lights_off | dim_lights | set_thermostat | play_music | pause_music | volume_up | volume_down | set_timer | set_alarm | weather_query | add_to_shopping_list | lock_door | unlock_door | start_vacuum | check_camera | call_contact | read_calendar | turn_on_tv | other,"Since my sister-in-law is convinced she knows everything, quick, settle a bet for us — what year did the first modern Olympics happen?",other,easy,,short,other,,False,20,
C06_041,C06,choice,What does the user want the assistant to do?,lights_on | lights_off | dim_lights | set_thermostat | play_music | pause_music | volume_up | volume_down | set_timer | set_alarm | weather_query | add_to_shopping_list | lock_door | unlock_door | start_vacuum | check_camera | call_contact | read_calendar | turn_on_tv | other,"Since the twins have finally settled down onto the living room rug with their crayons and coloring books for the next half hour or so, go ahead and play that upbeat kids' playlist they love so much through the main speaker.",play_music,easy,,short,play_music,,False,20,
C06_043,C06,choice,What does the user want the assistant to do?,lights_on | lights_off | dim_lights | set_thermostat | play_music | pause_music | volume_up | volume_down | set_timer | set_alarm | weather_query | add_to_shopping_list | lock_door | unlock_door | start_vacuum | check_camera | call_contact | read_calendar | turn_on_tv | other,"somoene at the door, cut the tunes for a sec so i can hear them",pause_music,medium,,short,pause_music,,False,20,
C06_044,C06,choice,What does the user want the assistant to do?,lights_on | lights_off | dim_lights | set_thermostat | play_music | pause_music | volume_up | volume_down | set_timer | set_alarm | weather_query | add_to_shopping_list | lock_door | unlock_door | start_vacuum | check_camera | call_contact | read_calendar | turn_on_tv | other,"heading out the door in a sec, what've i got going on later today again? totally blanked",read_calendar,medium,,short,read_calendar,,False,20,
C06_045,C06,choice,What does the user want the assistant to do?,lights_on | lights_off | dim_lights | set_thermostat | play_music | pause_music | volume_up | volume_down | set_timer | set_alarm | weather_query | add_to_shopping_list | lock_door | unlock_door | start_vacuum | check_camera | call_contact | read_calendar | turn_on_tv | other,"- Dropped my phone under the bed again
- Need the bedroom bright enough to actually find it, flip everything back on for a sec",lights_on,medium,,short,lights_on,,False,20,
C06_047,C06,choice,What does the user want the assistant to do?,lights_on | lights_off | dim_lights | set_thermostat | play_music | pause_music | volume_up | volume_down | set_timer | set_alarm | weather_query | add_to_shopping_list | lock_door | unlock_door | start_vacuum | check_camera | call_contact | read_calendar | turn_on_tv | other,"don't shut the speaker off completely lol, just pause whatever's playing so it picks back up right where i left off when i get back",pause_music,hard,negation,short,pause_music,,False,20,
C06_048,C06,choice,What does the user want the assistant to do?,lights_on | lights_off | dim_lights | set_thermostat | play_music | pause_music | volume_up | volume_down | set_timer | set_alarm | weather_query | add_to_shopping_list | lock_door | unlock_door | start_vacuum | check_camera | call_contact | read_calendar | turn_on_tv | other,"My guests are due to arrive in exactly forty minutes, and I have a roast that must rest for precisely twelve minutes once it comes out of the oven or the juices will run everywhere, so kindly count down twelve minutes for me starting the moment I tell you it's out, and do let me know the instant it's done so I do not lose track while greeting everyone at the door.",set_timer,medium,,medium,set_timer,,False,20,
C06_050,C06,choice,What does the user want the assistant to do?,lights_on | lights_off | dim_lights | set_thermostat | play_music | pause_music | volume_up | volume_down | set_timer | set_alarm | weather_query | add_to_shopping_list | lock_door | unlock_door | start_vacuum | check_camera | call_contact | read_calendar | turn_on_tv | other,"guests wanna do the bbq on the patio later, is it actually gonna hold up out there or should we just move it inside now",weather_query,medium,,short,weather_query,queue,False,20,
C06_053,C06,choice,What does the user want the assistant to do?,lights_on | lights_off | dim_lights | set_thermostat | play_music | pause_music | volume_up | volume_down | set_timer | set_alarm | weather_query | add_to_shopping_list | lock_door | unlock_door | start_vacuum | check_camera | call_contact | read_calendar | turn_on_tv | other,Everyone's finally out the door for school drop-off and I'm the last one leaving so go ahead and lock the front door behind me because I am not walking back to check it manually again like I did on Tuesday when I was already five minutes late and had to circle the block twice just to be sure.,lock_door,easy,,medium,lock_door,,False,20,
C06_055,C06,choice,What does the user want the assistant to do?,lights_on | lights_off | dim_lights | set_thermostat | play_music | pause_music | volume_up | volume_down | set_timer | set_alarm | weather_query | add_to_shopping_list | lock_door | unlock_door | start_vacuum | check_camera | call_contact | read_calendar | turn_on_tv | other,"Skip the weather report, I don't care if it rains on my parade, just tell me what time the Hendersons are actually supposed to show up tonight according to whatever I put in the planner.",read_calendar,hard,negation,short,read_calendar,,False,20,
C06_056,C06,choice,What does the user want the assistant to do?,lights_on | lights_off | dim_lights | set_thermostat | play_music | pause_music | volume_up | volume_down | set_timer | set_alarm | weather_query | add_to_shopping_list | lock_door | unlock_door | start_vacuum | check_camera | call_contact | read_calendar | turn_on_tv | other,"Before I depart for my afternoon walk, do show me the front porch camera feed so I may confirm the delivery has not yet arrived.",check_camera,easy,,short,check_camera,,False,20,
C06_057,C06,choice,What does the user want the assistant to do?,lights_on | lights_off | dim_lights | set_thermostat | play_music | pause_music | volume_up | volume_down | set_timer | set_alarm | weather_query | add_to_shopping_list | lock_door | unlock_door | start_vacuum | check_camera | call_contact | read_calendar | turn_on_tv | other,"Please don't switch the playroom lights off entirely since Oliver still gets scared of the dark during his afternoon nap, just bring them down to something soft and low instead.",dim_lights,hard,negation,short,dim_lights,,False,20,
C06_059,C06,choice,What does the user want the assistant to do?,lights_on | lights_off | dim_lights | set_thermostat | play_music | pause_music | volume_up | volume_down | set_timer | set_alarm | weather_query | add_to_shopping_list | lock_door | unlock_door | start_vacuum | check_camera | call_contact | read_calendar | turn_on_tv | other,"- Just got home starving
- Start a 10 minute timer for these frozen dumplings",set_timer,easy,,short,set_timer,,False,20,
C06_061,C06,choice,What does the user want the assistant to do?,lights_on | lights_off | dim_lights | set_thermostat | play_music | pause_music | volume_up | volume_down | set_timer | set_alarm | weather_query | add_to_shopping_list | lock_door | unlock_door | start_vacuum | check_camera | call_contact | read_calendar | turn_on_tv | other,"dont bother with the mop thing today, jsut send the vacuum under my desk, theres cracker crumbs all over again",start_vacuum,hard,negation,short,start_vacuum,,False,20,
C06_062,C06,choice,What does the user want the assistant to do?,lights_on | lights_off | dim_lights | set_thermostat | play_music | pause_music | volume_up | volume_down | set_timer | set_alarm | weather_query | add_to_shopping_list | lock_door | unlock_door | start_vacuum | check_camera | call_contact | read_calendar | turn_on_tv | other,"Before I turn in, and no I am not asking because I actually trust your accuracy after last week's fiasco, what's supposedly going to happen with the sky tomorrow, rain or that fake sunshine you keep promising, since I need to know whether to bother finding my umbrella before I forget in the morning rush.",weather_query,medium,,medium,weather_query,,False,20,
C06_063,C06,choice,What does the user want the assistant to do?,lights_on | lights_off | dim_lights | set_thermostat | play_music | pause_music | volume_up | volume_down | set_timer | set_alarm | weather_query | add_to_shopping_list | lock_door | unlock_door | start_vacuum | check_camera | call_contact | read_calendar | turn_on_tv | other,Turn the volume down. It's too loud for this early.,volume_down,easy,,short,volume_down,,True,20,
C06_064,C06,choice,What does the user want the assistant to do?,lights_on | lights_off | dim_lights | set_thermostat | play_music | pause_music | volume_up | volume_down | set_timer | set_alarm | weather_query | add_to_shopping_list | lock_door | unlock_door | start_vacuum | check_camera | call_contact | read_calendar | turn_on_tv | other,"Do show me the driveway once more out of habit, though what I actually need before I depart is for you to lock the front door securely behind me.",lock_door,hard,distractor,short,lock_door,,False,20,
C06_065,C06,choice,What does the user want the assistant to do?,lights_on | lights_off | dim_lights | set_thermostat | play_music | pause_music | volume_up | volume_down | set_timer | set_alarm | weather_query | add_to_shopping_list | lock_door | unlock_door | start_vacuum | check_camera | call_contact | read_calendar | turn_on_tv | other,"this kitchen is dead silent and it's bumming me out, get that same jazz thing going from last night",play_music,hard,implicit,short,play_music,,False,20,
C06_066,C06,choice,What does the user want the assistant to do?,lights_on | lights_off | dim_lights | set_thermostat | play_music | pause_music | volume_up | volume_down | set_timer | set_alarm | weather_query | add_to_shopping_list | lock_door | unlock_door | start_vacuum | check_camera | call_contact | read_calendar | turn_on_tv | other,Initiate a video call with my sister so the kids can say goodnight to their cousins.,call_contact,easy,,short,call_contact,,False,20,
C06_067,C06,choice,What does the user want the assistant to do?,lights_on | lights_off | dim_lights | set_thermostat | play_music | pause_music | volume_up | volume_down | set_timer | set_alarm | weather_query | add_to_shopping_list | lock_door | unlock_door | start_vacuum | check_camera | call_contact | read_calendar | turn_on_tv | other,"Someone's already asking whether the porch cam caught the delivery guy stealing our doormat again, very dramatic, but what actually matters right now is that my guests are sweating through their shirts in this living room, so bump the temperature down to something that doesn't feel like a sauna before anyone else complains.",set_thermostat,hard,distractor,medium,set_thermostat,,False,20,
C06_068,C06,choice,What does the user want the assistant to do?,lights_on | lights_off | dim_lights | set_thermostat | play_music | pause_music | volume_up | volume_down | set_timer | set_alarm | weather_query | add_to_shopping_list | lock_door | unlock_door | start_vacuum | check_camera | call_contact | read_calendar | turn_on_tv | other,"My hands are full with hot pot from stove, my husband is outside garage with big boxes, please make so he can come in without needing key.",unlock_door,hard,implicit,short,unlock_door,,False,20,
C06_069,C06,choice,What does the user want the assistant to do?,lights_on | lights_off | dim_lights | set_thermostat | play_music | pause_music | volume_up | volume_down | set_timer | set_alarm | weather_query | add_to_shopping_list | lock_door | unlock_door | start_vacuum | check_camera | call_contact | read_calendar | turn_on_tv | other,"Just got in soaked to the bone despite what my phone told me this morning, so what's actually happening out there right now, and should I brace for round two later tonight.",weather_query,hard,implicit,short,weather_query,,False,20,
C07_000,C07,choice,Which specialty department should this patient message be routed to?,cardiology | dermatology | gastroenterology | neurology | orthopedics | ophthalmology,"Hi, I hope you all had a good long weekend — mine was a little chaotic because my sister-in-law came to visit from Denver and we ended up repainting the guest room together, which is a whole story involving a paint tray that tipped over onto the carpet. Anyway, that's not why I'm messaging. About three weeks ago I noticed a small red, scaly patch on the inside of my left forearm, right below the elbow. At first I thought it was just dry skin from all the cleaning supplies we were using for the painting project, so I ignored it and kept slathering on lotion. But it hasn't gone away — if anything it's gotten bigger, maybe the size of a golf ball now, and it's started to itch quite a bit, especially at night when I'm trying to fall asleep. I tried an over-the-counter hydrocortisone cream my neighbor recommended and it helped the itching for a day or two but the patch is still there, with slightly raised, flaky edges. My mother had psoriasis for years so I'm a little worried this could be something similar, though I really have no idea. Could someone take a look and let me know if I need to come in? I can send a photo if that's easier. Thanks so much, and sorry for the long message — I tend to over-explain things.",dermatology,easy,,long,dermatology,,False,6,
C07_001,C07,choice,Which specialty department should this patient message be routed to?,cardiology | dermatology | gastroenterology | neurology | orthopedics | ophthalmology,"chest feels tight and my hearts pounding fast just walking up stairs lately, also my knee still aches a bit from a fall last month but thats healing fine on its own. kinda worried about the chest thing tho",cardiology,hard,distractor,short,cardiology,,False,6,
C07_002,C07,choice,Which specialty department should this patient message be routed to?,cardiology | dermatology | gastroenterology | neurology | orthopedics | ophthalmology,"hey so writing about my mom again. shes 74 and something's been off for like a month now. every night after dinner she ends up on the couch holding her side, right under the ribs, says it feels tight and full even when she barely ate anything. she used to love fried chicken thursdays and now she wont touch it, says it makes her feel awful for hours after. couple times she woke up with a sour taste way up in her throat, like stuff coming back up, even sat up half the night once. i noticed her eyes looked kinda yellowish under the kitchen light last week, told her and she just shrugged it off. her pee has been darker too, like tea colored, she says its cuz she doesnt drink enough water but idk. shes lost weight without trying, maybe 8 pounds, pants are falling off her. no fever, no throwing up, just this dull heavy feeling after meals and the tiredness. she keeps saying its nothing but im not convinced, feels like its been getting slowly worse not better. can someone look at this and tell us if we need to bring her in or if this can wait for her regular checkup in november. shes stubborn about doctors so i had to talk her into even letting me send this message. thanks for reading all this, i know its a lot.",gastroenterology,hard,implicit,long,gastroenterology,,False,6,
C07_004,C07,choice,Which specialty department should this patient message be routed to?,cardiology | dermatology | gastroenterology | neurology | orthopedics | ophthalmology,"theres a red patch on my forearm thats been spreading and flaking for about a week now, want someone to take a look b4 it gets worse",dermatology,medium,,short,dermatology,,False,6,
C07_005,C07,choice,Which specialty department should this patient message be routed to?,cardiology | dermatology | gastroenterology | neurology | orthopedics | ophthalmology,"I wanted to flag something that's been bothering me for a couple of months now, ever since my husband pointed it out while I was getting dressed for a dinner party back in July. There's a mole on my upper back, just left of my spine, that he says looks different than it used to — the edges seem less round than the other moles I have, almost notched on one side, and the color has gone from an even brown to something with a darker, almost black patch within it. It's roughly the size of a pencil eraser, maybe a touch bigger now. I can't see it well myself in the mirror even with two mirrors angled right, which is part of why I let it go for so long. Over the last couple of weeks it's started to feel slightly itchy, and once I noticed a tiny bit of dried blood on my shirt collar, though it didn't seem to be actively bleeding when I checked. Separately, and I don't think this is related at all, I've been getting these dull tension headaches most afternoons from staring at spreadsheets all day at work — I already know that's just eye strain and posture from my desk setup, and I've been meaning to get a proper chair, so please don't worry about that part. What I really want is for someone to look at the mole and tell me whether it needs to be removed or biopsied, especially given how long it's been changing. I can come in whenever there's an opening, ideally before the end of the month. Thank you.",dermatology,hard,distractor,long,dermatology,,False,6,
C07_006,C07,choice,Which specialty department should this patient message be routed to?,cardiology | dermatology | gastroenterology | neurology | orthopedics | ophthalmology,"quick message about my dad, he's staying with us this month and I noticed the skin between his fingers and up onto his wrists has gone all cracked and flaky since we switched dish soap brands last week, and he keeps rubbing at it especially at night which is waking him up, and now theres some raised bumpy patches creeping toward his forearms too, and he says it stings when he washes dishes, sorry this is scattered I'm typing between making lunches and driving carpool, just want to know if he needs to come in or if we should just switch the soap back and wait it out.",dermatology,hard,implicit,medium,dermatology,,False,6,
C07_007,C07,choice,Which specialty department should this patient message be routed to?,cardiology | dermatology | gastroenterology | neurology | orthopedics | ophthalmology,"For the past six weeks I have had an episode roughly once a week where I first see a shimmering, jagged line at the edge of my vision that spreads for about twenty minutes before fading. Once it clears, a deep pounding sensation sets in on the right side of my skull, behind the eye, and it builds over the next hour to the point where light and sound become unbearable. I have to lie down in a dark, silent room until it passes, which usually takes four to six hours. During the worst episodes I also feel nauseous and have vomited twice. Over-the-counter pain relievers do nothing once the pounding has started; they only help slightly if I take them during the shimmering phase. I have not had any injury, and my vision is normal between episodes. I sleep normally and my blood pressure, checked at a pharmacy last week, was 118 over 76. I work at a desk most days and stress levels have been average, not unusually high. I would like to be seen before this becomes more frequent, since it has gone from once a month to once a week over the past two months. Please let me know what testing or evaluation would be appropriate and how soon I can be scheduled.",neurology,medium,,long,neurology,,False,6,
C07_008,C07,choice,Which specialty department should this patient message be routed to?,cardiology | dermatology | gastroenterology | neurology | orthopedics | ophthalmology,"Hi there, I hope the office had a smooth start to the new school year — ours has been absolute chaos, between three different bell schedules for three kids and a carpool spreadsheet I built that immediately fell apart because two of the other parents switched their work hours without telling anyone. My oldest just started middle school band and needs a specific reed size that apparently only one music store in town carries, so that's been its own saga. My middle child, Owen, who is nine, tried out for the fall soccer team last week and made it, which was exciting, though practices now overlap with his sister's dance class on Tuesdays, so we're juggling two cars most evenings. Actually, the reason I'm writing is that Owen fell off his skateboard in the driveway on Saturday, landed on his outstretched hand, and his right wrist has been swollen and visibly a little crooked-looking ever since; he winces and won't grip anything with that hand, even a fork, and it's been three days with no improvement. Aside from that he's been in decent spirits, watching a lot of the show he's obsessed with lately about dinosaurs, and eating fine despite the wrist. We also have his sister's dance recital coming up in three weeks and I'm trying to figure out logistics for that on top of everything else, plus my in-laws are visiting next weekend which always adds a layer of complexity to our schedule. Anyway, could someone take a look at Owen's wrist soon? I can bring him in whenever there's an opening, mornings work best before school pickup gets complicated.",orthopedics,hard,long_irrelevant,long,orthopedics,,False,6,
C07_009,C07,choice,Which specialty department should this patient message be routed to?,cardiology | dermatology | gastroenterology | neurology | orthopedics | ophthalmology,"My son Idris is seven. He started second grade two weeks ago at Lincoln Elementary. His teacher this year is Ms. Alvarez, who also taught his sister three years ago. He takes the bus now instead of me driving him, route 14, pickup at 7:40 am. He has a dentist appointment scheduled for next month, already confirmed. He also finished his fall allergy shots update last week at the allergist's office, no issues there. He has had a patch of skin on the back of his left knee that has been dry, cracked, and darker than the surrounding skin for about three weeks. It does not seem to bother him during the day but he scratches it in his sleep, and there are small scratch marks around it now. We have not changed detergent or soap recently. His younger brother does not have anything similar. Idris also started a new after-school coding class on Wednesdays, which he seems to enjoy so far. We are also switching pediatricians in November because our current one is retiring, so that transition is separate from this message. His height and weight were both at the 60th percentile at his last physical in August. He does not take any regular medications. Please let me know if the knee patch needs to be seen in person or if a photo would be enough for a first assessment. I can send one by email if that helps.",dermatology,hard,long_irrelevant,long,dermatology,audit,False,6,
C07_010,C07,choice,Which specialty department should this patient message be routed to?,cardiology | dermatology | gastroenterology | neurology | orthopedics | ophthalmology,"my stomach has been burning and acidic right after almost every meal for the past week, especially at night when i lay down, and tums arent helping much anymore so can someone call me back",gastroenterology,easy,,short,gastroenterology,,False,6,
C07_011,C07,choice,Which specialty department should this patient message be routed to?,cardiology | dermatology | gastroenterology | neurology | orthopedics | ophthalmology,"For approximately three weeks I have experienced localized pain and reduced range of motion in my right knee joint, most pronounced when descending stairs, with mild swelling palpable along the medial aspect by evening.",orthopedics,medium,,short,orthopedics,,False,6,
C07_012,C07,choice,Which specialty department should this patient message be routed to?,cardiology | dermatology | gastroenterology | neurology | orthopedics | ophthalmology,"okay so my daughter (she's 10) has been saying her heart feels like its skipping beats or fluttering randomly, like even just sitting on the couch watching tv, its happened like 4 times this week and she says it feels weird in her chest for a few seconds. probably nothing but wanted to ask a doctor about it lol",cardiology,easy,,medium,cardiology,,False,6,
C07_013,C07,choice,Which specialty department should this patient message be routed to?,cardiology | dermatology | gastroenterology | neurology | orthopedics | ophthalmology,"Reporting changes for review:
- home monitor readings have run 152 over 94 and 148 over 91 the past five mornings, versus my usual 128 over 80
- brief fluttering feeling for a few seconds, twice this week, while resting
- mild lightheadedness when rising quickly from a chair
- energy levels otherwise normal, no other new symptoms
please advise on next steps.",cardiology,medium,,medium,cardiology,,False,6,
C07_014,C07,choice,Which specialty department should this patient message be routed to?,cardiology | dermatology | gastroenterology | neurology | orthopedics | ophthalmology,"I have noticed intermittent chest pressure and a racing pulse during minor exertion, such as climbing one flight of stairs, over the past four days.",cardiology,easy,,short,cardiology,,False,6,
C07_015,C07,choice,Which specialty department should this patient message be routed to?,cardiology | dermatology | gastroenterology | neurology | orthopedics | ophthalmology,"Training log update and a question. This week: Monday, 6 mile easy run, 9:15 pace, felt fine. Tuesday, rest day, foam rolled calves. Wednesday, track intervals, 8x400m, times ranged 84-88 seconds, recovery jogs between. Thursday, 5 mile tempo run planned but cut short. During the tempo run, at around mile 3, I developed a tight band-like pressure across my chest and my pulse felt like it jumped much higher than the pace should have caused, and I had to walk for a few minutes before it eased off. It happened again Friday during a much easier shakeout run, at a pace I normally wouldn't notice at all. Saturday was a scheduled rest day, no issues at rest. Sunday, long run, 12 miles, I kept the pace deliberately slow and had no recurrence, though I was watching for it the whole time. Shoes are a new pair of the same model I've used for two years, no changes there. Sleep has been around 7 hours a night, consistent. Nutrition has been normal marathon-block eating, nothing new introduced. I'm registered for a half marathon in five weeks and would like to keep training if possible, but the chest tightness combined with the pulse spike on Thursday and Friday is different from anything I've felt before in three years of running, and I want it checked before I continue hard efforts. Let me know what workup you'd recommend and whether I should hold off on intervals until then.",cardiology,hard,long_irrelevant,long,cardiology,,False,6,
C07_016,C07,choice,Which specialty department should this patient message be routed to?,cardiology | dermatology | gastroenterology | neurology | orthopedics | ophthalmology,"Over the last month, almost every long run past the six-mile mark has ended with a wave of intense cramping low in my belly that forces me to stop and find a bathroom immediately, sometimes twice in one run, and on those same days I've noticed more bloating and urgent, watery trips to the bathroom afterward, even with the exact pre-run breakfast I've used without issue for two years.",gastroenterology,medium,,medium,gastroenterology,audit,False,6,
C07_017,C07,choice,Which specialty department should this patient message be routed to?,cardiology | dermatology | gastroenterology | neurology | orthopedics | ophthalmology,"Getting up from a seated position now takes both arms pushing off the chair and about ten seconds before I can straighten fully. Stairs are manageable only one step at a time, always leading with the same leg, and there is an audible grinding sound with most steps down. Stiffness is worst in the first twenty minutes after waking and again after sitting through a movie, easing somewhat once I have been moving for a while. This has been building for roughly four months, without a specific injury I can point to.",orthopedics,hard,implicit,medium,orthopedics,,False,6,
C07_018,C07,choice,Which specialty department should this patient message be routed to?,cardiology | dermatology | gastroenterology | neurology | orthopedics | ophthalmology,"So this has been happening for about two weeks and I finally have a minute to sit down and write it out properly, my daughter Wren who's six will just stop mid-sentence or mid-activity, her eyes go kind of distant and she stares at nothing for maybe five to ten seconds, sometimes her eyelids flutter a little during it, and then she just picks back up whatever she was doing like nothing happened at all and has no idea it occurred, her teacher actually mentioned the same thing happening in class twice last week during reading time, saying Wren just zones out and misses a few seconds of what's being said, and at first I thought she was just daydreaming because she's always been an imaginative kid who gets lost in her own world, but this feels different because it happens multiple times a day now, at home, in the car, at school, and it's always the same blank staring look followed by that few seconds of total unawareness, she hasn't fallen or hurt herself during any of them and afterward she's totally fine and back to her normal chatty self within seconds, no confusion or tiredness after, I've started keeping a little log on my phone with times just in case that's useful, and I really just want to know if this needs to be looked at soon or if I'm overreacting to something that's actually pretty normal for her age.",neurology,medium,,long,neurology,,False,6,
C07_019,C07,choice,Which specialty department should this patient message be routed to?,cardiology | dermatology | gastroenterology | neurology | orthopedics | ophthalmology,"Hi there! I've been dealing with a burning feeling in my stomach and chest after meals for the past few days, worse with spicy food and coffee — any chance I could get something for it? Thanks so much!",gastroenterology,easy,,short,gastroenterology,,False,6,
C07_020,C07,choice,Which specialty department should this patient message be routed to?,cardiology | dermatology | gastroenterology | neurology | orthopedics | ophthalmology,"For the past ten days I have had a persistent, deep throbbing headache concentrated behind my left eye that intensifies with any bright light and has not responded at all to ibuprofen, acetaminophen, or rest.",neurology,easy,,short,neurology,queue,False,6,
C07_021,C07,choice,Which specialty department should this patient message be routed to?,cardiology | dermatology | gastroenterology | neurology | orthopedics | ophthalmology,"I've been noticing lately that fine print on menus and mail looks smudged no matter how I angle it or clean my glasses, and driving home after dark I've started seeing distinct rings around streetlights and headlights that weren't there before, which is honestly starting to worry me a little since I do most of the evening pickups for the kids, and it's been creeping up over the past couple months rather than happening all at once, sorry this is a lot, just trying to get it all in before I forget between school runs.",ophthalmology,medium,,medium,ophthalmology,,False,6,
C07_022,C07,choice,Which specialty department should this patient message be routed to?,cardiology | dermatology | gastroenterology | neurology | orthopedics | ophthalmology,"My grandmother keeps forgetting small things now, like where she puts her keys or what day it is, and yesterday she asked me the same question three times in one hour, very unusual for her.",neurology,medium,,short,neurology,,False,6,
C07_023,C07,choice,Which specialty department should this patient message be routed to?,cardiology | dermatology | gastroenterology | neurology | orthopedics | ophthalmology,"heartburn keeps waking me up most nights this week, burning right up into my throat after eating late — my wrist's still sore from typing but that's old news, the nighttime burning is what i need help with.",gastroenterology,hard,distractor,short,gastroenterology,,False,6,
C07_024,C07,choice,Which specialty department should this patient message be routed to?,cardiology | dermatology | gastroenterology | neurology | orthopedics | ophthalmology,"Okay so between shuttling the kids to three different practices this week I finally have a second to type this out, my right knee has been getting progressively worse over the last three weeks of marathon training, it's this sharp pain right on the outside of the knee that hits hardest going down stairs or downhill on runs, and it's started swelling up a little by evening after longer runs, sometimes I feel like a popping or catching sensation right where the pain is worst when I bend it a certain way, I tried cutting back mileage for a week and icing after every run and it helped a tiny bit but as soon as I went back to a normal long run distance it flared right back up just as bad, I've got a half marathon in three weeks that I've been training for since spring and really don't want to bail on it if I can help it, but I also don't want to make something worse by pushing through, I've never had a knee issue before in probably ten years of running so this feels different from normal soreness, could someone take a look and maybe tell me if I need imaging or if I should just see a physical therapist first, sorry for the run-on message I'm typing this in the school pickup line.",orthopedics,medium,,long,orthopedics,,False,6,
C07_026,C07,choice,Which specialty department should this patient message be routed to?,cardiology | dermatology | gastroenterology | neurology | orthopedics | ophthalmology,"I have to tell you, this has been a strange summer. My grandson visited for three weeks in July and taught me how to use a tablet, which honestly upended my whole routine, and then in August the community pool where I do my water aerobics closed early for repairs, so I've been walking laps around the block instead, which is its own adventure with my hip. Anyway, sometime around the pool closing I noticed my shins had developed these dry, scaly patches, kind of silvery looking, that have slowly spread up toward my knees over the past six weeks. They don't really hurt, but they flake constantly, especially after I towel off from a shower, and I've started finding little flakes on the bathroom floor which is embarrassing when my daughter visits. I tried the thick moisturizer my late husband used to swear by for his own skin troubles, and it helps for maybe an hour before the dryness comes right back. My cousin thinks it might just be from the drier air now that the season is changing, but this feels more stubborn than ordinary dry skin ever has for me, and the patches have a defined edge to them rather than just being generally dry all over. I'd like to have someone take a look, and I can come in any weekday morning since Tuesdays are the only day I have my grandchildren.",dermatology,medium,,long,dermatology,,False,6,
C07_027,C07,choice,Which specialty department should this patient message be routed to?,cardiology | dermatology | gastroenterology | neurology | orthopedics | ophthalmology,"My son's soccer teammates apparently started calling him 'pizza face' this week, which he pretends not to care about, but the breakouts across his forehead and jawline really have gotten worse the last two months despite the drugstore face wash we've been using religiously. He's fourteen, so I assume hormones are involved, but I'd rather have an actual opinion than my own guesswork.",dermatology,medium,,medium,dermatology,,False,6,
C07_028,C07,choice,Which specialty department should this patient message be routed to?,cardiology | dermatology | gastroenterology | neurology | orthopedics | ophthalmology,"Hi again! I hope you all are doing well over there. Things have been busy on my end — my granddaughter Poppy came to stay for a whole week while her parents were at a conference, and we spent most of it doing puzzles and watching old movies, which was lovely even though she beat me at gin rummy every single time, little rascal. My tomato plants finally came in after a slow start this year, more than I know what to do with honestly, so I've been dropping baskets of them off with the neighbors. Book club this month picked a very long historical novel that I'm only halfway through and it's due in five days, so wish me luck with that. Oh, and my knee has been fine since the last round of physical therapy, no complaints there at all, which is nice for a change. The actual reason I'm writing, though, is that my right eye has been red, gritty feeling, and rather uncomfortable for about four days now, like there's sand in it, and it's been sensitive to the porch light in the evenings, which never used to bother me. There's also been a bit of crusty discharge when I wake up that I have to wipe away before I can open the eye properly. I assumed it would clear up on its own like it sometimes does, but it hasn't budged and if anything the redness looks worse than it did Monday. Anyway, once that's sorted I'm hoping to get back to my water aerobics class, which I've missed these last few weeks. Let me know if I should come in.",ophthalmology,hard,long_irrelevant,long,ophthalmology,,False,6,
C07_029,C07,choice,Which specialty department should this patient message be routed to?,cardiology | dermatology | gastroenterology | neurology | orthopedics | ophthalmology,"My uncle swears his vision has been 'a little blurry' for two weeks, which from him means it's been bad enough that he asked me to read the thermostat for him twice yesterday. He also mentions occasional flashes of light in the corner of his left eye. He won't book anything himself, so I'm doing it for him — can you fit him in this week?",ophthalmology,easy,,medium,ophthalmology,,False,6,
C07_030,C07,choice,Which specialty department should this patient message be routed to?,cardiology | dermatology | gastroenterology | neurology | orthopedics | ophthalmology,"Over the last three weeks of basketball season I've noticed something that's started to genuinely affect my game, which is saying something since I've played competitively for eleven years and know my own baseline pretty well. During the second half of nearly every game, once the gym lights and the sweat and the general fatigue set in, a small dark smudge, almost like a floating speck, drifts into the center of whatever I'm looking at, particularly when I glance up toward the scoreboard or track a pass coming from the far end of the court. It doesn't stay in one spot; it seems to drift around, and blinking hard only moves it rather than clearing it. I've also started misjudging distances I normally wouldn't think twice about, like the exact release point for a three-point shot, to the point where my coach asked if something was off with my shooting mechanics, which it isn't. There's no pain associated with any of this, and it doesn't happen at all during practices in daylight through the side windows, only under the overhead gym lighting at night games. I'd like to get this looked at before the playoffs start in a month, since it's clearly not going away on its own and seems to be happening slightly more often each week.",ophthalmology,medium,,long,ophthalmology,,False,6,
C07_031,C07,choice,Which specialty department should this patient message be routed to?,cardiology | dermatology | gastroenterology | neurology | orthopedics | ophthalmology,"ok so my little brother keeps holding his tablet like an inch from his face and squinting hard at the tv from the couch now, wasnt like this a few months ago, kinda sus not gonna lie",ophthalmology,hard,implicit,short,ophthalmology,,False,6,
C07_033,C07,choice,Which specialty department should this patient message be routed to?,cardiology | dermatology | gastroenterology | neurology | orthopedics | ophthalmology,"Ever since my niece's wedding barbecue three weeks ago, where I probably had too much brisket if I'm honest, I've had this nagging burning sensation climbing up behind my breastbone most nights, and antacids barely touch it anymore.",gastroenterology,medium,,short,gastroenterology,,False,6,
C07_034,C07,choice,Which specialty department should this patient message be routed to?,cardiology | dermatology | gastroenterology | neurology | orthopedics | ophthalmology,"ok this is kinda freaking me out but ever since the tournament last weekend i keep getting these pounding headaches on one side that come with actual flashes of light in my vision before they start, and bright gym lights make it so much worse, anyone else deal with this or should i just get it checked",neurology,easy,,medium,neurology,,False,6,
C07_035,C07,choice,Which specialty department should this patient message be routed to?,cardiology | dermatology | gastroenterology | neurology | orthopedics | ophthalmology,"not gonna lie my hands have been going numb and tingly randomly at my desk the past week, like pins and needles in both hands at the same time, comes and goes for no reason i can tell, kinda weird right",neurology,easy,,medium,neurology,,False,6,
C07_036,C07,choice,Which specialty department should this patient message be routed to?,cardiology | dermatology | gastroenterology | neurology | orthopedics | ophthalmology,"ok weird one but my chest keeps doing this thumping thing out of nowhere at my desk, like a few skipped beats then it evens out, happened like 3 times today, kinda freaking me out ngl",cardiology,medium,,short,cardiology,,False,6,
C07_037,C07,choice,Which specialty department should this patient message be routed to?,cardiology | dermatology | gastroenterology | neurology | orthopedics | ophthalmology,"stomach cramps and diarrhea every time i eat before a race, been happening for months now, need advice",gastroenterology,easy,,short,gastroenterology,,False,6,
C07_038,C07,choice,Which specialty department should this patient message be routed to?,cardiology | dermatology | gastroenterology | neurology | orthopedics | ophthalmology,"Since two months, I am noticing some strange things with my thinking. Sometimes I forget name of my grandchildren for few seconds, this never happen before. One time last week I get confused about street to my own house, only for short moment but this scare me. Also the television shows I like, now I lose the story, cannot follow who is who anymore. My husband say I should write to doctor about this.",neurology,medium,,medium,neurology,,False,6,
C07_039,C07,choice,Which specialty department should this patient message be routed to?,cardiology | dermatology | gastroenterology | neurology | orthopedics | ophthalmology,"lol ok so i've been getting this squeezing pressure in my chest along with feeling super dizzy the past two days, comes and goes, kinda scary ngl, should i come in",cardiology,easy,,short,cardiology,,False,6,
C07_040,C07,choice,Which specialty department should this patient message be routed to?,cardiology | dermatology | gastroenterology | neurology | orthopedics | ophthalmology,"Hi! Random one, but this week everything I look at through my right eye seems dimmer and slightly washed out compared to my left, like there's a faint filter over it — anything I should do?",ophthalmology,medium,,short,ophthalmology,,False,6,
C07_041,C07,choice,Which specialty department should this patient message be routed to?,cardiology | dermatology | gastroenterology | neurology | orthopedics | ophthalmology,"For the past several days I have experienced significant blurring in my left eye that makes it difficult to read text on my monitor, accompanied by small dark specks that drift across my field of vision whenever I look at a bright, plain background like a blank document or the sky, and the blurring seems to be getting slightly worse each day rather than improving.",ophthalmology,easy,,medium,ophthalmology,audit,False,6,
C07_043,C07,choice,Which specialty department should this patient message be routed to?,cardiology | dermatology | gastroenterology | neurology | orthopedics | ophthalmology,"My father insists his back is 'just a little stiff,' which in Dad-speak means he can no longer bend down to tie his own shoes without holding onto the doorframe for support, and it's been going on for about a month now. He also mentions a dull ache that runs down into his left leg when he's been standing at the counter too long. He will not admit this is a problem, so I am admitting it for him.",orthopedics,medium,,medium,orthopedics,,False,6,
C07_044,C07,choice,Which specialty department should this patient message be routed to?,cardiology | dermatology | gastroenterology | neurology | orthopedics | ophthalmology,"So this is going to sound like a lot but bear with me — ever since the school fair last Saturday, where by the way my daughter Lila won a stuffed llama at the ring toss that she now sleeps with every night, she's had these odd little spells, maybe four of them now, where the corner of her mouth and her right hand twitch for about thirty seconds and afterward she seems groggy and out of it for a few minutes before bouncing right back to normal. She's also complained of a mild stomachache the last two days, though that seems totally unrelated and she's still eating fine, so I'm honestly much more concerned about the twitching spells than the stomach thing.",neurology,hard,distractor,medium,neurology,,False,6,
C07_045,C07,choice,Which specialty department should this patient message be routed to?,cardiology | dermatology | gastroenterology | neurology | orthopedics | ophthalmology,"not to be dramatic but i've got this angry red rash all over my inner thighs and armpits after the tournament this weekend, super itchy and kind of stings when i sweat, started right after we switched laundry detergents at the team hotel lol",dermatology,easy,,medium,dermatology,,False,6,
C07_046,C07,choice,Which specialty department should this patient message be routed to?,cardiology | dermatology | gastroenterology | neurology | orthopedics | ophthalmology,"So funny story, or not that funny honestly — I was at my desk on Tuesday finishing up the quarterly report when suddenly this shower of little black dots appeared across my vision in my right eye, like someone flicked pepper across my glasses, except it wasn't the glasses because it was still there when I took them off, and now two days later there's also this faint gray curtain creeping in from the side that wasn't there before.",ophthalmology,easy,,medium,ophthalmology,,False,6,
C07_047,C07,choice,Which specialty department should this patient message be routed to?,cardiology | dermatology | gastroenterology | neurology | orthopedics | ophthalmology,"My father's home monitor has shown systolic readings consistently above 160 for the past week, accompanied by two episodes of a fluttering sensation in the chest lasting under a minute each.",cardiology,medium,,short,cardiology,,False,6,
C07_048,C07,choice,Which specialty department should this patient message be routed to?,cardiology | dermatology | gastroenterology | neurology | orthopedics | ophthalmology,"I find that my right shoulder has grown quite stiff and painful these past several weeks, particularly when reaching for items on the upper shelves, and I would be grateful for advice on the next step.",orthopedics,medium,,short,orthopedics,,False,6,
C07_049,C07,choice,Which specialty department should this patient message be routed to?,cardiology | dermatology | gastroenterology | neurology | orthopedics | ophthalmology,"Hi! My son twisted his ankle on the trampoline yesterday, it's swollen and he won't put any weight on it — he's also got a scraped elbow from the same fall but that's just a scratch, the ankle's what worries me.",orthopedics,hard,distractor,short,orthopedics,,False,6,
C07_050,C07,choice,Which specialty department should this patient message be routed to?,cardiology | dermatology | gastroenterology | neurology | orthopedics | ophthalmology,"So this season has honestly been a whirlwind — we made it further in the regional volleyball tournament than we have in three years, which still feels surreal, and there was this whole thing with our team bus breaking down on the way to the semifinal that turned into an unexpected bonding experience with the girls from the rival team who ended up giving half of us a ride, which is a story for another day. Anyway, during the final match on Saturday, I came down awkwardly from a block and landed wrong on my left ankle, rolling it pretty badly. It swelled up almost immediately, about the size of a small orange by the time we got back to the hotel, and turned a deep purple color by Sunday morning. I iced it on and off all weekend and kept it elevated, but I still can't put my full weight on it without a sharp, stabbing pain along the outside edge, and going down stairs is basically impossible right now — I've been scooting down them sideways holding the rail, which my teammates find hilarious. There's also a fair amount of bruising that's spread up toward my calf. I've got a club tryout in two and a half weeks that I really don't want to miss, so I'm hoping this is something that can heal quickly with the right treatment, but I also don't want to make it worse by rushing back too soon. Could someone take a look this week and let me know what I'm dealing with?",orthopedics,easy,,long,orthopedics,,False,6,
C07_052,C07,choice,Which specialty department should this patient message be routed to?,cardiology | dermatology | gastroenterology | neurology | orthopedics | ophthalmology,"This might be a weird one to explain over message but here goes. About ten days ago, right around the time our whole department was slammed finishing the annual budget review — genuinely one of the most stressful weeks I've had at this job in the four years I've worked here — I started breaking out in these raised, itchy welts, kind of like mosquito bites but bigger, in random spots on my body. They'll show up on my forearm in the morning, be gone by lunch, and then a fresh batch will appear on my lower back or my thigh by evening. Individually each welt only sticks around for a few hours, which is honestly the strangest part, but there's always a new crop somewhere. My coworker joked it was stress hives from the budget deadline, and maybe she's onto something, because things have calmed down at work this week and the welts do seem slightly less frequent, though they haven't stopped entirely. I haven't changed soap, detergent, or started any new medications that I can think of, and I haven't eaten anything unusual. The itching is manageable during the day but gets pretty intense at night, enough that I've been sleeping poorly. I took an antihistamine from my medicine cabinet two nights ago and it seemed to help some, but the welts came right back the next morning. I'd like to figure out what's actually causing this rather than just guessing, especially since it's now been over a week. Let me know if I should come in or send photos first.",dermatology,easy,,long,dermatology,,False,6,
C07_054,C07,choice,Which specialty department should this patient message be routed to?,cardiology | dermatology | gastroenterology | neurology | orthopedics | ophthalmology,"I am providing a status update on my father's overall condition ahead of his quarterly review. His blood pressure has remained stable on his current regimen, averaging 132 over 78 across home readings taken twice daily for the past month. His diabetes management continues without incident; his most recent home glucose readings have ranged from 98 to 145, consistent with prior months, and his last A1c in July was 6.9. He completed his podiatry follow-up two weeks ago with no findings of concern regarding neuropathy or skin integrity on his feet. His physical therapy for the left hip, ongoing since his fall in the spring, is proceeding well, and his therapist noted improved range of motion at the last session. Separately, over approximately the past three weeks, he has developed a pattern of upper abdominal discomfort occurring reliably within thirty to forty-five minutes after meals, described as a gnawing sensation, along with two episodes of dark, tarry-appearing stool that I observed directly during his care routine. His appetite has decreased accordingly, and he has lost approximately four pounds over this period per our home scale. He continues his daily low-dose aspirin as prescribed for cardiac prevention, unchanged from his existing regimen. His sleep schedule, medication administration times, and hydration have all remained consistent with his established routine, and I have kept his medication log up to date as always. Given the dark stool findings in particular, I believe this warrants prompt evaluation rather than waiting for the scheduled quarterly visit, and I would appreciate guidance on how soon he can be seen.",gastroenterology,hard,long_irrelevant,long,gastroenterology,,False,6,
C07_055,C07,choice,Which specialty department should this patient message be routed to?,cardiology | dermatology | gastroenterology | neurology | orthopedics | ophthalmology,"My father fell off a step stool three days ago and landed on his right hip. He has been unable to bear weight on that leg since, and the leg appears slightly shorter and turned outward compared to the other side. He is in significant pain even at rest. He needs to be evaluated as soon as possible.",orthopedics,easy,,medium,orthopedics,,False,6,
C08_000,C08,choice,Which language or technology is this question primarily about?,python | javascript | sql | rust | java | css | bash | git | docker | r | go | cpp,"piping my python scrpits stdout into a while loop but spaces in filenames keep splitting the lines, whats the idiomatic way to use IFS= read -r safely instead of relying on word splitting",bash,hard,distractor,short,bash,,False,12,
C08_002,C08,choice,Which language or technology is this question primarily about?,python | javascript | sql | rust | java | css | bash | git | docker | r | go | cpp,"okay so between packing lunches and the school run i finally had ten minutes to look at this and honestly i almost threw my laptop, because the migration script that worked fine on my machine just blew up on the staging box with column ""user_id"" does not exist and i stared at it for a solid five minutes convinced i was losing my mind, because the column is right there in the create table statement, except then my partner pointed out over dinner that the staging box has an older snapshot of the schema and the join i added references a column that got renamed two migrations ago, so the select is pulling from a table alias that no longer has that name, and when i tried wrapping it in a subquery with a group by to aggregate order totals per customer it just cascaded into a second error about a missing group by clause for a column that wasnt aggregated, which honestly by that point the toddler was awake again and i just wanted the query to run, so if anyone has dealt with a rename that breaks downstream joins and aggregate clauses like this, i would love to know whether i should be running the alter table rename first in its own transaction before touching the reporting queries or if theres a cleaner way to keep both column names valid during the transition period",sql,medium,,long,sql,,False,12,
C08_003,C08,choice,Which language or technology is this question primarily about?,python | javascript | sql | rust | java | css | bash | git | docker | r | go | cpp,"- animating `top` and `left` on 200 cards tanks the frame rate
- switching to `transform: translateY()` instead fixes it instantly
- why does one trigger layout thrashing and the other doesn't?",css,medium,,short,css,,False,12,
C08_005,C08,choice,Which language or technology is this question primarily about?,python | javascript | sql | rust | java | css | bash | git | docker | r | go | cpp,"I'm rendering a fairly large data table, around 4,000 rows, and instead of computing row colors in a script, I want to lean on CSS entirely for the visual processing: alternating row backgrounds with `:nth-child(even)`, and conditionally highlighting cells based on a `data-status` attribute using attribute selectors like `td[data-status=""overdue""]`. I've got the zebra striping working fine, but the attribute-selector highlighting only applies to the first matching row per table section, not every row with that attribute, and I can't figure out why the selector isn't matching consistently across the whole table body",css,easy,,medium,css,,True,12,
C08_006,C08,choice,Which language or technology is this question primarily about?,python | javascript | sql | rust | java | css | bash | git | docker | r | go | cpp,"ok so i keep writing gross nested match statements every time a function can fail and i KNOW theres a cleaner way lol. like i got a function returning Result<u32, String> and then i call it inside another function that also returns a Result, and instead of matching and re-wrapping the error every single time, isnt there some operator that just bubbles the error up automatically? i've seen people use a little question mark after the call but idk if thats actually the idiomatic move or just a meme at this point, someone pls enlighten me",rust,medium,,medium,rust,,False,12,
C08_007,C08,choice,Which language or technology is this question primarily about?,python | javascript | sql | rust | java | css | bash | git | docker | r | go | cpp,"So today was one of those days where absolutely nothing went according to plan, the baby refused her nap for the third day running, the dishwasher started making a noise like a dying appliance, and I still had to get the twins to soccer practice by four while also trying to reheat something resembling dinner, and somewhere between all of that my sister called to complain about the neighbor's fence again which honestly I only half listened to because I was also trying to remember whether I'd paid the electric bill this month, and then my father-in-law dropped by unannounced with a box of tomatoes from his garden which was sweet but also meant rearranging the entire kitchen counter to make room, and on top of all that the dog managed to get into the trash again and I spent twenty minutes cleaning up coffee grounds off the mudroom floor, but anyway, right in the middle of all this chaos I did manage to sneak in a few minutes to fix the thing I've been putting off for a week, which was a one-liner that reads through a folder of exported call logs and pulls out just the phone numbers and counts how many times each one appears, something like `cut -d',' -f3 calls.csv | sort | uniq -c | sort -nr | head`, and it finally worked without me having to open the file in a spreadsheet, so that's one small win in an otherwise completely unhinged Tuesday, and now I just need to figure out dinner before everyone starts asking",bash,hard,long_irrelevant,long,bash,,False,12,
C08_008,C08,choice,Which language or technology is this question primarily about?,python | javascript | sql | rust | java | css | bash | git | docker | r | go | cpp,"I have been endeavouring, in my modest way, to tidy up a rather unwieldy spreadsheet export using `dplyr::filter()` and `group_by()` followed by `summarise(mean(value, na.rm = TRUE))`, and while the pipe operator has been most agreeable once I grew accustomed to it, I find that my data.frame keeps returning `NA` for an entire column after I join it to a second table with `left_join()`, even for rows where I am quite certain both tables share a matching key. Might there be some subtlety in how factor levels are compared during the join that I am overlooking?",r,medium,,medium,r,,True,12,
C08_010,C08,choice,Which language or technology is this question primarily about?,python | javascript | sql | rust | java | css | bash | git | docker | r | go | cpp,"I make small fix on old commit and after that HEAD is not pointing any branch anymore. When I checkout main again, my new commit is gone. Why the commit disappear like this?",git,medium,,short,git,,False,12,
C08_011,C08,choice,Which language or technology is this question primarily about?,python | javascript | sql | rust | java | css | bash | git | docker | r | go | cpp,"quick one while the kettle boils, in SQL whats the idiomatic way to do an upsert now, insert into table on conflict do update or is there something cleaner",sql,easy,,short,sql,,True,12,
C08_013,C08,choice,Which language or technology is this question primarily about?,python | javascript | sql | rust | java | css | bash | git | docker | r | go | cpp,"- need to centre a div both ways, done fighting with margins
- is `display:flex` + `place-items:center` still the modern idiomatic pick over grid?",css,easy,,short,css,,False,12,
C08_015,C08,choice,Which language or technology is this question primarily about?,python | javascript | sql | rust | java | css | bash | git | docker | r | go | cpp,"- deploy pipeline itself is fine: the shell wrapper runs, ssh's into the box, and starts the process without complaint
- the process then dies about four seconds in with this in the log:
  `Exception in thread ""main"" java.lang.NullPointerException: Cannot invoke ""String.length()"" because ""config.name"" is null`
  `at com.acme.billing.ConfigLoader.validate(ConfigLoader.java:47)`
  `at com.acme.billing.Main.main(Main.java:22)`
- ConfigLoader.validate() reads a properties file and calls .length() on a field before anything null-checks it
- the properties file has `name=` with nothing after the equals sign on the production box, but a real value on staging
- so the stack trace makes sense, the question is more about style: is there a cleaner idiom than a chain of `if (x == null)` guards at the top of validate(), maybe Optional.ofNullable(...).orElseThrow(...), that would surface a better message than a raw NPE pointing at line 47
- also open to suggestions on where the null check should live, in the loader itself or in the config object's constructor",java,hard,distractor,long,java,,True,12,
C08_016,C08,choice,Which language or technology is this question primarily about?,python | javascript | sql | rust | java | css | bash | git | docker | r | go | cpp,"hey so quick one, swapping pass-by-value args for const references and reserving vector capacity upfront instead of growing it one push_back at a time made a slow loop suddenly fly. is reallocation really that costly, or am I imagining the speedup?",cpp,medium,,short,cpp,,False,12,
C08_017,C08,choice,Which language or technology is this question primarily about?,python | javascript | sql | rust | java | css | bash | git | docker | r | go | cpp,"Our team has spent the last quarter migrating a decade-old monorepo away from a bespoke internal build orchestrator that nobody remaining on the team fully understands, and the migration itself has been more organizational than technical: getting five different sub-teams to agree on a shared versioning scheme, coordinating a code freeze window that didn't collide with two other teams' releases, and writing enough documentation that the next person who touches this doesn't have to reverse-engineer intent from commit messages. Most of that work has gone smoothly, all things considered, and the steering committee is reasonably happy with the pace. The one open technical item, which I'd like input on, surfaced while wiring up the new CMakeLists.txt for the geometry module: the build configures fine and compiles every translation unit without warnings, but the final link step fails with `undefined reference to Geometry::Mesh::computeNormals(std::vector<Vertex> const&)`, even though that symbol is defined in mesh.cpp and mesh.cpp is listed in the target's sources. I suspect the template instantiation is only happening in a translation unit that never gets linked into this particular target, since computeNormals is itself a template function specialized for a couple of vertex types, but I'd rather confirm that theory than go chasing it blind. Has anyone dealt with a linker being unable to find a symbol for a function template that's fully defined in a header, and does explicit instantiation in the source file resolve it cleanly, or is exposing the whole template definition in the header the more standard fix here?",cpp,hard,long_irrelevant,long,cpp,,True,12,
C08_019,C08,choice,Which language or technology is this question primarily about?,python | javascript | sql | rust | java | css | bash | git | docker | r | go | cpp,"So I've been rewriting our little config parser in Rust this week, finally got tired of segfaults in the old C version, no offense to C, and I hit a borrow checker error that's been staring me down for like an hour now. Here's roughly the shape of the code:

fn process(items: &mut Vec<Item>) {
    let first = &items[0];
    items.push(Item::default());
    println!(""{}"", first.name);
}

And rustc yells at me with something like `cannot borrow items as mutable because it is also borrowed as immutable`, pointing at the push call. I get why conceptually, a push could reallocate the vector and invalidate that reference, but I don't get why the compiler can't just tell that first isn't used after the push, since println comes after. Is this one of those cases where non-lexical lifetimes just aren't smart enough yet, or am I missing something more fundamental about how references interact with methods that might reallocate? Also open to the idiomatic fix, clone the name out early, restructure so the borrow ends before the mutation, something else entirely?",rust,easy,,long,rust,,True,12,
C08_022,C08,choice,Which language or technology is this question primarily about?,python | javascript | sql | rust | java | css | bash | git | docker | r | go | cpp,"my buddy, way more experienced than me, took one look at my mutex-guarded shared map passed between worker functions and said just send values over a channel and let one goroutine own the map, fixed three bugs instantly, is that really the idiomatic default?",go,medium,,short,go,,True,12,
C08_024,C08,choice,Which language or technology is this question primarily about?,python | javascript | sql | rust | java | css | bash | git | docker | r | go | cpp,"ok this ones driving me nuts. i got two divs stacked on top of each other, first one has margin-bottom: 40px second one has margin-top: 40px, i expect 80px of gap between them but the browser only shows 40px like the two margins just... merged into one. tried it with padding instead and it worked fine, full 80px gap no problem. also noticed it only happens when the divs are siblings with nothing else between them, soon as i throw an empty div with a tiny border in the middle the full 80px shows up again like magic. same thing happens between a parent and its first child, if the parent has no border or padding on top the childs margin-top just leaks out and pushes the parent down instead of pushing the child down inside it, which took me way too long to figure out was even happening bc visually it just looked like the parent had a weird gap above it. is this some kind of quirky rule about adjacent margins combining instead of adding, and does the invisible border trick actually count as a real fix or is it just a hack that happens to work",css,hard,implicit,long,css,,False,12,
C08_025,C08,choice,Which language or technology is this question primarily about?,python | javascript | sql | rust | java | css | bash | git | docker | r | go | cpp,"trynig to build my image and just get 'Cannot connect to the Docker daemon at unix:///var/run/docker.sock. Is the docker daemon running?' every single time even tho i just restarted my laptop. checked and the desktop app icon in the tray looks like its running fine, ran the build again same error, restarted the app itself twice now still nothing. only other clue is it worked yesterday before the os update, anyone seen this after an update before",docker,easy,,medium,docker,,True,12,
C08_026,C08,choice,Which language or technology is this question primarily about?,python | javascript | sql | rust | java | css | bash | git | docker | r | go | cpp,"lol my console is just spamming 'Uncaught TypeError: Cannot read properties of undefined (reading 'map')' every time this component renders, any idea what's up?",javascript,easy,,short,javascript,,False,12,
C08_027,C08,choice,Which language or technology is this question primarily about?,python | javascript | sql | rust | java | css | bash | git | docker | r | go | cpp,"so funny story, my cofounder and i were setting up the reporting database for our little side project at like 1am after way too much coffee, and we got to the part where every query joining orders to customers was taking forever, so we finally added `CREATE INDEX idx_orders_customer ON orders(customer_id);` and also threw a `FOREIGN KEY (customer_id) REFERENCES customers(id)` constraint on there for good measure, and it went from a ten second wait to basically instant, which honestly felt like a bigger win at 1am than it probably should have",sql,medium,,medium,sql,,False,12,
C08_028,C08,choice,Which language or technology is this question primarily about?,python | javascript | sql | rust | java | css | bash | git | docker | r | go | cpp,"Look, I want to preface this by saying I've been doing data analysis long enough to be deeply suspicious of anyone who tells me their solution 'just works,' because in my experience that phrase precedes a three-hour debugging session roughly ninety percent of the time, and this week was no exception. I spent two days convinced my machine was simply underpowered, I even went so far as to price out a new laptop, which, for the record, is a rabbit hole I do not recommend going down at eleven at night while mildly annoyed, before a colleague pointed out, with the specific tone of someone who has clearly seen this exact mistake fifty times before, that the actual problem had nothing to do with my hardware. The script in question builds up a results vector by growing it one element at a time inside a for loop, with a line roughly like `results <- c(results, new_value)` sitting inside the loop body, and apparently every single one of those calls silently reallocates and copies the entire vector so far, which is fine at ten iterations and catastrophic at ten thousand. Rewriting it to preallocate the vector at its final length up front, or better yet just replacing the loop with a call to `sapply()` over the input, apparently makes the whole thing finish before I can even switch tabs to check my email. I remain skeptical that I'm the last person to learn this, but here we are, and I suppose the new laptop can wait",r,hard,long_irrelevant,long,r,,True,12,
C08_030,C08,choice,Which language or technology is this question primarily about?,python | javascript | sql | rust | java | css | bash | git | docker | r | go | cpp,"Spawning a goroutine per request was fine at low volume, but under load the scheduler burns more time context-switching between thousands of blocked goroutines than doing real work, a buffered channel into a fixed worker pool cut latency in half. Expected?",go,hard,implicit,short,go,,True,12,
C08_031,C08,choice,Which language or technology is this question primarily about?,python | javascript | sql | rust | java | css | bash | git | docker | r | go | cpp,"ok so i needed to pull some stats out of our repo history for a lil report, and i ended up piping `git log --pretty=format:'%an' | sort | uniq -c | sort -nr` to see who's committed the most this year lmao. worked way better than i expected but now i wanna also filter it to just one folder in the repo, is `-- path/to/folder` the right way to tack that on at the end or does the order matter",git,easy,,medium,git,,True,12,
C08_032,C08,choice,Which language or technology is this question primarily about?,python | javascript | sql | rust | java | css | bash | git | docker | r | go | cpp,"My script is slow because I use `cat file | grep pattern` many times in for loop, one time for each line. Is better to use built-in bash commands than call external programs so many times?",bash,easy,,short,bash,,True,12,
C08_033,C08,choice,Which language or technology is this question primarily about?,python | javascript | sql | rust | java | css | bash | git | docker | r | go | cpp,"linker keeps throwing 'undefined reference to `Shape::area() const'' even tho i defined it in shape.cpp and included shape.h everywhere, compiled with g++ -std=c++17, wtf am i missing",cpp,easy,,short,cpp,,True,12,
C08_034,C08,choice,Which language or technology is this question primarily about?,python | javascript | sql | rust | java | css | bash | git | docker | r | go | cpp,"I have a loop that attaches a click handler to five buttons, each meant to log its own index when clicked. Every handler logs 5 regardless of which button fires. Changing the loop variable's declaration from one keyword to another fixed it completely, without touching the handler logic itself. I want to understand why the closure captured a single shared value instead of a separate one per iteration in the original version",javascript,medium,,medium,javascript,,False,12,
C08_036,C08,choice,Which language or technology is this question primarily about?,python | javascript | sql | rust | java | css | bash | git | docker | r | go | cpp,"I have a page that show list of products, maybe 3000 items, and for each one I attach event listener directly with addEventListener inside a for loop that run every time list update. Page become very slow after few updates, like scrolling is lagging very bad. I ask a friend and he say I am creating too many listeners and old ones from before are not remove, so they keep piling up in memory every time list refresh. He tell me to use one listener on the parent element instead and check which child was clicked, instead of one listener per item. Is this really make such big difference, or maybe problem is something else, because I also use a lot of querySelector inside the loop to find elements again and again, and I wonder if that also making things slow, since page has many nested elements inside big container and each search maybe walk through whole tree every time. I try to add the listeners only once outside of loop but I am not one hundred percent sure how to detect which item user click if I do it that way, so if someone can explain little bit how event bubble up so I can use just single listener on parent, I will be very grateful, because right now the fan on my laptop start spinning very loud every time I scroll on this page and I don't think that is a good sign",javascript,medium,,long,javascript,,False,12,
C08_037,C08,choice,Which language or technology is this question primarily about?,python | javascript | sql | rust | java | css | bash | git | docker | r | go | cpp,"Compiling reports `./main.go:14:2: declared and not used: err`, even though `err` is assigned two lines earlier from a failed call, is Go's unused-variable check really this strict about intermediate assignments, or is there a shadowing issue in my snippet?",go,easy,,short,go,,True,12,
C08_038,C08,choice,Which language or technology is this question primarily about?,python | javascript | sql | rust | java | css | bash | git | docker | r | go | cpp,"okay this rust thing is messing with my head lol. i pass a String into a function, then try to use that same variable again afterward in the caller, and the compiler just refuses, says the value was moved. i thought passing something into a function was basically like javascript where the original just... still exists after? do i need to clone everything or pass a reference instead, feels like theres gotta be a less copy-pasty way to deal with this",rust,easy,,medium,rust,,True,12,
C08_039,C08,choice,Which language or technology is this question primarily about?,python | javascript | sql | rust | java | css | bash | git | docker | r | go | cpp,"processing a big batch of records by fanning them out to a bunch of worker goroutines reading off one shared channel, then a sync.WaitGroup to know when theyre all done before closing the results channel. works but every few runs one worker seems to grab zero records while another gets double, is that just normal since channel reads arent guaranteed to be even across goroutines, or did i mess up the fan-out logic somewhere",go,medium,,medium,go,,True,12,
C08_040,C08,choice,Which language or technology is this question primarily about?,python | javascript | sql | rust | java | css | bash | git | docker | r | go | cpp,"so i finally got tired of typing the same long command every time so i added `alias gp='git pull origin main'` to my .bashrc and also exported my PATH to include a scripts folder in my home dir, but every time i open a new terminal tab the alias just isnt there even tho the file def has it saved, do i need to source it manually or is my shebang messing something up",bash,easy,,medium,bash,,True,12,
C08_041,C08,choice,Which language or technology is this question primarily about?,python | javascript | sql | rust | java | css | bash | git | docker | r | go | cpp,"ok long one sry. so basically been at this job like 8 months now and its been fine mostly, teams small, everyones chill, coffee machine finally got fixed last week after being broken since i started which honestly felt like a bigger deal than it shouldve. anyway we had this incident on tuesday where the whole dashboard page just froze for like 30 seconds for every user which is obviously not great, spent most of wednesday just staring at logs and grafana graphs not really finding anything, thursday standup was kinda tense ngl, manager asking a lot of questions we didnt have answers to yet. finally friday afternoon someone actually ran an explain analyze on the query behind that dashboard widget and turned out it was doing a full sequential scan over like 40 million rows every single time the page loaded bc thered never been an index on the column the where clause filters on. added the index, page load time back to like 200ms instead of 30 seconds, everyone very relieved, went home early for once. anyway now im just trying to figure out how to check the rest of our queries for the same problem before it happens again on some other table, is there a good way to just scan a whole schema for missing indexes on frequently filtered columns instead of waiting for it to blow up in prod again",sql,hard,long_irrelevant,long,sql,,False,12,
C08_042,C08,choice,Which language or technology is this question primarily about?,python | javascript | sql | rust | java | css | bash | git | docker | r | go | cpp,"Our onboarding process for new engineers has historically taken about a week and a half longer than it should, mostly due to accumulated undocumented steps that only live in senior engineers' memory, so this quarter I took it upon myself to write a proper onboarding runbook and, more importantly, automate as much of it as possible rather than just describing it in prose that nobody reads past the first paragraph. Most of the runbook covers account provisioning, VPN setup, and access requests to three internal systems that each have their own approval workflow with different SLAs, which has been the single biggest source of delay historically and is largely out of engineering's control to fix. The one piece that was actually within my control was repository setup, and I've now got that down to a single onboarding script that clones the four repos a new hire needs, configures the upstream remote tracking branches correctly so pull and push default to the right places without extra flags, and installs a pre-commit hook that runs the linter before every commit rather than relying on CI to catch formatting issues after the fact, which was generating an embarrassing number of red builds from people who genuinely didn't know the style rules yet. The only snag left is that the hook installer copies the script directly into the repository's internal hooks folder, which means it silently vanishes the moment someone clones the repo fresh, since that folder isn't tracked as part of the repository content itself. I'd like the hook to survive a fresh clone without every new hire needing a separate manual install step, is a tracked hooks directory with a one-time hooksPath configuration entry the standard fix, or is there a cleaner convention for this now?",git,hard,long_irrelevant,long,git,audit,False,12,
C08_043,C08,choice,Which language or technology is this question primarily about?,python | javascript | sql | rust | java | css | bash | git | docker | r | go | cpp,"- cloning our monorepo now takes almost nine minutes on a fresh machine
- years of large binary assets got committed directly alongside source
- would a shallow, depth-limited clone fix the wait, or just move the pain to every later fetch?",git,medium,,short,git,,False,12,
C08_044,C08,choice,Which language or technology is this question primarily about?,python | javascript | sql | rust | java | css | bash | git | docker | r | go | cpp,"My first attempt at wiring three services together with a compose-style file mapping ports 5432 and 6379 to the host, plus a build file with two FROM stages, worked first try, mostly because I copied a coworker's setup and swapped the image tags",docker,hard,implicit,short,docker,,False,12,
C08_045,C08,choice,Which language or technology is this question primarily about?,python | javascript | sql | rust | java | css | bash | git | docker | r | go | cpp,"I loaded survey responses as a factor, and even after filtering out the 'Unknown' rows with droplevels(), that empty level still shows up in every table() and ggplot2 bar chart, why won't it disappear once the rows themselves are gone?",r,easy,,short,r,,True,12,
C08_046,C08,choice,Which language or technology is this question primarily about?,python | javascript | sql | rust | java | css | bash | git | docker | r | go | cpp,"ok story time bc yesterday was WILD. so first my alarm didnt go off bc apparently i set it for pm instead of am, classic, so i woke up already late, spilled coffee on my hoodie, had to change last minute, then my bus was literally just. not there. for twenty five minutes. stood at the stop with like six other ppl all silently judging the bus schedule together, very bonding experience honestly. get to work finally like 40 min late, luckily my manager was also late so nobody even noticed lol, small wins. anyway once i actually sat down i had like zero energy to deal with anything complicated so i just knocked out this one ticket thats been sitting in my queue forever, needed to group a big list of transaction objects by their category field and sum the amounts per group, ended up doing `transactions.stream().collect(Collectors.groupingBy(Transaction::getCategory, Collectors.summingDouble(Transaction::getAmount)))` which honestly felt kinda satisfying to write in one line after how much of a mess my first attempt with nested loops and a manual hashmap was. rest of the day was just meetings, so many meetings, one of them couldve 100% been an email but whatever, not my circus. anyway if anyone has tips for chaining more stuff onto that collector, like also getting a count per category in the same pass instead of a separate stream, lmk bc i feel like theres gotta be a cleaner way than what i got now",java,hard,long_irrelevant,long,java,,False,12,
C08_047,C08,choice,Which language or technology is this question primarily about?,python | javascript | sql | rust | java | css | bash | git | docker | r | go | cpp,"barely have two minutes but this is bugging me, i got a script where i run `mkdir build && cd build && make` chained with && and if the mkdir fails because the folder already exists the whole rest of the line just silently skips, which fine i get that, but then further down i chain the same command with semicolons instead of && just to test something quick and now it runs cd and make even after mkdir already failed, so it definitely does something different than i thought semicolons and && were basically interchangeable and now i dont trust either of them",bash,medium,,medium,bash,,False,12,
C08_048,C08,choice,Which language or technology is this question primarily about?,python | javascript | sql | rust | java | css | bash | git | docker | r | go | cpp,"Rather than a raw pointer with new and delete scattered across several exit paths, is a smart pointer that releases the resource automatically on scope exit the standard idiom now, or do people still reach for manual cleanup in performance-sensitive paths?",cpp,medium,,short,cpp,,False,12,
C08_050,C08,choice,Which language or technology is this question primarily about?,python | javascript | sql | rust | java | css | bash | git | docker | r | go | cpp,"ok so ive been using base subsetting with brackets forever but everyone in this discord keeps telling me to switch to the pipe and dplyr verbs instead, like `df |> filter(score > 50) |> mutate(pass = TRUE)` instead of nested bracket calls, is that actually the idiomatic move now or is it just a trend, bc honestly the bracket version still makes more sense to my brain lol",r,medium,,medium,r,,True,12,
C08_051,C08,choice,Which language or technology is this question primarily about?,python | javascript | sql | rust | java | css | bash | git | docker | r | go | cpp,"Given an array of order objects, chaining filter() to drop cancelled ones, map() to pull totals, then reduce() to sum them reads cleanly, but at 50,000 orders it now visibly stutters the page, are three separate passes really the bottleneck?",javascript,hard,implicit,short,javascript,,False,12,
C08_052,C08,choice,Which language or technology is this question primarily about?,python | javascript | sql | rust | java | css | bash | git | docker | r | go | cpp,"wrote a func with a default arg like def add_item(x, lst=[]): and every call keeps appending to the SAME list even tho i never pass one in, why does the default list persist across calls instead of being fresh each time",python,easy,,short,python,,False,12,
C08_054,C08,choice,Which language or technology is this question primarily about?,python | javascript | sql | rust | java | css | bash | git | docker | r | go | cpp,"the node app itself profiles fine locally, no slow endpoints, no leaks in the heap snapshot, but the second we ship the same image to the box that actually runs it in production, it starts getting throttled and response times spike every few minutes. turns out we never passed a cpu limit when starting it, so it was getting capped by the host's cgroup way below what the node process actually needs, adding --cpus and --memory flags to the run command fixed it, just annoying it took this long to notice since locally there's no limit to compare against",docker,hard,distractor,medium,docker,,False,12,
C08_056,C08,choice,Which language or technology is this question primarily about?,python | javascript | sql | rust | java | css | bash | git | docker | r | go | cpp,"In my working years I was something of a stickler for tidiness, and that habit has followed me into this new hobby of mine rather more than I expected. I have been building a small image for a personal project, and my first attempt was, in retrospect, rather sloppy: a single build file that installed every compiler and development tool needed to produce the application, then simply shipped that same bloated result to run in production, weighing in at well over a gigabyte for what amounts to a modest little program. A younger colleague of my son's, who was kind enough to look over my shoulder one afternoon, suggested I split the build file into two stages instead: one stage with all the heavy compilation tools that produces the finished binary, and a second, much leaner stage that copies only that finished binary out of the first and discards everything else, bringing the final size down to a small fraction of what it was. He also mentioned, almost in passing, that I ought to order my instructions so that anything unlikely to change, such as installing dependencies, happens before I copy in my own source files, since apparently the build process can then reuse earlier work instead of redoing it from scratch every time I make the smallest edit to my code. Lastly, he suggested running the finished program as an ordinary unprivileged user inside the image rather than as the default administrative one, which he assured me is simply considered good manners these days rather than an eccentric precaution. I have made all three changes and the difference, both in size and in the time it takes to rebuild after a small change, has been rather remarkable",docker,medium,,long,docker,,False,12,
C08_057,C08,choice,Which language or technology is this question primarily about?,python | javascript | sql | rust | java | css | bash | git | docker | r | go | cpp,"Maven build fails during the compile phase with 'release version 17 not supported' even though `java -version` on this machine reports 17. The pom.xml specifies `<maven.compiler.release>17</maven.compiler.release>`. JAVA_HOME points to a JDK 11 install, which Maven appears to be using instead of the JDK 17 install that the shell's java command resolves to. Need to fix the JAVA_HOME mismatch without changing the shell's default java",java,easy,,medium,java,,True,12,
C08_058,C08,choice,Which language or technology is this question primarily about?,python | javascript | sql | rust | java | css | bash | git | docker | r | go | cpp,"Files written by the application to /var/log/app inside the container persist across restarts of that same container, but the moment I remove the container and recreate it from the same image, the log directory is empty again. I haven't declared a volume for that path anywhere. Is Docker's behavior here that an anonymous, unnamed writable layer is created per container instance, and that layer, not the image, is what's being discarded on removal?",docker,easy,,medium,docker,,True,12,
C08_059,C08,choice,Which language or technology is this question primarily about?,python | javascript | sql | rust | java | css | bash | git | docker | r | go | cpp,"- moved a large buffer into a spawned thread expecting a deep copy, got a compile error instead of a silent race
- turns out ownership transferred instead, so the original scope simply can't touch it anymore
- annoying at first, but it caught a bug that would've been a nightmare to trace at runtime in the old codebase",rust,hard,implicit,short,rust,,False,12,
C08_060,C08,choice,Which language or technology is this question primarily about?,python | javascript | sql | rust | java | css | bash | git | docker | r | go | cpp,"Two Integer objects created via autoboxing with the same small value compare as equal with ==, but the same comparison for two objects created with values above 127 returns false, even though .equals() returns true in both cases. Nothing else in the code creates these objects explicitly; both come directly from unboxing conversions in a loop. What determines the cutoff, and is relying on == for boxed numeric types ever actually safe?",java,medium,,medium,java,,False,12,
C08_061,C08,choice,Which language or technology is this question primarily about?,python | javascript | sql | rust | java | css | bash | git | docker | r | go | cpp,"Running the script raises `IndentationError: unexpected indent` on a line that, visually, looks correctly aligned with the block above it, likely a mix of tabs and spaces. Is there a reliable way to detect that automatically before execution rather than eyeballing whitespace?",python,easy,,short,python,audit,False,12,
C08_062,C08,choice,Which language or technology is this question primarily about?,python | javascript | sql | rust | java | css | bash | git | docker | r | go | cpp,"After running `pip install -r requirements.txt` inside a freshly created virtual environment, `import pandas` still raises `ModuleNotFoundError` even though the installer reports the package as already satisfied — is my virtualenv somehow not the one being activated?",python,medium,,short,python,,False,12,True
C08_063,C08,choice,Which language or technology is this question primarily about?,python | javascript | sql | rust | java | css | bash | git | docker | r | go | cpp,"Anyone know why a plain `for` loop appending to a list runs way faster for me than the equivalent `.apply()` call on a DataFrame with the same data? Feels backwards, but I keep re-running it and getting the same result!",python,medium,,short,python,,False,12,True
C09_000,C09,choice,How should this forum comment be moderated?,acceptable | harassment | spam | misinformation | off_topic,"forum: TableTop Tactics Forum
thread_title: Best strategy for holding the center in Kingdom Clash
comment: This reminds me of my old Thursday night group back in Denver—there was always one guy just like you who insisted his way was the only way, even after everyone at the table showed him the math on center control. You did the exact same thing in the tile-placement thread last month, and it's honestly exhausting watching you lecture people who clearly understand this game far better than you ever will. Maybe just sit this one out and let the people who actually know what they're doing talk strategy for a while.",harassment,medium,,medium,harassment,,False,5,
C09_001,C09,choice,How should this forum comment be moderated?,acceptable | harassment | spam | misinformation | off_topic,"forum: Sawdust & Shavings
thread_title: How long to let plywood acclimate before cutting?
comment: okay I know everyone in this thread keeps saying to let your lumber acclimate for two weeks before you cut anything but honestly that's just an old myth, wood doesn't actually change size with humidity once it's been kiln dried, so I always cut my boards the same day they show up and glue everything together right away, been doing this for years while chasing three kids around the house and I've never had a single joint fail on me so I really think people are overthinking this whole moisture thing.",misinformation,medium,,medium,misinformation,,False,5,
C09_002,C09,choice,How should this forum comment be moderated?,acceptable | harassment | spam | misinformation | off_topic,"forum: Pedal Pushers Forum
thread_title: Gear ratios for climbing hills
comment: Oh look, another 'expert' post from the guy who still can't figure out how his own derailleur works—maybe try training wheels first, champ.",harassment,easy,,short,harassment,,False,5,
C09_003,C09,choice,How should this forum comment be moderated?,acceptable | harassment | spam | misinformation | off_topic,"forum: Shutter Circle
thread_title: Full frame vs crop sensor for low light
comment: picked up a nova x200 last week, fyi full frame sensors dont actualy gather more light then crop sensors, its just marketing hype so dont waste ur money upgrading",misinformation,hard,distractor,short,misinformation,,False,5,
C09_004,C09,choice,How should this forum comment be moderated?,acceptable | harassment | spam | misinformation | off_topic,"forum: Summit Seekers
thread_title: Sock recommendations for multi-day hikes
comment: not to be that person but cotton socks are actually better for long hikes than people think, they dry faster than wool and prevent blisters way better imo, my cousin swears by it too and honestly all this merino wool hype is just brands trying to charge more for basically nothing. been hiking in plain cotton crew socks for like two years now with zero problems so idk why everyone acts like it's some huge safety issue lol",misinformation,medium,,medium,misinformation,,False,5,
C09_006,C09,choice,How should this forum comment be moderated?,acceptable | harassment | spam | misinformation | off_topic,"forum: Sleepy Parents Circle
thread_title: When to start sleep training
comment: honestly sleep training at 4 months worked way better for us than waiting till 6 like our pediatrician suggested, but every kid really is different",acceptable,easy,,short,acceptable,,False,5,
C09_007,C09,choice,How should this forum comment be moderated?,acceptable | harassment | spam | misinformation | off_topic,"forum: Little Ones Lounge
thread_title: Surviving the teething months
comment: okay so teething was actually ruining our nights until i found this, not sponsored just really works lol — the brand is Lumibean and their silicone teether set comes in different textures for different stages which matters more than people think, use code MAMA15 for 15% off if you wanna check it out, honestly changed our whole bedtime routine",spam,hard,distractor,medium,spam,,False,5,
C09_008,C09,choice,How should this forum comment be moderated?,acceptable | harassment | spam | misinformation | off_topic,"forum: Pixel Archive
thread_title: Underrated NES cartridge mappers
comment: Your understanding of how NES cartridge mappers actually work is embarrassingly shallow, and honestly it shows in every single post you make in this forum.",harassment,easy,,short,harassment,,False,5,
C09_009,C09,choice,How should this forum comment be moderated?,acceptable | harassment | spam | misinformation | off_topic,"forum: Home Cooking Collective
thread_title: Getting a crispy crust on sourdough
comment: - Slightly random but wanted to ask this crowd since everyone's active today
- My office fantasy football draft got moved to Sunday night and I'm stuck on a team name
- Tried a few puns already but they all feel pretty forced
- Is there a rule of thumb for funny without being cringey
- Also curious if Sunday nights are usually a bad time for these drafts or if that's just me overthinking it",off_topic,medium,,medium,off_topic,,False,5,
C09_010,C09,choice,How should this forum comment be moderated?,acceptable | harassment | spam | misinformation | off_topic,"forum: Aperture Exchange
thread_title: RAW vs JPEG for everyday shooting
comment: I think 'always shoot RAW' advice is overrated for casual shooters—JPEG is fine if you nail exposure in camera. Fight me.",acceptable,medium,,short,acceptable,,False,5,
C09_011,C09,choice,How should this forum comment be moderated?,acceptable | harassment | spam | misinformation | off_topic,"forum: Green Thumb Society
thread_title: Newbie asking about seedling watering
comment: Oh bravo, truly a masterclass in horticulture — nothing announces 'expert gardener' quite like drowning every single seedling you've ever touched. Please, keep gracing us with your infinite wisdom.",harassment,hard,sarcasm,short,harassment,,False,5,
C09_012,C09,choice,How should this forum comment be moderated?,acceptable | harassment | spam | misinformation | off_topic,"forum: Kitchen Table Talk
thread_title: Batch cooking for busy weeknights
comment: was making dinner between soccer practice pickups and threw together a big batch of pumpkin puree to can for the week since I had extra jars lying around, just did a regular water bath like I always do for jam because it's basically the same acidity right, sealed twenty jars in like twenty minutes and stuck them in the pantry for the month, kids loved it so figured I'd share since it saves so much time compared to the pressure canner everyone online insists you absolutely need.",misinformation,hard,implicit,medium,misinformation,queue,False,5,
C09_013,C09,choice,How should this forum comment be moderated?,acceptable | harassment | spam | misinformation | off_topic,"forum: Home Cooking Collective
thread_title: Meal planning services worth it?
comment: been using this meal kit thing called freshbox for like two months now, way better then doing groceries myself tbh, i put my referral link in my profile if anyone wants a free box when they sign up, worked great for my family of four and saved me so much time honestly",spam,medium,,medium,spam,,False,5,
C09_014,C09,choice,How should this forum comment be moderated?,acceptable | harassment | spam | misinformation | off_topic,"forum: Fine Joinery Circle
thread_title: Dovetail spacing on drawer fronts
comment: Your dovetail spacing calculations are off, but that's beside the point. What's actually telling is that you've been giving joinery advice on this forum for three years while apparently never learning to read a tape measure past the half-inch mark. I've corrected the same basic tolerance mistake in four of your posts now. At some point incompetence stops being a technique disagreement and just becomes something people should stop taking seriously from you specifically.",harassment,hard,distractor,medium,harassment,,False,5,
C09_015,C09,choice,How should this forum comment be moderated?,acceptable | harassment | spam | misinformation | off_topic,"forum: Fin & Filter Forum
thread_title: Stocking advice for a 20 gallon tank
comment: - Noticed you've posted this exact same stocking question four times now
- Maybe reading before typing just isn't your thing
- Saving the rest of us the trouble of repeating ourselves again",harassment,hard,implicit,short,harassment,,False,5,
C09_016,C09,choice,How should this forum comment be moderated?,acceptable | harassment | spam | misinformation | off_topic,"forum: Backyard Growers
thread_title: Companion planting that actually worked for me this year
comment: okay so I know companion planting gets memed on a lot in gardening groups as just folklore, but I want to share what actually worked in my raised beds this summer because the difference was pretty noticeable. I planted marigolds along the border of my tomato bed mostly because I had extra seedlings, and I definitely had fewer aphids on that side compared to the bed without them, though I'll admit that could just be luck or bed placement. The bigger win for me was interplanting basil between the tomato plants — not for any pest magic, but because it filled in ground space that would've otherwise gone to weeds, and it made harvesting way more efficient since I wasn't walking as far between beds. I also tried the classic beans-corn-squash combo and honestly found it kind of annoying to manage, the squash vines took over everything by August and made it hard to get to the corn. So my take is companion planting is more about smart space use and habit than any guaranteed pest control, and I'd rather hear what's actually worked for other people here than just repeat the pairing charts everyone posts. Anyone had a similarly mixed experience with the three sisters method?",acceptable,medium,,long,acceptable,,False,5,
C09_017,C09,choice,How should this forum comment be moderated?,acceptable | harassment | spam | misinformation | off_topic,"forum: Backyard Growers
thread_title: Why are my tomato leaves curling
comment: Oh sure, let's all pretend curling tomato leaves is the real crisis here. Meanwhile my HOA sent me a third notice this month about the color of my mailbox post, which apparently violates some bylaw from 1987 nobody's enforced in a decade. Riveting stuff, truly. I have a meeting with the board on Thursday to argue about paint swatches instead of dealing with actual plants, so that's where my week is going.",off_topic,hard,sarcasm,medium,off_topic,,False,5,
C09_018,C09,choice,How should this forum comment be moderated?,acceptable | harassment | spam | misinformation | off_topic,"forum: Aquatic Hobbyist Hub
thread_title: Are undergravel filters obsolete?
comment: Not sure I buy that undergravel filters are obsolete — mine's been running for a decade with zero issues.",acceptable,easy,,short,acceptable,,False,5,
C09_019,C09,choice,How should this forum comment be moderated?,acceptable | harassment | spam | misinformation | off_topic,"forum: Meeple Exchange
thread_title: Is Wingspan worth the expansion cost?
comment: Unrelated to the expansions, but does anyone know a reliable method for calibrating a digital kitchen scale? Mine's been reading inconsistently for weeks.",off_topic,medium,,short,off_topic,,False,5,
C09_020,C09,choice,How should this forum comment be moderated?,acceptable | harassment | spam | misinformation | off_topic,"forum: Little Ones Lounge
thread_title: How to tell if a fever is serious
comment: quick tip between school drop offs, teething definitely causes high fevers so if baby's running 102 during teething theres no need to call the doctor, totally normal",misinformation,easy,,short,misinformation,,False,5,
C09_021,C09,choice,How should this forum comment be moderated?,acceptable | harassment | spam | misinformation | off_topic,"forum: Green Thumb Society
thread_title: Companion planting success stories
comment: Oh, absolutely, let's talk companion planting, because that's clearly the most pressing thing happening in my life right now. Reminds me of last week actually, when my neighbor Gary decided the shared fence between our yards was somehow 'leaning toward his side' after eleven years of it just sitting there fine, and now I'm apparently supposed to split the cost of a whole new fence because an inspector he hired — who he definitely didn't pay to say this — agreed with him. My wife thinks I should just pay half and move on, and maybe she's right, but I spent two hours on Saturday taking photos of the original property survey from when we bought the house just to prove the fence line hasn't moved an inch. Gary also mentioned, completely out of nowhere, that his daughter is getting married next spring, like that's relevant to fence posts somehow. Anyway I've got a call with our HOA rep on Monday to sort out whose responsibility this actually is, so if anyone's dealt with a neighbor property line dispute and has advice on documentation, I'd take it over more planting charts at this point, honestly.",off_topic,hard,sarcasm,long,off_topic,,False,5,
C09_022,C09,choice,How should this forum comment be moderated?,acceptable | harassment | spam | misinformation | off_topic,"forum: Boardroom Strategists
thread_title: Fixing rules disputes at family game night
comment: - 'Sugar doesn't cause hyperactivity in kids,' sure, tell that to my game night group right after the cupcakes come out
- Six kids climbing the walls mid-trade in Catan is definitely just 'excitement about the game'
- Must be a wild coincidence that it happens at literally every birthday party too
- Next people will try telling me screens don't affect sleep either",misinformation,hard,sarcasm,medium,misinformation,queue,False,5,
C09_023,C09,choice,How should this forum comment be moderated?,acceptable | harassment | spam | misinformation | off_topic,"forum: Kitchen Table Talk
thread_title: Reverse sear vs stovetop searing
comment: I tried reverse searing twice this week against my usual stovetop method — slightly better crust, but the extra thirty minutes of resting isn't worth it on a weeknight.",acceptable,hard,implicit,short,acceptable,,False,5,
C09_024,C09,choice,How should this forum comment be moderated?,acceptable | harassment | spam | misinformation | off_topic,"forum: Spoke & Chain
thread_title: Ideal tire pressure for road bikes
comment: I want to share something I learn from my uncle, he cycle more than 20 years. He say if you pump tire very very hard, like max PSI on sidewall always, this make you faster and also this prevent flats completely, is not possible to get flat when tire is at maximum. I do this now every ride and I tell my friends also, they should stop worry so much about the pressure chart, just pump to the max number always for best result.",misinformation,medium,,medium,misinformation,,False,5,
C09_025,C09,choice,How should this forum comment be moderated?,acceptable | harassment | spam | misinformation | off_topic,"forum: Backyard Growers
thread_title: Fertilizer recommendations for raised beds
comment: oh sure, like THIS fertilizer really fix everything... but is true, GreenBoost Pro make my tomatoes amazing in two weeks, use code LEAF15 for 15% off on their site, really worth to try",spam,hard,sarcasm,short,spam,,False,5,
C09_027,C09,choice,How should this forum comment be moderated?,acceptable | harassment | spam | misinformation | off_topic,"forum: Sleepy Parents Circle
thread_title: Toddler won't stay in bed
comment: no offense but if you read half as many parenting books as you post the same tired question every week you wouldnt still be confused about basic bedtime routines at this point, just saying",harassment,medium,,short,harassment,,False,5,
C09_029,C09,choice,How should this forum comment be moderated?,acceptable | harassment | spam | misinformation | off_topic,"forum: Retro Cartridge Club
thread_title: Genesis vs SNES side scrollers
comment: Man, this takes me back — my older brother had a Genesis hooked up in our basement growing up, and we'd take turns on Streets of Rage until our thumbs hurt. I know a lot of people here prefer the SNES port comparisons, but honestly I think the Genesis version still holds up better for pure speed and hit feedback, even if the color palette is rougher around the edges. Not trying to start anything, just always curious why that opinion isn't more popular around here.",acceptable,medium,,medium,acceptable,,False,5,
C09_030,C09,choice,How should this forum comment be moderated?,acceptable | harassment | spam | misinformation | off_topic,"forum: Pixel Archive
thread_title: Why CRTs still matter for retro gaming
comment: CRT televisions actually have more input lag than modern LCD monitors, because the electron beam has to physically scan each line one at a time, which adds noticeable delay frame after frame. Modern LCDs process the whole image at once internally, so there's no scanning delay at all. That's why competitive retro players should really be using a modern 4K television instead of hunting down old CRTs for lower lag.",misinformation,medium,,medium,misinformation,,False,5,
C09_031,C09,choice,How should this forum comment be moderated?,acceptable | harassment | spam | misinformation | off_topic,"forum: Home Cooking Collective
thread_title: The one true way to make risotto
comment: Sure, keep insisting your risotto method is 'the only right way' — must be nice living in a world where everyone who's ever worked a professional kitchen is apparently wrong except you. It's honestly kind of impressive how confidently you post about techniques you've clearly never tried outside your own kitchen. At some point it might be worth trying someone else's method before declaring the debate settled.",harassment,medium,,medium,harassment,,False,5,
C09_032,C09,choice,How should this forum comment be moderated?,acceptable | harassment | spam | misinformation | off_topic,"forum: The Workshop Bench
thread_title: Best glue for end-grain cutting boards
comment: Funny that this thread popped up today because I have spent literally my entire week dealing with something completely unrelated to glue. Our home renovation permit finally got approved after four months of back and forth with the city, and the contractor we hired, a company called Ridgeline Build Partners, sent over their revised timeline yesterday which pushed the drywall phase back another three weeks because of an inspection scheduling conflict. I want to be clear I'm not trying to plug them or anything, they've just been the entire focus of my week, for better or worse. Apparently the inspector flagged something about the electrical panel that nobody caught during the initial walkthrough, so now there's an added cost nobody budgeted for, and my spouse and I spent all of Saturday going through the contract line by line trying to figure out whose responsibility that actually was. It has genuinely been an exhausting process, way more paperwork than I expected going in, with three separate permit offices involved at different points. Anyway, I don't have anything useful to add about glue types, I just needed to vent somewhere and this tab happened to be open. Back to your regularly scheduled woodworking questions, sorry for hijacking the thread.",off_topic,hard,distractor,long,off_topic,,False,5,
C09_033,C09,choice,How should this forum comment be moderated?,acceptable | harassment | spam | misinformation | off_topic,"forum: Summit Seekers
thread_title: Trekking poles on steep descents
comment: I'd push back on always defaulting to trekking poles for descents — on loose scree they can catch and actually increase fall risk without proper wrist-strap technique.",acceptable,medium,,short,acceptable,,False,5,
C09_034,C09,choice,How should this forum comment be moderated?,acceptable | harassment | spam | misinformation | off_topic,"forum: Two Wheel Collective
thread_title: Chain lubricant shootout results
comment: I spent the better part of three weekends testing four different chain lubricants side by side across wet conditions, dry conditions, and dust exposure. Wax-based lube performed best overall by a decent margin, especially for keeping the drivetrain clean, but the specific one I ended up sticking with is CascadeWax Pro, which you can currently get through my referral link in my profile for an extra two months of trial supply free. Happy to share the full spreadsheet of data if anyone's curious, but wanted to flag the deal while it's still running since it saved me a good chunk of change.",spam,medium,,medium,spam,,False,5,
C09_035,C09,choice,How should this forum comment be moderated?,acceptable | harassment | spam | misinformation | off_topic,"forum: Fin & Filter Forum
thread_title: How often to change substrate in a planted tank
comment: Spent most of yesterday afternoon trying to get my car's alignment sorted after hitting that pothole on Route 9 last month — turns out it also knocked one of the tie rods slightly out of spec, which the shop said probably explains the faint vibration I'd been feeling above fifty miles an hour. They also found a slow leak in the rear passenger tire, which I hadn't noticed until they pointed out the tread wear pattern. Ended up replacing both tires on that side just to be safe, and the ride is noticeably smoother now, though it cost more than I expected going in.",off_topic,hard,implicit,medium,off_topic,audit,False,5,
C09_036,C09,choice,How should this forum comment be moderated?,acceptable | harassment | spam | misinformation | off_topic,"forum: Retro Cartridge Club
thread_title: Where to find restored Famicom consoles
comment: Hello everyone, I sell restored Famicom consoles for cheap price, visit my shop link in my profile for best deal today!",spam,easy,,short,spam,,False,5,
C09_037,C09,choice,How should this forum comment be moderated?,acceptable | harassment | spam | misinformation | off_topic,"forum: Little Ones Lounge
thread_title: Screen time limits for preschoolers
comment: We cap screen time at forty-five minutes on weekdays and about ninety on weekends, split into two sittings rather than one block. This came after we noticed transitions off the tablet were far worse when it was one long continuous session versus two shorter ones. We also stopped counting educational apps as exempt from the total, since our son didn't distinguish between a phonics app and a cartoon in terms of the meltdown when time was up. Meals and the hour before bed are screen-free entirely, no exceptions, because we found bedtime resistance dropped noticeably once we made that consistent. I know some parents in this group have had success with token systems where kids earn extra minutes through chores or reading, and we tried a version of that for about a month, but it turned screen time into a constant negotiation rather than a settled routine, which was worse for us specifically. I don't think there's one correct number that works for every household — ours is built around our son's particular tendency to escalate at transitions, and another kid might do fine with a completely different structure. Curious whether other parents have found the two-sitting split makes a difference, or if that's just something that worked for our situation specifically.",acceptable,easy,,long,acceptable,,False,5,
C09_038,C09,choice,How should this forum comment be moderated?,acceptable | harassment | spam | misinformation | off_topic,"forum: Grain & Chisel Guild
thread_title: Adhesive recommendations for cutting boards
comment: In answer to your question about a suitable adhesive for end-grain cutting boards, I have long used Titebond III, as it is well suited to variations in humidity and cleans up easily with water. I do not receive anything for saying so, merely sharing what has worked reliably across some dozen boards over the years. Whichever brand you choose, do be sure to clamp with even pressure across the full length of the joint.",acceptable,hard,distractor,medium,acceptable,,False,5,
C09_039,C09,choice,How should this forum comment be moderated?,acceptable | harassment | spam | misinformation | off_topic,"forum: Dice & Decks Community
thread_title: Post your worst strategic blunder ever
comment: Oh yes, I am truly the grandmaster of this game, everyone should be studying my moves very carefully. Last week I am playing the new expansion of Kingdom Clash with my friends, and I trade away my only source of the blue resource because I am thinking, ha, I am so clever, nobody will need blue resource this late in game. Then, next turn, the entire board state changes because of one card everybody except me apparently already know about, and suddenly blue resource is the only thing that matter for final scoring. My friends are laughing so hard they almost cannot finish counting the points, and I am sitting there like a genius who just build a house with no roof. I am telling this story not to make myself sad again but because I think is useful lesson for other new players like me: always read the scoring card fully before you assume something is useless, even late in game. Does anyone else have a mistake this bad, or am I the only one who trade away the game like this?",acceptable,hard,sarcasm,long,acceptable,,False,5,
C09_040,C09,choice,How should this forum comment be moderated?,acceptable | harassment | spam | misinformation | off_topic,"forum: Aquatic Hobbyist Hub
thread_title: Custom glassware for planted tanks
comment: I have, over this past year, begun producing small batches of hand-blown glass lily pipes and spray bars for planted aquariums in my home workshop, each piece shaped individually rather than mass-produced. Should any of you wish to acquire a set, I am glad to arrange delivery for a modest sum, payment by check preferred, and I may be reached through the contact details on my personal page. I currently have eleven sets remaining before the next batch begins next month.",spam,hard,implicit,medium,spam,,False,5,
C09_041,C09,choice,How should this forum comment be moderated?,acceptable | harassment | spam | misinformation | off_topic,"forum: Fin & Filter Forum
thread_title: Do you really need a water conditioner?
comment: tap water is totally fine for fish straight from the tap, no need to dechlorinate at all, ive kept fish for years and never used conditioner once, chlorine evaporates the second it touches the tank water so its a non issue honestly, all these companies just want you to buy stuff you dont actually need",misinformation,easy,,medium,misinformation,,False,5,
C09_042,C09,choice,How should this forum comment be moderated?,acceptable | harassment | spam | misinformation | off_topic,"forum: Shutter Circle
thread_title: Editing presets recommendations
comment: yo if anyone's looking for cheap lightroom presets check out my shop, link's in my bio, I've got like 50 different film-look packs for $9.99 rn which is way cheaper than the big name creators charging $40+ for basically the same vibe honestly, link is in my profile and I do bundle deals too if you dm me",spam,easy,,medium,spam,,False,5,
C09_043,C09,choice,How should this forum comment be moderated?,acceptable | harassment | spam | misinformation | off_topic,"forum: Aperture Exchange
thread_title: Where to buy budget lenses
comment: Sure, everyone says buy your gear from the big retailers, but shocker — my own online shop, link in profile, has the same lenses for way less. No, I'm not kidding, go check before you overpay like the rest of the crowd apparently is happy to do.",spam,easy,,medium,spam,,False,5,
C09_044,C09,choice,How should this forum comment be moderated?,acceptable | harassment | spam | misinformation | off_topic,"forum: Pedal Pushers Forum
thread_title: Winter commuting tips
comment: Not about bikes at all, but does anyone else's smart thermostat randomly decide sixty-eight degrees is suddenly too cold at 2am? Mine's been gaslighting me all week, cranking the heat on its own and then acting confused when I turn it back down. I'm almost ready to rip it out and go back to a plain dial on the wall like my parents had.",off_topic,easy,,medium,off_topic,,False,5,
C09_045,C09,choice,How should this forum comment be moderated?,acceptable | harassment | spam | misinformation | off_topic,"forum: Shutter Circle
thread_title: Best settings for golden hour portraits
comment: Sorry, is not about camera, but I want to ask, anyone know good app for track sleeping hours? My phone app is not very accurate I think.",off_topic,medium,,short,off_topic,,False,5,
C09_046,C09,choice,How should this forum comment be moderated?,acceptable | harassment | spam | misinformation | off_topic,"forum: Trailhead Talk
thread_title: Planning a fall backpacking trip
comment: okay unrelated to backpacking but I need to vent about my apartment building for a sec lol. so the laundry room downstairs has had exactly one working dryer for like three weeks now and management keeps sending these vague emails like 'we are aware of the issue and working with our vendor' but nothing ever actually changes. i've started doing laundry at my friend's place across town which honestly defeats the whole purpose of living somewhere with in-unit laundry access, and yes i checked, my lease does specifically list two working dryers as an amenity. i finally called the number on our lease packet today and got put on hold for like forty five minutes before someone told me they'd 'escalate a ticket' which feels like something people say when they have no intention of doing anything. anyway if anyone here has actually successfully gotten a landlord to fix something like this without going full nuclear on them i would love tips because i really don't want to be that tenant who starts writing formal letters, but i am getting close. sorry again this has nothing to do with the trip, i just needed to get it out somewhere.",off_topic,easy,,long,off_topic,,False,5,
C09_047,C09,choice,How should this forum comment be moderated?,acceptable | harassment | spam | misinformation | off_topic,"forum: Sawdust & Shavings
thread_title: Beginner miter joints - critique welcome
comment: Your joinery is fine, honestly. It's your attitude that's the problem — nobody wants advice from someone this smug about beginner-level miters.",harassment,hard,distractor,short,harassment,audit,False,5,
C09_049,C09,choice,How should this forum comment be moderated?,acceptable | harassment | spam | misinformation | off_topic,"forum: Aperture Exchange
thread_title: Critique my landscape composition
comment: I daresay your critique of my composition would carry rather more weight if your own portfolio displayed anything beyond amateurish snapshots.",harassment,medium,,short,harassment,,False,5,
C09_050,C09,choice,How should this forum comment be moderated?,acceptable | harassment | spam | misinformation | off_topic,"forum: Spoke & Chain
thread_title: Dealing with post-ride muscle soreness
comment: Back when I raced in my twenties, our coach always told us that lactic acid buildup is what causes muscle soreness two days after a hard ride, and that's stuck with me ever since — I still tell newer riders in our club the exact same thing whenever they complain about post-ride soreness. It's actually why I recommend a big glass of milk right after every ride, something about the calcium neutralizing the acid in your legs before it settles in overnight.",misinformation,medium,,medium,misinformation,,False,5,
C09_051,C09,choice,How should this forum comment be moderated?,acceptable | harassment | spam | misinformation | off_topic,"forum: Settlers Strategy Hub
thread_title: Tools for optimizing trades in Catan
comment: For anyone optimizing turn efficiency, our team built a companion app, TradeCalc, that computes optimal trade ratios in real time — available now on both app stores.",spam,medium,,short,spam,,False,5,
C09_052,C09,choice,How should this forum comment be moderated?,acceptable | harassment | spam | misinformation | off_topic,"forum: Summit Seekers
thread_title: GPS units for tracking elevation
comment: For accurate elevation tracking on multi-day treks, I'd recommend the TrailMetric GPS unit, which our company manufactures and sells directly through our website at a 20% discount this month using code TRAIL20 at checkout. Battery life runs about four days on a single charge under normal use, and the barometric sensor holds calibration well above treeline, which is where most consumer units start drifting.",spam,easy,,medium,spam,,False,5,
C09_053,C09,choice,How should this forum comment be moderated?,acceptable | harassment | spam | misinformation | off_topic,"forum: Sleepy Parents Circle
thread_title: Managing sibling rivalry
comment: Slightly unrelated, but has anyone else's car insurance premium mysteriously doubled this year with zero accidents or tickets to explain it? I called to ask why and got a very confident non-answer about 'regional risk adjustments.' Feels like a citywide thing honestly, three of my neighbors mentioned the same jump at the block party last weekend.",off_topic,medium,,medium,off_topic,,False,5,
C10_000,C10,choice,Which aspect of the hotel is this review mainly about?,cleanliness | staff_service | location | room_comfort | food | other,"I went to Nomad Bunkhouse expecting to fend for myself, the way you do at these places. Instead, the guy behind the desk, Marek, spent twenty minutes redrawing my entire train itinerary after I showed up on the wrong day, then walked me two blocks to a currency exchange that wasn't closing for once. He also noticed my rain jacket was soaked and hung it by the boiler without me asking. The dorm beds were the usual plywood, the shower had one temperature (lukewarm), but somehow none of that bothered me by the end.",staff_service,hard,implicit,medium,staff_service,,False,6,
C10_001,C10,choice,Which aspect of the hotel is this review mainly about?,cleanliness | staff_service | location | room_comfort | food | other,"steps from the metro and two blocks to the conference center, cant beat it for a work trip",location,easy,,short,location,,False,6,
C10_002,C10,choice,Which aspect of the hotel is this review mainly about?,cleanliness | staff_service | location | room_comfort | food | other,"I stay one night before early flight, only try small restaurant for dinner, chicken was dry and rice was cold.",food,medium,,short,food,,False,6,
C10_004,C10,choice,Which aspect of the hotel is this review mainly about?,cleanliness | staff_service | location | room_comfort | food | other,"room reeked of mildew and the pool towels had stains, gross tbh",cleanliness,easy,,short,cleanliness,,False,6,
C10_005,C10,choice,Which aspect of the hotel is this review mainly about?,cleanliness | staff_service | location | room_comfort | food | other,"The property sits directly across the frontage road from the terminal, with a shuttle that runs every fifteen minutes through the night. Highway noise carries even with the window shut, though most guests have left by six a.m. anyway. For a stopover under twelve hours, being able to walk to the shuttle stop in under a minute is what actually matters, and that part works.",location,medium,,medium,location,audit,False,6,
C10_006,C10,choice,Which aspect of the hotel is this review mainly about?,cleanliness | staff_service | location | room_comfort | food | other,"okay so the 'award-winning' restaurant on the ground floor here... let me just say, incredible commitment to the bit. day one i ordered the signature pasta and it arrived looking suspiciously like it had been microwaved directly in the takeout container, still had the little foil crimp marks pressed into the sauce lol. asked for parmesan, they brought me a single packet, the kind you get free with a gas station sandwich. did not eat there again but decided to give breakfast a shot bc it's 'included.' the buffet had exactly one chafing dish working, scrambled eggs the color and consistency of a highlighter, and coffee that had clearly been sitting since like 5am judging by the burnt smell hitting me from across the room. room service wasn't safe either, ordered a burger at 9pm and it finally showed up almost two hours later, stone cold, no napkins, no ketchup even though i asked twice. the bar at least had alcohol in it, so that's something, but the 'craft cocktail' was just well vodka with a lime wheel and a $19 price tag. genuinely impressive how consistently bad every single meal was across four days, like they really committed to the bit the whole stay. 10/10 dedication to the craft, 0/10 actual food.",food,hard,sarcasm,long,food,,True,6,
C10_007,C10,choice,Which aspect of the hotel is this review mainly about?,cleanliness | staff_service | location | room_comfort | food | other,"The mattress had a valley precisely where my hip landed, deep enough that I woke up several times having rolled into the middle despite it being, nominally, two people's worth of bed. Above the sliding door, the air conditioning unit dripped onto the tile at intervals I eventually timed at every ninety seconds, a sound that became the actual soundtrack of the trip. What we'd booked as an 'ocean view' turned out to require leaning over the balcony railing at a near-dangerous angle and looking left, past the generator housing, to catch a triangle of blue about the size of a postcard.",room_comfort,hard,implicit,medium,room_comfort,,False,6,
C10_008,C10,choice,Which aspect of the hotel is this review mainly about?,cleanliness | staff_service | location | room_comfort | food | other,"The carpet in room smell like wet dog, and towels have some dark spots we are not sure what is.",cleanliness,medium,,short,cleanliness,,False,6,
C10_009,C10,choice,Which aspect of the hotel is this review mainly about?,cleanliness | staff_service | location | room_comfort | food | other,"ngl the hostel itself is mid but it's literally a two min walk from the old town square and like every bar worth going to, so I never bothered with a bus the whole trip. rolled outta bed and was at the flea market in under five minutes lol. worth it just for that tbh.",location,medium,,medium,location,audit,False,6,
C10_011,C10,choice,Which aspect of the hotel is this review mainly about?,cleanliness | staff_service | location | room_comfort | food | other,"We booked the two-bedroom family suite thinking it would be more space than our actual house and instead got a main room with a pullout couch that had a metal bar running directly under where your spine goes so nobody over the age of six actually slept on it, and the second 'bedroom' was really more of an alcove with a curtain instead of a door which meant every time the baby finally went down one of the older two would inevitably need something at 2am and wake her right back up, and the air conditioning had exactly two settings, arctic or off, with nothing sensible in between so we spent the whole week either sweating or wearing the one sweatshirt I packed, and the crib they provided on request showed up missing a side rail so we ended up pushing it against the wall and hoping for the best, and don't get me started on the bathtub which was maybe eight inches deep, not nearly enough to actually bathe a toddler without half the water ending up on the tile floor, which of course had zero grip and became its own hazard at bath time, and the blackout curtains they advertised turned out to be more of a light suggestion, letting in enough sun by 5:45 that the whole crew was up before the included breakfast even opened, which, fine, at least gave us something to complain about together as a family for once.",room_comfort,medium,,long,room_comfort,,False,6,
C10_012,C10,choice,Which aspect of the hotel is this review mainly about?,cleanliness | staff_service | location | room_comfort | food | other,"One does so appreciate an innkeeper who treats a confirmed reservation as merely a conversational opening gambit. Upon our arrival, the proprietor consulted his ledger, frowned magnificently, and informed us that our room had, in his words, 'possibly been given to some other people,' before vanishing for the better part of an hour to 'sort it out.' He returned with neither apology nor room, only a suggestion that we might enjoy the garden bench while we waited. We enjoyed it for two hours. A memorable welcome, in its way.",staff_service,hard,sarcasm,medium,staff_service,,False,6,
C10_013,C10,choice,Which aspect of the hotel is this review mainly about?,cleanliness | staff_service | location | room_comfort | food | other,"bed was rock hard, felt like sleeping on a shelf. heater didnt kick in til almost 11pm so we just layered up in coats and hoped for the best. window doesnt seal right either, could feel the draft all nite. view was nice ill give it that but didnt help much when it was freezing lol.",room_comfort,medium,,medium,room_comfort,,False,6,
C10_014,C10,choice,Which aspect of the hotel is this review mainly about?,cleanliness | staff_service | location | room_comfort | food | other,"I want to write about my meals during business trip at this hotel because they were really the best part. Breakfast buffet open from 6 to 10, very good variety, fresh fruits, eggs cooked how you like them, and a machine that makes waffles fresh, I use it two mornings. Coffee was strong, maybe too strong first day but I get used to it. For dinner first night I go to the hotel restaurant on 2nd floor, I order the steak, it come with very nice sauce, mushroom I think, and potato that was crispy outside soft inside, very good technique from the kitchen. Second night I was too tired to go out so I try room service, order a chicken sandwich and soup, it arrive in maybe 25 minutes which is not bad, still hot, and they give free cookie also which was a nice touch I did not expect. Only small problem is the bar on ground floor, I order a beer there one evening and it was warm, not cold like should be, so I send it back and they bring cold one no problem. Overall for meetings all day, having good food inside hotel save me much time, I did not need to go find restaurant outside in the rain. My colleague who stay same hotel say same thing, she liked the salmon on last day very much, she talk about it even after we go back to office. I would come back to this hotel mainly because of the food, honestly, more than for the meeting rooms.",food,easy,,long,food,,True,6,
C10_015,C10,choice,Which aspect of the hotel is this review mainly about?,cleanliness | staff_service | location | room_comfort | food | other,"resort brags about being 'steps from the beach', steps if ur wearing hiking boots and got 40 mins spare i guess. shuttle bus comes 'every 20 min' which in reality means whenever the driver feels like it. best part of my day was the sunset i saw from the shuttle stop parking lot lol.",location,hard,sarcasm,medium,location,,False,6,
C10_016,C10,choice,Which aspect of the hotel is this review mainly about?,cleanliness | staff_service | location | room_comfort | food | other,"The complimentary parking, whilst plentiful, required a bewildering walk through three separate garden terraces before one reached the lobby proper.",other,medium,,short,other,,False,6,
C10_017,C10,choice,Which aspect of the hotel is this review mainly about?,cleanliness | staff_service | location | room_comfort | food | other,"front desk lady remembered my name every morning and upgraded us for free, so nice",staff_service,easy,,short,staff_service,,False,6,
C10_018,C10,choice,Which aspect of the hotel is this review mainly about?,cleanliness | staff_service | location | room_comfort | food | other,"By day three I could predict the dinner menu using nothing but the smell drifting from the kitchen vents: paprika, then more paprika. The poolside bar sent drinks out already watered down from the ice melting on the long walk over, and dessert seemed to be a rumor more than a routine, the cart rolled past our table twice without ever actually stopping. I started packing granola bars from home, which tells you everything.",food,hard,implicit,medium,food,,False,6,
C10_019,C10,choice,Which aspect of the hotel is this review mainly about?,cleanliness | staff_service | location | room_comfort | food | other,"Let me begin by saying the innkeeper, a delightful woman named Marguerite, could not have been more gracious, she greeted us with elderflower cordial, remembered that I don't take sugar in my tea, and gave us a hand-drawn map of walking trails through the surrounding hills, which really are as picturesque as the brochure promised, all dry-stone walls and grazing sheep and a church spire visible from nearly everywhere on the property. All of which made it a genuine shame that we spent so little of our stay actually enjoying any of it, because the room itself demanded so much attention. The four-poster bed, gorgeous as an antique, had a frame that creaked audibly with any movement at all, loud enough that we both started sleeping as still as possible, which is its own kind of exhausting. The single window, original to the building no doubt, let in a draft along its entire lower edge that no amount of the provided draft-excluder could fully stop, so that the side of the bed nearest the wall stayed noticeably colder than the other all three nights. The wardrobe door wouldn't latch and swung open with a soft creak whenever the floor shifted, which, in a building this old, was often. And the reading chair by the fireplace, while charming to look at, had a spring poking through the cushion in exactly the spot where you'd naturally sit. Marguerite's cordial and the sheep on the hillside were lovely, genuinely, but I'd trade both for a bed frame that doesn't announce every time you turn over.",room_comfort,hard,distractor,long,room_comfort,queue,False,6,
C10_020,C10,choice,Which aspect of the hotel is this review mainly about?,cleanliness | staff_service | location | room_comfort | food | other,"Quick rundown of the people who actually made this trip work, since the resort itself is fairly standard:
- Kids club counselor (Priya) learned all three of our children's names within an hour and had our shy one, who usually clings to us the whole first day, building sandcastles with a group by lunchtime.
- The pool attendant kept reappearing with fresh towels and sunscreen reminders for our toddler without us ever having to ask, which honestly saved us several trips back to the room.
- When our youngest had a meltdown over a lost stuffed rabbit at the buffet, one of the servers quietly found her a spare toy from lost-and-found and made a whole production out of 'returning' it, which fixed the meltdown instantly.
- The concierge desk arranged a private high-chair delivery to our room within twenty minutes of us realizing the one in the restaurant was broken, no complaint, no charge.
- Even the shuttle driver waited an extra five minutes one afternoon when he saw us jogging across the lot with three kids and a stroller.
None of this shows up in the resort's marketing photos, but it's the reason we're already looking at dates for next year. The rooms were fine, the pool was fine, but the people running the place were the actual reason the week didn't fall apart.",staff_service,medium,,long,staff_service,,False,6,
C10_021,C10,choice,Which aspect of the hotel is this review mainly about?,cleanliness | staff_service | location | room_comfort | food | other,"Housekeeping notes from our three nights:
- Fresh linens every single day, hospital-corner tight
- Bathroom tile practically gleamed, not a hair or soap scum ring in sight
- Floors were vacuumed daily even though we barely tracked in any dirt
- Towels smelled like they'd been washed that morning, not just folded to look fresh
Genuinely one of the cleanest small inns I've stayed at, easy five stars on this alone.",cleanliness,easy,,medium,cleanliness,,False,6,
C10_022,C10,choice,Which aspect of the hotel is this review mainly about?,cleanliness | staff_service | location | room_comfort | food | other,"okay the kids buffet here actually slaps, not gonna lie. they had a whole build-your-own-taco station every night which my picky nephew actually ate without a meltdown, miracle honestly. the ice cream machine ran out like twice a day but they refilled it fast so no real crisis. dinner for the adults was hit or miss, the pasta bar was solid but the 'grilled fish' on tuesday was def just reheated, could tell from the texture. still, way better than i expected for an all-inclusive with a million kids running around lol.",food,medium,,medium,food,,False,6,
C10_023,C10,choice,Which aspect of the hotel is this review mainly about?,cleanliness | staff_service | location | room_comfort | food | other,"The mattress cover had a large yellow ring near the foot, present on arrival and still there at checkout four days later. Bathroom floor was damp at all hours, not from recent mopping but from a drain that clearly doesn't clear water fast enough, and a mildew smell settled into the grout lines along the shower wall. The trash bin in the shared kitchen overflowed by the second night and wasn't emptied until a guest complained directly, at which point it took another two hours to deal with it. Hair was present in the shower drain on three separate mornings despite it supposedly being cleaned daily. Bedding was changed once during a four-night stay, on request, not on schedule. The common room table had a sticky residue that transferred to a laptop case left on it overnight. Window sills throughout the dorm held a visible layer of dust undisturbed for what looked like weeks. None of this was catastrophic on its own, and the price was reasonable, but taken together it painted a clear picture of a schedule that exists on paper more than in practice. I've stayed in cheaper hostels that managed better basic upkeep with what was obviously a smaller budget. This one seems to prioritize other things.",cleanliness,medium,,long,cleanliness,,False,6,
C10_024,C10,choice,Which aspect of the hotel is this review mainly about?,cleanliness | staff_service | location | room_comfort | food | other,"The suite itself was arguably the nicest we've stayed in all season, a stone fireplace, heated floors, a soaking tub big enough for two, goose-down everything. None of that mattered much once we realized the lodge sits nearly four miles from the actual ski lifts, reachable only by a shuttle that stopped running at nine each evening, meaning any dinner in the village turned into a logistical operation involving taxis booked an hour in advance. Beautiful room, wrong mountain, basically.",location,hard,distractor,medium,location,,False,6,
C10_025,C10,choice,Which aspect of the hotel is this review mainly about?,cleanliness | staff_service | location | room_comfort | food | other,"The wifi password was longer than my actual stay, and about as reliable, one bar in the room, none anywhere useful.",other,medium,,short,other,,False,6,
C10_026,C10,choice,Which aspect of the hotel is this review mainly about?,cleanliness | staff_service | location | room_comfort | food | other,"My sister has a shellfish allergy so severe she carries two EpiPens, which is why I noticed immediately when I pulled back the duvet and found what looked like old shrimp shell fragments tucked near the pillow, presumably from room service the previous guest never finished. I called down right away, half panicked on her behalf even though she wasn't traveling with me this time, just out of habit. They changed the whole bedding set within the hour and apologized more than necessary, but I kept thinking about how that could've been a real problem for someone, and I checked every corner of that room twice before I could relax enough to sleep.",cleanliness,easy,,medium,cleanliness,,False,6,
C10_027,C10,choice,Which aspect of the hotel is this review mainly about?,cleanliness | staff_service | location | room_comfort | food | other,"bunk creaked every time i breathed and the pillow was basically a folded towel, 0/10 comfort",room_comfort,easy,,short,room_comfort,,False,6,
C10_028,C10,choice,Which aspect of the hotel is this review mainly about?,cleanliness | staff_service | location | room_comfort | food | other,"Housekeeping left the room spotless every single day, practically hospital-grade, and the woman at the desk could not have been warmer. Shame the 'fitness center' turned out to be a single treadmill wedged into what used to be a supply closet, facing a wall, with a sign taped to it reading 'please limit use to 20 minutes' as if a line might form.",other,hard,distractor,medium,other,queue,False,6,
C10_030,C10,choice,Which aspect of the hotel is this review mainly about?,cleanliness | staff_service | location | room_comfort | food | other,"guy who runs the place drove into town himself to get us allergy meds when the pharmacy was closed. didnt even ask for gas money back. also fixed our car battery next morning with jumper cables from his own truck. felt weird not tipping him double tbh, so we left it in the guestbook instead.",staff_service,medium,,medium,staff_service,,False,6,
C10_031,C10,choice,Which aspect of the hotel is this review mainly about?,cleanliness | staff_service | location | room_comfort | food | other,"The gentleman who checked us in at 2am somehow still had energy to crack jokes and print us a map to the terminal, made a rough red-eye so much easier!",staff_service,medium,,short,staff_service,,False,6,
C10_032,C10,choice,Which aspect of the hotel is this review mainly about?,cleanliness | staff_service | location | room_comfort | food | other,"ok i need to talk about the guy who worked the front desk overnight at this hostel bc he was genuinely the mvp of my entire trip. i rolled in at like 1am after my flight got delayed twice, completely dead, and instead of just handing me a key and moving on he sat me down, made me actual tea from his own stash bc the common room kettle was broken, and helped me figure out my bus connections for the next day since i hadn't planned any of that (embarrassing but true). when my card got declined at checkout bc of some bank flag thing, he didn't make it weird at all, just held my bag at the desk and told me to sort it out and come back whenever, no stress. also caught him giving another guest directions to a pharmacy at like 3am with zero complaints in his voice, dude was just built different. talked to two other people staying there and they all had their own story about him going out of his way for something random, one guy said he lent him a phone charger for the whole week. the dorm itself was whatever, standard hostel stuff, bunk beds did the job. but i'd go back to that specific hostel just bc of him honestly, that's rare for me to say about a place i paid like $18 a night for.",staff_service,easy,,long,staff_service,,False,6,
C10_033,C10,choice,Which aspect of the hotel is this review mainly about?,cleanliness | staff_service | location | room_comfort | food | other,"Loved the 'rustic' bathroom aesthetic, really leaned into the mystery-stain wallpaper and the shower drain that seems to double as a hair museum.",cleanliness,hard,sarcasm,short,cleanliness,,False,6,
C10_034,C10,choice,Which aspect of the hotel is this review mainly about?,cleanliness | staff_service | location | room_comfort | food | other,"Water park side of the resort, quick notes:
- Three slides, the tallest one has a genuinely long line by 11am
- Lazy river current is strong enough that little ones need a float, not just a life vest
- Splash pad area for toddlers has actual shade, which most resorts skip
- Poolside snack window closes early, by 4pm, plan around it
- Lifeguards rotate every 30 minutes and actually watch the water instead of chatting
Would happily come back just for this part of the property.",other,easy,,medium,other,,False,6,
C10_035,C10,choice,Which aspect of the hotel is this review mainly about?,cleanliness | staff_service | location | room_comfort | food | other,"I want to tell about the man who work at the ski rental counter inside the lodge, his name tag say Tomasz. My boots from home did not fit good in the new ski boots, my foot was hurting after only small distance, so I go back to the lodge worried I will lose whole first day. He take maybe 25 minutes, try three different size, then he notice my foot shape is little wide, so he find special insert that make more room, did not charge extra for this even though I think normally it cost something. Next day my friend also have problem, the binding on her ski was making strange noise, and same man come outside in the cold, without jacket even, to look at it right there in the snow, adjust something with small tool from his pocket. He also give us advice which slope is best for beginner like us, not just say 'go there' but explain why, because less ice in morning sun. Front desk lady also very kind, she help us book taxi back to airport when the shuttle time did not work for our flight, she call two different companies until she find one that has space. Everyone working at this lodge make us feel like they actually want us to have good time, not just doing job. This is main reason I will recommend this lodge to my coworkers who ski.",staff_service,medium,,long,staff_service,,False,6,
C10_036,C10,choice,Which aspect of the hotel is this review mainly about?,cleanliness | staff_service | location | room_comfort | food | other,"I found a single sock under the bed that was very much not mine, which meant it belonged to whoever was in this room before the sheets were supposedly changed. The bathroom mat was still faintly damp when I arrived at 3pm, and the AC vent breathed out a smell like a gym bag left in a car for a week. I didn't investigate further; some mysteries are better left unsolved.",cleanliness,hard,implicit,medium,cleanliness,,False,6,
C10_037,C10,choice,Which aspect of the hotel is this review mainly about?,cleanliness | staff_service | location | room_comfort | food | other,"Kitchen is stocked with the basics: bread, jam, cereal, and a coffee machine that actually works, available 24 hours. Communal dinner on Tuesdays and Thursdays, six euros, pasta or stew depending on the week, decent portions. Nearby bakery does a better croissant than anything on offer here, worth the two-minute walk if you want an actual breakfast. Fridge space is limited and gets crowded by day three. For the price, the kitchen setup covers what it needs to without pretending to be more than it is.",food,easy,,medium,food,,False,6,
C10_038,C10,choice,Which aspect of the hotel is this review mainly about?,cleanliness | staff_service | location | room_comfort | food | other,"Gorgeous exposed-brick lobby, terrible follow-through: the same crumbs were on my nightstand for all three days I stayed.",cleanliness,hard,distractor,short,cleanliness,,False,6,
C10_040,C10,choice,Which aspect of the hotel is this review mainly about?,cleanliness | staff_service | location | room_comfort | food | other,"My grandmother always said you can tell everything about a place by its bathroom, and after finding sand-crusted footprints tracked across our unmade sheets two days running, I believed her completely.",cleanliness,medium,,short,cleanliness,,False,6,
C10_041,C10,choice,Which aspect of the hotel is this review mainly about?,cleanliness | staff_service | location | room_comfort | food | other,"not gonna lie we picked this resort mostly bc it was cheap but turns out its like a 45 min drive from literally anything, no town, no other restaurants nearby, nothing within walking distance except sand. which is fine if you never wanna leave the pool area but we wanted to explore a bit and ended up paying for an overpriced taxi just to see the one landmark everyone said was a must. rooms were fine, just wish we knew how isolated it actually was before booking lol.",location,medium,,medium,location,audit,False,6,
C10_043,C10,choice,Which aspect of the hotel is this review mainly about?,cleanliness | staff_service | location | room_comfort | food | other,"Every morning I was woken by the same church bell, which I later learned was visible from our window along with the fish market, the cathedral steps, and what I'm fairly sure was a wedding procession on Tuesday. I never once used a map app the whole trip; I just walked toward whatever looked oldest and ended up exactly where I wanted to be within ten minutes, every time.",location,hard,implicit,medium,location,,False,6,
C10_044,C10,choice,Which aspect of the hotel is this review mainly about?,cleanliness | staff_service | location | room_comfort | food | other,"The rooms are genuinely lovely, all exposed beams and hand-stitched quilts, the kind of place you photograph before you've even unpacked. Dinner, unfortunately, was a single set menu of gray lamb and boiled everything, served by candlelight presumably so nobody could see it clearly. Breakfast redeemed nothing: instant coffee and toast that had clearly been made an hour before appearing at my table.",food,hard,distractor,medium,food,,False,6,
C10_045,C10,choice,Which aspect of the hotel is this review mainly about?,cleanliness | staff_service | location | room_comfort | food | other,"literally rolled out the front door and was at the main square in like 4 minutes, didn't need to plan a single uber the entire trip. every restaurant we wanted to try, the museum, even the late night gelato place, all walkable, some of them we could see from the hotel steps. genuinely the best part of the whole booking, i'd pick this spot again even if the room itself was more basic, which tbh it kind of was but who cares when you're never actually in it.",location,easy,,medium,location,,False,6,
C10_047,C10,choice,Which aspect of the hotel is this review mainly about?,cleanliness | staff_service | location | room_comfort | food | other,"ok so the dining situation at this ski lodge deserves its own post honestly. breakfast is this huge spread every morning, like six kinds of pastries, made to order omelets, a whole waffle station, and i'm not gonna lie i went back for seconds every single day which probably canceled out the actual skiing lol. lunch up on the mountain at the little day lodge was surprisingly not terrible either, they had a solid chili and a grilled cheese that hit different after being cold for four hours straight. the real standout tho was dinner, they do this rotating menu thing, one night was raclette which none of us had tried before and it became the whole group's personality for like two days after, everyone kept bringing it up. the apres-ski bar downstairs had mulled wine that was actually spiced well, not just sugar water with cinnamon on top like some places do. only complaint is the fondue night got so popular they ran out of bread halfway through and just started bringing extra potatoes instead, which honestly worked fine but felt like a mid-trip pivot. service between courses was a little slow on the busiest night but nobody in our group seemed to mind bc we were all just stuffed and happy. genuinely planning trips around this lodge's food schedule now which is a weird sentence to type but here we are.",food,medium,,long,food,,True,6,
C10_048,C10,choice,Which aspect of the hotel is this review mainly about?,cleanliness | staff_service | location | room_comfort | food | other,"I must commend the design team on their bold decision to install a queen bed in a room roughly the dimensions of an airport bathroom stall, leaving exactly fourteen inches of clearance on either side for what I can only assume was meant to double as a core workout. The floor-to-ceiling window was a lovely touch too, right up until 5 a.m. when the sun turned the room into a greenhouse, since the blackout curtain was purely decorative and slid approximately two inches on its track.",room_comfort,hard,sarcasm,medium,room_comfort,,False,6,
C10_049,C10,choice,Which aspect of the hotel is this review mainly about?,cleanliness | staff_service | location | room_comfort | food | other,"the concierge literally called me a cab AND upgraded my room when the ac was broken, absolute legend",staff_service,easy,,short,staff_service,,False,6,
C10_050,C10,choice,Which aspect of the hotel is this review mainly about?,cleanliness | staff_service | location | room_comfort | food | other,"The apres-ski buffet ran a consistent eleven-minute wait at peak hours, and the fondue, while well-executed, was served noticeably below optimal temperature by the time it reached our table.",food,medium,,short,food,,False,6,
C10_051,C10,choice,Which aspect of the hotel is this review mainly about?,cleanliness | staff_service | location | room_comfort | food | other,"My father used to hike these same hills as a boy, and it turns out the inn sits less than a mile from the trailhead he always talked about.",location,easy,,short,location,,False,6,
C10_052,C10,choice,Which aspect of the hotel is this review mainly about?,cleanliness | staff_service | location | room_comfort | food | other,"Our room came with a private plunge pool, a rainfall shower with actual water pressure, and a king bed so deep with pillows that we genuinely lost a phone charger in it for two days.",room_comfort,easy,,short,room_comfort,queue,False,6,
C10_053,C10,choice,Which aspect of the hotel is this review mainly about?,cleanliness | staff_service | location | room_comfort | food | other,"Oh, where do I even begin with the 'high-speed' wifi at this hostel, truly a marvel of modern technology! I was absolutely delighted to spend my first evening watching a single loading circle spin for so long I got to know it on a personal level, we're basically old friends now. The password, helpfully taped to the front desk, worked beautifully about one attempt in four, which really added an air of mystery and adventure to something as mundane as checking a bus schedule. And the laundry room, what a treat, only one working machine out of three, and that one required the kind of coin-feeding patience usually reserved for slot machines, three tries before it deigned to accept my money and actually start. The lockers were a personal highlight too, charmingly sized for someone with roughly one sock and a toothbrush, my actual backpack sat outside mine like an abandoned pet the whole week. I did so appreciate the sign above the router reassuring guests that 'wifi issues are being worked on,' dated, based on the visible sun-fading, from what appeared to be several months prior. Ten out of ten for consistency, at least, every single day, same slow spinning circle, same one working machine, same tiny locker mocking my backpack from across the room. Truly a stay that taught me the value of a good paperback and low expectations for connectivity.",other,hard,sarcasm,long,other,,False,6,
C10_054,C10,choice,Which aspect of the hotel is this review mainly about?,cleanliness | staff_service | location | room_comfort | food | other,"Since we had a brutal 3am departure, I was mostly hoping to just survive the one night here, but the room actually made it enjoyable! The blackout curtains were no joke, properly blackout, which felt like a small miracle for a hotel that specializes in day-sleepers and jet-lagged travelers coming through at every hour. The bed itself was firm but not stiff, exactly what I like, and there were enough pillows that my partner and I could both build our weird pillow fort setups without stealing from each other. Soundproofing deserves a shoutout too, because I know we're basically next to a runway access road and I genuinely couldn't hear a single plane the whole night, just a faint hum from the AC unit that was honestly kind of soothing. Desk chair was solid enough that I sat and answered emails for twenty minutes before bed without my back complaining, which almost never happens in hotel rooms. Only tiny thing was the thermostat took a while to actually change the temperature once you adjusted it, maybe ten minutes lag, but once it settled it stayed exactly where we wanted all night. Woke up at 2:45am actually feeling rested, which for a one-night airport layover stay is basically unheard of. Would absolutely book this exact room again for any early flight nightmare in the future.",room_comfort,medium,,long,room_comfort,,False,6,
C10_055,C10,choice,Which aspect of the hotel is this review mainly about?,cleanliness | staff_service | location | room_comfort | food | other,"beds were comfy enough but the room was tiny, four of us barely fit round the one table",room_comfort,medium,,short,room_comfort,,False,6,
