id,task_id,primitive,pregunta,opciones,texto,label,difficulty,hard_type,length,plan_label,review,label_in_text
N01_000,N01,noul,Is the customer asking for a refund (their money back)?,true | false,"Hi there, so I bought four tickets last month for the Maple Street Fair concert through your site for my daughter's birthday and now it turns out the date conflicts with her school's fall recital which got moved up a week without much notice and I'm honestly scrambling to figure out what to do because she will be devastated if we can't go at all, so I was wondering if there's any way to swap our tickets for the Sunday afternoon show instead since I saw there are still seats available in the same section, we don't need our money back or anything like that, we just really want to still see the band, just not on a Friday night when she has to be on stage for her own thing, is that something your team can help with or do I need to call the venue directly, also if it helps I have the order number ready which is SM-58821, and I can send screenshots of the recital schedule if that speeds things along, we're just trying to make this work for everyone involved and appreciate any help you can give us here, thanks so much in advance for looking into it.",False,easy,,long,False,,
N01_001,N01,noul,Is the customer asking for a refund (their money back)?,true | false,"Bought the 'relaxed fit' jacket in my usual size and apparently 'relaxed' means built for a linebacker, because I'm swimming in it. No shade, but your sizing chart and reality are having a disagreement. Can you just swap it for a size small instead? I'd rather not go through the whole ordeal of returning it for money when a smaller one probably fixes everything.",False,easy,,medium,False,,
N01_002,N01,noul,Is the customer asking for a refund (their money back)?,true | false,"so bought the bt-400 earbuds three weeks ago order # 77213-b and the left one cuts out every few mins its so annoying. already tried the reset thing holding both buttons for 10 sec like the manual says, did it like 5 times, didnt help. also tried different phones my old one and my sisters iphone same issue on both so its not a bluetooth pairing thing on my end. charging case light blinks green then red sometimes which i dont think is normal either. i looked at your faq page and it says thats usually a hardware fault not software so figured id just tell you straight instead of doing the whole troubleshooting back and forth again bc ive basically done it all already. what i need is just a working pair, mine clearly has a bad component in the left bud, so can u guys just cross ship a new unit to me and ill send the busted ones back in the same box once the new ones arrive. dont really care if its a brand new pair or a refurb one as long as it actually works right for more than three weeks lol. my address on file should still be current i havent moved. lmk what you need from me to get that going, order number again is 77213-b, thanks.",False,hard,implicit,long,False,,
N01_003,N01,noul,Is the customer asking for a refund (their money back)?,true | false,"I enrolled in the Advanced Data Modeling course back in March, and due to a family emergency I ended up missing nearly six weeks of the twelve-week access window, so by the time I was able to log back in, the portal had already locked me out of the remaining modules and the final project submission link. I completely understand the standard policy, but given the circumstances, I was hoping you might be able to extend my access by another month so I can actually finish the coursework and get the completion certificate, rather than losing everything I already started.",False,medium,,medium,False,,
N01_004,N01,noul,Is the customer asking for a refund (their money back)?,true | false,"So funny story, I bought two tickets to the Harlow Bay outdoor show back in June thinking my sister would come with me, but she just told me she's moving to Denver that same weekend for a new job, of all the timing, right? Anyway I'm still planning to go, I just need the second ticket switched over to my friend Priya's name instead of my sister's since apparently your tickets are tied to whoever's listed at checkout, so could you update the name on file for that second seat before the show?",False,medium,,medium,False,,
N01_005,N01,noul,Is the customer asking for a refund (their money back)?,true | false,"don't need money back for the tickets, just move us to the Friday show instead of Saturday since her game got rescheduled, thanks!",False,hard,negation,short,False,,
N01_006,N01,noul,Is the customer asking for a refund (their money back)?,true | false,"Hey! My wireless charger stopped lighting up after a week, could you help me get a repair or replacement sorted instead of me just tossing it?",False,easy,,short,False,,
N01_007,N01,noul,Is the customer asking for a refund (their money back)?,true | false,"Hi team! I love the Wanderlust snack box but I'm heading out of town for six weeks starting next month, so instead of getting charged for boxes I won't be home to open, could you just pause my subscription for July and August? I'll switch it back on the second I'm back from my trip, no rush on anything else!",False,easy,,medium,False,,
N01_008,N01,noul,Is the customer asking for a refund (their money back)?,true | false,"no need to refund the course, my son just got locked out of the portal somehow and needs his login reset before his exam friday, can someone help asap",False,hard,negation,short,False,,
N01_009,N01,noul,Is the customer asking for a refund (their money back)?,true | false,I have misplaced the certificate of completion for the Coastal History seminar I finished last spring; would it be possible to have a duplicate copy issued and sent to my mailing address on file?,False,medium,,short,False,,
N01_010,N01,noul,Is the customer asking for a refund (their money back)?,true | false,"so the oak table showed up cracked straight down the middle back in march, u sent a replacement in april, that one arrived cracked too in almost the same spot which seems like a manufacturing issue not just bad luck. im not doing a third one, just put the $340 back on the card i used at checkout and ill arrange the pickup for the broken one whenever works for your team.",True,medium,,medium,True,,
N01_011,N01,noul,Is the customer asking for a refund (their money back)?,true | false,Please credit the $24.99 charged for the October Everbox back to my Visa ending 4471; I've already repackaged the items per the return slip instructions.,True,medium,,short,True,,
N01_013,N01,noul,Is the customer asking for a refund (their money back)?,true | false,The name on ticket order TK-4432 needs to be changed from Daniel Reyes to Marcus Ford before the venue does will-call check-in.,False,medium,,short,False,,
N01_014,N01,noul,Is the customer asking for a refund (their money back)?,true | false,"My brother told me you must give money back because the screen is cracked on my tablet. But I think this is not correct thing to do. I only want repair man to fix the crack, or maybe you send replacement screen part to me. I do not need money, only want tablet working again like before, thank you.",False,hard,quoted,medium,False,,
N01_015,N01,noul,Is the customer asking for a refund (their money back)?,true | false,"My roommate swears you'll just swap our seats to another show, but the venue's closed for renovations till spring, so put the $150 back on my card instead.",True,hard,quoted,short,True,,
N01_016,N01,noul,Is the customer asking for a refund (their money back)?,true | false,"the chat bot kept insisting it would just send a replacement lid for the scratched pot but honestly between soccer practice and making dinner every single night I do not have time to wait around for a second shipment that might show up scratched too, so can you please just put the $62 back on the card on file and we'll call it settled, I really do appreciate you looking into it though.",True,hard,quoted,medium,True,,
N01_017,N01,noul,Is the customer asking for a refund (their money back)?,true | false,"The replacement unit for order EL-88213 exhibits the identical firmware-level flicker at 60Hz refresh that the original monitor had, confirming this is a batch defect rather than a shipping issue. Rather than requesting a third unit and risking the same outcome, I'd like the $214.99 charge reversed to the payment method on file.",True,medium,,medium,True,,
N01_018,N01,noul,Is the customer asking for a refund (their money back)?,true | false,"- Support said they'd extend my access another 3 months
- That doesn't work, I'm done with the program
- Please send the $99 back to the card ending 2210",True,hard,quoted,short,True,audit,
N01_019,N01,noul,Is the customer asking for a refund (their money back)?,true | false,"So my mother-in-law got me signed up for this tea-of-the-month box as a gift last Christmas, bless her, but between the move to the new apartment and just not drinking that much tea lately, boxes have been piling up unopened in the hallway closet for like three months now, so I think I just want to hit pause on the deliveries for a while until I actually work through what I already have, is that something I can do from my account settings or do I need you to do it on your end?",False,hard,implicit,medium,False,,
N01_020,N01,noul,Is the customer asking for a refund (their money back)?,true | false,"I ordered the emerald green bridesmaid dress for my cousin's wedding thinking it would match the other girls' dresses, but when it showed up it was more of a teal, which apparently looks totally different next to everyone else's in photos according to my cousin who is very particular about this stuff, so I just need to swap it for the actual emerald shade if that's possible before the wedding in three weeks.",False,easy,,medium,False,,
N01_021,N01,noul,Is the customer asking for a refund (their money back)?,true | false,"Kindly update the delivery address on my quarterly book box subscription, as I have recently relocated to a new residence in Millbrook.",False,easy,,short,False,,
N01_022,N01,noul,Is the customer asking for a refund (their money back)?,true | false,The lid to my stockpot arrived with a hairline crack near the handle; might I request a replacement lid be sent rather than the entire set returned?,False,medium,,short,False,,
N01_023,N01,noul,Is the customer asking for a refund (their money back)?,true | false,"- Ordered the wooden train set, item TS-221, last week
- Two of the track pieces are missing from the box
- Please send the missing pieces rather than a full replacement set
- Happy to provide photos of what arrived if useful",False,medium,,medium,False,audit,
N01_024,N01,noul,Is the customer asking for a refund (their money back)?,true | false,"Hi! I signed up for the Watercolor Basics course but realized after the first lesson that it's way more advanced than what I need right now, so I'd like to request a refund if that's still possible within the window, totally my mistake on picking the wrong level, no complaints about the course itself!",True,easy,,medium,True,,
N01_026,N01,noul,Is the customer asking for a refund (their money back)?,true | false,"Given the venue relocation to a smaller hall thirty miles away, please return the full $240 for order CT-9042 to my original card rather than transferring us to the new location.",True,medium,,short,True,,
N01_027,N01,noul,Is the customer asking for a refund (their money back)?,true | false,"lol this robot toy died after like 2 days, can i just get my money back instead of another one that's prob gonna break too",True,easy,,short,True,,
N01_028,N01,noul,Is the customer asking for a refund (their money back)?,true | false,"okay so the top drawer on the dresser we bought for the twins' room has been sticking since basically day one but now it's actually stuck shut completely and one of the kids keeps trying to yank it open which honestly scares me a little because I don't want the whole thing tipping over, I already checked and the runners inside look slightly bent, not broken exactly, just off, and I watched like three different videos online trying to fix it myself but nothing worked so at this point I think I just need someone to send over a replacement drawer slide kit or honestly even just send a tech out if that's a thing you guys do because between school pickup and both kids' schedules I genuinely do not have time to keep messing with this myself, the model number should be on the receipt which I still have somewhere in the kitchen drawer of doom, I can dig it up if you need it, we really do like the rest of the dresser otherwise it's just this one drawer being a whole thing, let me know what the next step is and how fast you can get the part to us because I'd rather fix it than have it sitting there half broken for another month.",False,hard,implicit,long,False,,
N01_030,N01,noul,Is the customer asking for a refund (their money back)?,true | false,"- Bluetooth speaker (order EL-3390) stopped charging after 10 days
- This is the second speaker from this order with the exact same issue
- Requesting a refund instead of a third replacement unit
- Please advise on return steps and how long the process usually takes",True,easy,,medium,True,,
N01_031,N01,noul,Is the customer asking for a refund (their money back)?,true | false,"Hi there! So we ordered the Willow armchair back in April for our reading nook, and it's honestly gorgeous, but after about two months of normal use the right armrest started separating slightly from the frame, like there's a visible gap now where there wasn't one before. We really love how it looks with the rest of our living room set, the color match is perfect and everything, so we're not looking to send it back or anything drastic like that, we'd just love it if you could send someone out to reinforce or repair that joint, or if it's easier, send us the specific screws or brackets so my husband can tighten it up himself since he's pretty handy with that kind of thing. We did check and it's still well within the one-year warranty period based on the invoice date, which I believe was April 14th, order number AR-6620 if that helps track things down. No urgency really, it's still totally usable day to day, we just want to catch it before it gets any worse, and we'd hate for such a nice piece of furniture to end up damaged over something this small. Let us know what the best next step is and whether someone needs to come take a look in person or if a fix-it kit would do the trick.",False,easy,,long,False,,
N01_032,N01,noul,Is the customer asking for a refund (their money back)?,true | false,"the drone crashed on its first flight straight out the box, deffo defective, just want the $89 back on my card not another one.",True,medium,,short,True,,
N01_033,N01,noul,Is the customer asking for a refund (their money back)?,true | false,"Given that this is the third consecutive Crafters' Corner box arriving with the same duplicate embroidery kit, please apply the $32.50 credit back to my original payment method rather than issuing another replacement box.",True,medium,,short,True,,
N01_034,N01,noul,Is the customer asking for a refund (their money back)?,true | false,"The toy car I received is broken, wheel is falling off. Please can you send a new one instead, this model is favorite of my son.",False,medium,,short,False,,
N01_036,N01,noul,Is the customer asking for a refund (their money back)?,true | false,"Not interested in store credit or a replacement box this time, just put the $34 back on the card, I'm officially done with this service.",True,hard,negation,short,True,,
N01_037,N01,noul,Is the customer asking for a refund (their money back)?,true | false,"The dining table (SKU FN-7741) was delivered with a 4mm surface warp across the veneer that exceeds your stated tolerance spec. Given the structural nature of the defect, I'm requesting a full refund of the $890 purchase price rather than a replacement unit, which would likely exhibit the same manufacturing issue.",True,easy,,medium,True,,
N01_038,N01,noul,Is the customer asking for a refund (their money back)?,true | false,"Good afternoon, I am writing regarding the copper cookware set I purchased on the third of last month, order number KW-5510. Upon unboxing, I discovered that the largest saucepan had a significant dent along its base, rendering it unable to sit flat on the stovetop, which as I am sure you understand makes it rather impractical for everyday cooking. I did consider simply requesting a replacement saucepan, but upon reflection, and given that I have since found a similar set at a shop closer to my home that I am equally fond of, I believe it would be simplest for all parties if I were instead issued a full refund of the $215 I paid for the set. I have kept the original packaging in good condition and would be glad to arrange for its return at your earliest convenience, along with the receipt, which I still have safely filed away. Please do let me know what steps you require of me to proceed, and I thank you kindly in advance for your attention to this matter. I have always found your company's service to be quite reliable, and I trust this instance will be handled with the same care.",True,easy,,long,True,audit,
N01_040,N01,noul,Is the customer asking for a refund (their money back)?,true | false,"ok the blender literally exploded smoothie everywhere on day one lol, just refund me pls i don't trust this brand anymore",True,easy,,short,True,,
N01_041,N01,noul,Is the customer asking for a refund (their money back)?,true | false,"Customer service chat told me I could get my money back for the torn seam on the coat. I don't want that, the coat itself is fine, it's just this one seam. Send a replacement in the same size and color, order CL-7734. That resolves it on my end, no need for anything further.",False,hard,quoted,medium,False,,
N01_042,N01,noul,Is the customer asking for a refund (their money back)?,true | false,"I don't want another shirt in a different size this time, just put the $28 back on my card, and we'll call it even!",True,hard,negation,short,True,,
N01_043,N01,noul,Is the customer asking for a refund (their money back)?,true | false,"The immersion blender's motor housing (unit KB-2201) overheats after 90 seconds of continuous use, outside spec. Please advise on shipping a replacement motor unit.",False,medium,,short,False,,
N01_044,N01,noul,Is the customer asking for a refund (their money back)?,true | false,"Not interested in a repair technician visit, send the $610 back to the card on file for order FN-1187.",True,hard,negation,short,True,,
N01_045,N01,noul,Is the customer asking for a refund (their money back)?,true | false,"The 'unbreakable' action figure snapped in half within an hour, so bold claim there, just refund me, I'm not pushing my luck with a second one.",True,easy,,short,True,,
N01_046,N01,noul,Is the customer asking for a refund (their money back)?,true | false,"I want to write about my sofa order, number FN-3390. I ordered gray fabric sofa two months ago. It arrived with big stain on one cushion, like oil or something dark. I contact your team first time, they say they will send new cushion cover only. I wait two weeks, new cover arrive, but it is wrong color, more like blue-gray not same as rest of sofa. I send photo to show the difference is very clear, you can see in the picture. Then I wait again for correct color, but website say now this fabric is out of stock and will not come back this year. This is very disappointing because I choose this sofa for living room to match my curtains, and now nothing matching after two tries. I do not think I want try third time for something that maybe not come at all. I think best is you put back the $780 I paid to my bank card, and I will look another sofa somewhere else, maybe different color entirely so this problem not happen again. I still have all original box and packing material in my garage if you need it return, my husband did not throw away yet because he thought maybe we need it. Please tell me next step for this, and how long usually it take for money to come back to card once you agree. Thank you very much for your patience with my situation, I know is not simple case.",True,medium,,long,True,,
N01_047,N01,noul,Is the customer asking for a refund (their money back)?,true | false,"As the Introductory French course no longer suits my schedule, I should like the $65 tuition fee returned to my card rather than transferred to another session.",True,medium,,short,True,,
N01_048,N01,noul,Is the customer asking for a refund (their money back)?,true | false,"so the babysitter fell through for Saturday and there's genuinely no one else who can watch the kids on such short notice so we're not going to be able to make the Riverside show after all and since it's less than 48 hours out I know we can't switch to another date at this point so could you just refund the two tickets to the card we used, order code CT-8850, thanks so much for understanding, we hate to miss it.",True,easy,,medium,True,,
N01_049,N01,noul,Is the customer asking for a refund (their money back)?,true | false,"so I ordered the navy hoodie for my son in a medium since that's what fit him last winter but kids grow fast apparently because it's snug on him already so I don't need to send it back for anything money related I just need to swap it out for a large before the weather turns cold, is that something I can do through the app or do I need to mail it back first.",False,medium,,medium,False,,
N01_051,N01,noul,Is the customer asking for a refund (their money back)?,true | false,"- Received the puzzle set, item PZ-3305, and two boxes worth of corner pieces are missing
- Not asking for money back on this one, the rest of the set is honestly great
- Just want a replacement box that actually includes all the pieces this time
- Happy to send photos of what arrived if that speeds things up",False,hard,negation,medium,False,,
N01_052,N01,noul,Is the customer asking for a refund (their money back)?,true | false,"- Toy drone (item TY-771) stopped responding to remote after one flight
- Please reverse the $54 charge to my card on file
- No interest in a replacement unit",True,hard,implicit,short,True,,
N01_053,N01,noul,Is the customer asking for a refund (their money back)?,true | false,"The waterproof jacket (SKU CL-9012) failed the manufacturer's stated hydrostatic rating within one wear, with visible seam leakage at the shoulder. Given the defect is inherent to construction rather than isolated to my unit, I'd like the $134 purchase price returned to my card rather than issued as a replacement of the same design.",True,medium,,medium,True,,
N01_054,N01,noul,Is the customer asking for a refund (their money back)?,true | false,"the blender lid cracked after like two uses so can u just send a new lid instead of dealing with the whole return process, kids are literally climbing on me while i type this lol.",False,medium,,short,False,,
N01_055,N01,noul,Is the customer asking for a refund (their money back)?,true | false,"ok between soccer and swim practice i havent even opened the last two boxes so just cancel it and put the $45 back on my card, dont have bandwidth for this right now.",True,medium,,short,True,,
N02_001,N02,noul,Does the text contain personal data that identifies or contacts a specific private individual?,true | false,"Hi! I'd love to register for the Saturday pottery workshop, count me in for sure. I'll be bringing my friend Rosa along too, we've been wanting to try this for ages. Just let me know if there's anything to prepare beforehand or if we should just show up with enthusiasm and clay-ready clothes. Feel free to reach out to events@brightgatherings.co if you need anything else from us before the big day!",False,easy,,medium,False,,
N02_003,N02,noul,Does the text contain personal data that identifies or contacts a specific private individual?,true | false,"so I already dropped off my application Tuesday and if you need anything more just have someone page the desk and ask for Denise, she's got my file, thanks so much for considering me!",False,hard,near_miss,short,False,,
N02_004,N02,noul,Does the text contain personal data that identifies or contacts a specific private individual?,true | false,"When I signed up for the downtown climbing gym years ago I never expected to still be going every week, but here we are, and now I want to bring my brother in as a guest member too. He just moved back into town after his divorce and could use the routine honestly. Go ahead and set up the paperwork under his name, and for anything urgent about scheduling you can just reach me directly at t.holloway82@mailbox.com since I check that way more than the app notifications.",True,medium,,medium,True,,
N02_005,N02,noul,Does the text contain personal data that identifies or contacts a specific private individual?,true | false,"so basically i was at the rec center yesterday afternoon, tuesday i think, or maybe it was wednesday, days kinda blur together lately with the new work schedule they put me on. anyway i left my gray hoodie on the bench by the pool entrance, the one with the broken zipper i keep meaning to fix but never do. its got a coffee stain on the left sleeve from that morning, classic me, always spilling something. i also think i mighta left my water bottle there too, the blue one, but honestly i lose like three of those a month so who even knows anymore. the front desk guy said he'd check the bin but they were closing up for a deep clean so he told me to come back thursday. i waited around for a bit hoping somebody would just hand it to me but no luck, typical tuesday, or wednesday, whichever it was. if anyone finds a gray hoodie with a broken zipper and a coffee stain just leave it with whoever's at the front counter, i'll swing by again later this week when the cleaning crew is done and things are back to normal. not a huge deal in the grand scheme but that hoodie is comfy and i'd rather not buy a new one for no reason. thanks in advance to whoever bothers to actually look.",False,hard,long_irrelevant,long,False,,
N02_006,N02,noul,Does the text contain personal data that identifies or contacts a specific private individual?,true | false,"heyyy so i saw the barista posting and NEED this job lol, coffee is literally my whole personality at this point. i've worked at two cafes before (won't name drop lol) and i'm super fast at the register, plus i memorize regulars' orders like it's my job (bc it kind of was). anyway i graduated last spring and i've been doing random gig stuff since then but i really want something steady w a team vibe, ur instagram looks so fun btw the latte art challenges are iconic. i can start literally whenever, mornings are best for me but i'll do whatever shift tbh i just need consistent hours rn. if u wanna set up an interview just hit me up, my cell is 917-664-2201 and i'm always on it, or email works too if that's easier for u, either way i'll respond fast promise. also lmk if there's like an actual application form i should fill out or if this counts lol, first time applying somewhere that wasn't through a friend so idk the vibe here yet. thanks for reading this whole thing if u did, i tend to ramble when i'm excited about stuff and i am VERY excited about this one ngl.",True,easy,,long,True,,
N02_007,N02,noul,Does the text contain personal data that identifies or contacts a specific private individual?,true | false,"My grandson, Bartholomew Reed, entered this world on the fourteenth of March in the year 2015, and it is he who shall be attending the kindergarten orientation on my behalf, as his parents are presently abroad.",True,hard,implicit,short,True,,
N02_008,N02,noul,Does the text contain personal data that identifies or contacts a specific private individual?,true | false,"I'm relocating for a six-month contract and would like to schedule a viewing of the unit on Cormorant Lane. For reference, my current lease is at 118 Thistledown Row, Unit 4, which the property manager there can confirm if a rental history check is needed. I'm available any weekday after 5pm and can bring documentation to the viewing.",True,medium,,medium,True,,
N02_009,N02,noul,Does the text contain personal data that identifies or contacts a specific private individual?,true | false,"Saw the listing this morning and got so excited I nearly spilled my coffee, anyway, could we do a walkthrough this weekend, easiest way to reach me is my cell, 480-233-7765, since I'm between meetings most of the day.",True,medium,,short,True,,
N02_010,N02,noul,Does the text contain personal data that identifies or contacts a specific private individual?,true | false,"I'll be honest, I've applied to eleven of these logistics coordinator roles this month and this is the first one where the posting didn't sound like it was written by a committee that's never actually worked a warehouse floor, so credit where it's due. I've spent the last four years doing inventory reconciliation for a mid-size distributor, mostly fixing other people's spreadsheet errors, which I'm told is a transferable skill though nobody's ever explained to what exactly. I don't do the thing where I pretend every job was a passion project; this one looks reasonably tolerable and pays better than tolerable, which is honestly a rare combination. If you want references I can supply the usual suspects, former supervisors who will say vaguely nice things without committing to anything specific, as is tradition. As for logistics on my end, I'm not in a huge rush to relocate, but if it comes to that, I currently rent the place above the shuttered laundromat at the corner of Ninth and Colby, easy enough to find because it's the only building on that block that still has its original neon sign flickering at odd hours. I mention that mostly because I assume background checks and whatever paperwork happens eventually needs to know where a person actually lives, not just where they say they're willing to move to. Anyway, I'd rather not write three more paragraphs pretending to be more enthusiastic than I am. If the role's still open and you want to talk specifics, I'm around most weekdays.",True,hard,implicit,long,True,queue,
N02_011,N02,noul,Does the text contain personal data that identifies or contacts a specific private individual?,true | false,"Requesting a follow-up appointment for next week.
- Reason: post-surgery check on left knee
- Preferred days: Tuesday or Wednesday, morning slots
- Contact for confirmation: 312-556-0194
- Please note I switched insurance plans since my last visit, new card details will be brought in person",True,medium,,medium,True,,
N02_012,N02,noul,Does the text contain personal data that identifies or contacts a specific private individual?,true | false,"Filing a report for an item left behind at the conference hall.
- Item: navy blue umbrella with a wooden curved handle
- Last seen: near seat row H, second-floor auditorium
- Date: during the Friday afternoon session
- Distinguishing feature: small tear near the tip, a sticker of a mountain on the canopy
- Preferred resolution: hold at lost property desk for pickup
- Note: I will send a colleague named Priya to collect it if I can't make it back before the venue closes
- General inquiries can go through the front desk at extension 220
- No rush on this, the umbrella isn't valuable, just sentimental since it was a gift
- Please log it under the Friday afternoon batch so it doesn't get mixed up with items from the morning keynote
- The umbrella has seen about two years of use so there may be light wear along the ribs as well
- Happy to fill out any additional paperwork if that speeds up the process",False,medium,,long,False,,
N02_013,N02,noul,Does the text contain personal data that identifies or contacts a specific private individual?,true | false,"Hi! Could I grab a slot sometime next week for a check-up? Easiest way to reach me is my mobile, 702-441-8830, mornings work best but I'm flexible!",True,medium,,short,True,,
N02_015,N02,noul,Does the text contain personal data that identifies or contacts a specific private individual?,true | false,I am applying for the Data Analyst II position listed on your careers page. I hold a Master's degree in Statistics and have four years of experience building forecasting models in Python and SQL. My most recent role involved automating a reporting pipeline that reduced manual review time by 30%. Please direct any questions to the recruiting team's inbox as listed in the posting.,False,easy,,medium,False,,
N02_016,N02,noul,Does the text contain personal data that identifies or contacts a specific private individual?,true | false,"Following up regarding registration logistics for the October data infrastructure summit. I've reviewed the updated agenda and the shift from the original three-track format to the current two-track structure works fine on our end; the overlap between the observability session and the cost-optimization panel was resolved sensibly by moving the latter to the afternoon block. I do want to flag that the badge printing vendor's API documentation you sent over references a field called 'attendee_ref' that isn't defined anywhere in the schema; if that's meant to map to the confirmation number from the registration form, it would help to say so explicitly, since right now three of our four attendees have blank values in that column on the export you sent. Separately, for the whisky-tasting evening add-on, the venue's licensing rules apparently require organizers to keep proof of legal drinking age on file, so please note that attendee Marcus Webb, born January 9, 1988, will be the one attending that particular session rather than the colleague originally listed. Everything else on the registration, dietary preferences, session picks, badge name, can stay as submitted last week. Let me know if the schema question needs a call instead of email, happy to hop on one this week if it's faster than going back and forth.",True,hard,long_irrelevant,long,True,,
N02_017,N02,noul,Does the text contain personal data that identifies or contacts a specific private individual?,true | false,"Sure, sign me up for the webinar, though I make no promises I'll actually watch it live instead of just claiming the certificate later.",False,easy,,short,False,,
N02_018,N02,noul,Does the text contain personal data that identifies or contacts a specific private individual?,true | false,"The tracking number's meaningless at this point, so just have the driver call my cell, 209-773-4415, before he gives up and leaves it at the wrong building again.",True,hard,near_miss,short,True,,
N02_019,N02,noul,Does the text contain personal data that identifies or contacts a specific private individual?,true | false,"Package under order #58291204 has not arrived, expected three days ago. Tracking shows it stalled at the regional facility since Monday and hasn't updated since. Please advise on next steps or issue a replacement if the delay continues past this week. Support can reach me through the account messaging system if updates are needed, no need to call.",False,medium,,medium,False,,
N02_020,N02,noul,Does the text contain personal data that identifies or contacts a specific private individual?,true | false,"I noted with interest your advertisement for the cottage near the millpond. Might I enquire as to whether the property permits a small dog, as my wife and I do keep a rather elderly terrier who is, I assure you, entirely housebroken and disinclined to bark. We would also appreciate knowing the approximate cost of heating during the winter months, given the property's age, as our previous cottage proved rather draughty. Kindly advise at your earliest convenience, and do forgive the number of questions.",False,medium,,medium,False,,
N02_022,N02,noul,Does the text contain personal data that identifies or contacts a specific private individual?,true | false,"Booking a follow-up for my knee, which continues to make a noise like a rusty gate every time I take the stairs, so evidently the last appointment didn't fix whatever's actually wrong. Full details below since your intake form seems to want everything short of my childhood pet's name: Grace Odom, born June 22, 1979, insurance member ID GH4471209, home address 88 Larkin Terrace, Unit 2, and the best number to reach me is 646-390-2287, though I mostly ignore calls from numbers I don't recognize so texting works better if that's an option on your end. I'd rather not repeat this whole exercise if the file gets lost between departments again, which happened last year and cost me a rescheduled MRI and a fairly memorable rant to the receptionist, who did not deserve it and to whom I did apologize eventually. Anyway, mornings before 10am work best, afternoons are a coin flip depending on whether the noise from the construction site next to my building has given me a headache by then. Let me know what's available and I'll make it work.",True,easy,,long,True,,
N02_023,N02,noul,Does the text contain personal data that identifies or contacts a specific private individual?,true | false,"Quick questions before I book a viewing:
- Are pets allowed, specifically one cat?
- Is parking included or a separate cost?
- What's the earliest possible move-in date?",False,medium,,short,False,,
N02_024,N02,noul,Does the text contain personal data that identifies or contacts a specific private individual?,true | false,My son is in the third grade this year and will need the updated supply list. Please send it home with him or post it to the class portal.,False,medium,,short,False,,
N02_025,N02,noul,Does the text contain personal data that identifies or contacts a specific private individual?,true | false,"Renewing my membership again, apparently I can't quit this gym even when I genuinely want to some mornings. Same card on file should work as usual, but if it declines for whatever reason, call me at 773-508-2291 before you just go ahead and cancel my membership outright, since that happened once before and it took three phone calls to sort out.",True,easy,,medium,True,,
N02_026,N02,noul,Does the text contain personal data that identifies or contacts a specific private individual?,true | false,"The automated reminder system already texted me four times about this appointment, so consider it firmly not forgotten. What actually needs sorting is my file merge from the old system, since apparently two records got created under slightly different spellings. For the record it should all be filed under Owen Blackwood, born April 2, 1985, not whatever hybrid name is currently attached to the appointment. Fix that before Thursday if you can, otherwise the paperwork will be a mess.",True,hard,near_miss,medium,True,,
N02_027,N02,noul,Does the text contain personal data that identifies or contacts a specific private individual?,true | false,"ugh the package got left at the wrong door again, can someone just have the driver text me directly next time, 646-208-9931, so this doesn't keep happening lol",True,medium,,short,True,,
N02_028,N02,noul,Does the text contain personal data that identifies or contacts a specific private individual?,true | false,"so basicaly my back has been acting up again since like last month, started after i helped my cousin move that stupid couch up three flights of stairs, worst decision of my life honestly. it wasnt bad at first just kinda stiff in the mornings but now its like a full on ache by the afternoon especially if ive been sitting at the desk too long which is basically always given my job. i tried the heating pad thing my mom swears by, didnt really do much, also tried stretching but i probably did it wrong bc it made things worse for like a day. anyway i called the clinic main line last week, the one on the flyer, i think its listed as the general appointments number on your website, and they said theres a two week wait for a regular checkup which feels like forever when ur back hurts every single day. i dont think its anything super serious, no numbness or anything scary like that, just annoying and it makes it hard to focus at work. my coworker jill said i should just go to urgent care instead but idk if thats overkill for back pain thats been going on this long, feels like it should just be a regular appointment thing. anyway just wanted to get on the list for whenever the next opening is, morning or afternoon doesnt matter to me at this point im desperate lol. thanks for dealing with my rambling, back pain apparently makes me chatty.",False,hard,long_irrelevant,long,False,,
N02_029,N02,noul,Does the text contain personal data that identifies or contacts a specific private individual?,true | false,"Signing up for the conference, though someone should confirm the badge actually gets emailed to me this time. Send it to r.kessler77@fastmail.com since the last one vanished into whatever void confirmation emails go to.",True,easy,,short,True,,
N02_030,N02,noul,Does the text contain personal data that identifies or contacts a specific private individual?,true | false,"So this is a bit embarrassing but I think I left my wallet at the community center after yoga on Monday, the brown leather one that's basically falling apart but I love it anyway. If anyone turns it in, please just call me at 512-390-7746, I'll come grab it same day, I promise I'm not usually this scattered, it's just been a week.",True,easy,,medium,True,,
N02_031,N02,noul,Does the text contain personal data that identifies or contacts a specific private individual?,true | false,"To Whom It May Concern, I write on behalf of my granddaughter, whose enrollment paperwork I understand was misplaced during the recent transition to your new administrative software, a circumstance I am given to understand has affected a good many families this term, and for which I harbor no particular ill will, these things happen even to the best-run institutions. My late husband, God rest him, always said patience was a virtue in short supply and abundant necessity when dealing with any bureaucracy, school or otherwise, and I have tried to carry that sentiment forward these past few years since he passed. In any case, the child in question, one Beatrice Hollingsworth, was born on the second of November, 2016, and I trust this detail, once properly entered into whatever system has replaced the old one, will resolve the confusion regarding her grade placement, as I understand there was some question as to whether she ought to be placed with children a year her senior. She is, if I may say so as her doting grandmother, quite advanced for her age in reading, though rather less enthusiastic about arithmetic, a trait she inherited, I confess, from me rather than her mother. I do hope this letter finds its way to whoever handles such matters, and I remain available by post or telephone should further clarification be required on any point I have raised herein.",True,hard,long_irrelevant,long,True,,
N02_032,N02,noul,Does the text contain personal data that identifies or contacts a specific private individual?,true | false,"Reporting a lost item from the third-floor conference room: a black USB-C charging cable, approximately six feet in length, with a small piece of blue tape wrapped around one end for identification. Last used during the 2pm meeting on Tuesday. If found, please leave it with building reception; no further contact details are necessary as I pass by that desk daily.",False,easy,,medium,False,,
N02_033,N02,noul,Does the text contain personal data that identifies or contacts a specific private individual?,true | false,"Need to move my Thursday appointment to next week if possible, something came up at work. Any day after Tuesday works fine on my end.",False,medium,,short,False,,
N02_035,N02,noul,Does the text contain personal data that identifies or contacts a specific private individual?,true | false,"I've been meaning to apply to this company for actually over a year now, ever since a friend of mine did a summer contract with your design team and wouldn't stop talking about how much she learned, to the point where it got a little annoying honestly, in the friendliest way possible. I finally have a portfolio I'm not embarrassed to show anyone, which took longer than I'd like to admit, mostly because I kept redoing the same three projects instead of finishing new ones, a pattern my old professor used to call 'productive procrastination' though I think he was just being generous. Anyway, I studied graphic design at a small college most people haven't heard of, then spent two years doing freelance work for local restaurants and one very confusing rebrand for a dog grooming business that somehow ended up being my favorite project despite the client changing her mind roughly nine times. I think that project taught me more about patience than the entire degree did, honestly. If you'd like to see more of my work or set up a call, I'm easiest to reach at dana.oyelaran@fernwoodmail.com, I check it constantly, probably too constantly if I'm being honest with myself. I'm available for an interview basically whenever, my schedule's flexible right now between freelance gigs, so just say the word and I'll make it work around whatever's easiest for your team.",True,medium,,long,True,,
N02_036,N02,noul,Does the text contain personal data that identifies or contacts a specific private individual?,true | false,"Requesting to switch my appointment from the afternoon slot to a morning one if anything opens up this week. The current time conflicts with a recurring meeting I can't move without significant advance notice. No preference on which day works, just needs to be before 11am, and I can be flexible on which provider I see if that helps with scheduling.",False,medium,,medium,False,audit,
N02_037,N02,noul,Does the text contain personal data that identifies or contacts a specific private individual?,true | false,"saw the listing for the studio on birchwood, wanna set up a viewing this weekend, easiest to just text me at 917-345-2260 since i dont check email much",True,medium,,short,True,audit,
N02_038,N02,noul,Does the text contain personal data that identifies or contacts a specific private individual?,true | false,"Writing to confirm a few administrative items ahead of the membership renewal cycle that begins next month. First, I noticed the online portal still lists my membership tier as 'associate' rather than 'full,' despite the upgrade being processed and confirmed by staff back in March; this seems to be a synchronization issue between the portal and whatever backend system handles tier assignments, and I'd appreciate it being corrected before the renewal invoice generates, since associate and full members are billed at noticeably different rates. Second, the locker assignment email I received last week references locker 214, but the physical locker is still labeled with the previous member's name tag, which I haven't removed in case that causes a separate administrative issue on your end. Third, and this is the item that actually needs action before next week's billing run: the card on file needs to be updated, as the old one expired last month; the new card number is 4539 1281 0074 2266, expiring 03/28, and the billing zip is unchanged. Once that's updated, everything else can proceed as normal, and I don't need confirmation beyond a standard receipt after the charge goes through. Let me know if any of the above requires a phone call rather than email, though I suspect all three are simple enough to resolve without one.",True,hard,long_irrelevant,long,True,,
N02_039,N02,noul,Does the text contain personal data that identifies or contacts a specific private individual?,true | false,"Just wanted to say how much I've been loving the new evening yoga classes, they've become the highlight of my week honestly, even on the days I almost talk myself out of going! Renewing my membership for another year, no changes needed on my end. Thanks for always keeping the studio so welcoming and the instructors so patient with beginners, see you all at Thursday's class!",False,medium,,medium,False,,
N02_040,N02,noul,Does the text contain personal data that identifies or contacts a specific private individual?,true | false,"found a wallet near the bus stop on maple ave yesterday, brown leather, had a library card inside but no cash. if its yours just call me at 630-221-9948 and describe whats in it before i hand it over, just to be safe",True,medium,,medium,True,,
N02_041,N02,noul,Does the text contain personal data that identifies or contacts a specific private individual?,true | false,"Delivery update needed:
- Order #74128855
- Expected: Monday
- Status: still shows 'processing'
- Requesting confirmation of new estimated date",False,medium,,short,False,,
N02_042,N02,noul,Does the text contain personal data that identifies or contacts a specific private individual?,true | false,"lol ok so my membership card got demagnetized again (third time??) can someone just fix it at the front desk whenever I swing by this week. tell them to look up Jordan, ask for the guy who always brings his dog to the parking lot lol they'll know exactly who i mean fr, no need to make this complicated.",False,hard,near_miss,medium,False,,
N02_043,N02,noul,Does the text contain personal data that identifies or contacts a specific private individual?,true | false,"Applying for the Senior QA Engineer position. Please direct interview scheduling to my direct line, 425-880-1163, as I'm often away from email during testing cycles.",True,easy,,short,True,,
N02_044,N02,noul,Does the text contain personal data that identifies or contacts a specific private individual?,true | false,"Kindly note that our grandson, young Edmund, shall be collected promptly following the afternoon recital by his uncle rather than by ourselves this particular week, owing to a prior engagement we simply cannot reschedule. Should any difficulty arise, do ring the front office at the usual extension, as we shall be traveling and rather less easily reached ourselves for the remainder of the week.",False,hard,near_miss,medium,False,,
N02_045,N02,noul,Does the text contain personal data that identifies or contacts a specific private individual?,true | false,"I'll be the one arriving fashionably late again, probably still wearing whatever ridiculous scarf I grabbed on the way out, so just look for the chaos near the registration table and you'll find me.",False,hard,implicit,short,False,,
N02_047,N02,noul,Does the text contain personal data that identifies or contacts a specific private individual?,true | false,Please note my child will be absent Friday for a family event. A written excuse will follow when she returns Monday.,False,easy,,short,False,,
N02_048,N02,noul,Does the text contain personal data that identifies or contacts a specific private individual?,true | false,"We are writing to enquire whether the flat advertised on Corn Exchange Street remains available, and if so, whether a viewing might be arranged for some afternoon next week at your convenience.",False,medium,,short,False,,
N02_049,N02,noul,Does the text contain personal data that identifies or contacts a specific private individual?,true | false,"Order #33210976 arrived damaged, the box was crushed on one corner. Requesting a replacement or refund at your earliest convenience.",False,easy,,short,False,,
N02_050,N02,noul,Does the text contain personal data that identifies or contacts a specific private individual?,true | false,"Filing a detailed complaint regarding a recurring delivery problem:
- This is the third time in two months that a package has been left at the wrong building in our complex
- Building layout: our complex has four nearly identical entrances (A, B, C, D) which seems to be the recurring source of confusion
- Previous incidents: one package ended up at building C when it should have gone to building A (resolved after two days), another was marked 'delivered' but never located at all (refunded eventually)
- Current issue: order #91827364 shows 'delivered' as of yesterday but nothing has appeared at any of the four entrances, checked personally with the front desk at each one
- Front desk staff have no record of signing for it, and no photo was attached to the delivery confirmation this time, unlike previous deliveries which did include a photo
- Requesting either a reshipment or a refund, whichever is faster to process on your end
- Also requesting, if possible, that future deliveries include a photo confirmation regardless of package value, since that has been the only reliable way to locate misplaced items so far
- General account correspondence can go through the standard support portal messaging thread already associated with this order
- Not asking for expedited shipping on the replacement, standard timing is fine, just want the actual item to show up at the correct entrance this time
- Happy to provide the complex's shared building manager contact if that speeds up verifying the correct entrance, though the account on file should already specify the unit and entrance letter",False,hard,long_irrelevant,long,False,,
N02_051,N02,noul,Does the text contain personal data that identifies or contacts a specific private individual?,true | false,"Renewing again, shocking absolutely no one at this point. Same plan as last year, no upgrades, no downgrades, please just charge whatever's already on file and spare me the upsell email this time, I've heard the pitch for the premium tier enough times to recite it back to whoever's selling it.",False,easy,,medium,False,,
N02_052,N02,noul,Does the text contain personal data that identifies or contacts a specific private individual?,true | false,"This is the second time this week a delivery's been left at some building that is not mine, which is impressive given the address is not exactly a mystery. For the record, one more time, in case whichever driver keeps doing this needs it in writing: the correct address is 214 Wrenfield Court, Unit 9, not Unit 6, not the building next door, not the leasing office lobby where I found the last package sitting suspiciously unattended. If there's any confusion whatsoever, the driver can just call my cell before dropping anything off, 909-442-7761, it rings, I promise, unlike whatever number is apparently getting ignored on your end. I'm home most afternoons after 2pm specifically so this shouldn't be difficult to coordinate. I've attached a photo of my actual front door in case that helps, since apparently the address alone isn't cutting it. I don't think I'm asking for anything unreasonable here, just the basic service of a package ending up where it's supposed to, which I was under the impression was the entire premise of a delivery company. Let me know if there's a supervisor I should be looping in at this point, given this is now a pattern rather than a one-off mistake, but either way, please just fix the address on file before the next shipment goes out, because at this rate I'm half expecting the box to end up in a different city entirely.",True,easy,,long,True,,
N02_053,N02,noul,Does the text contain personal data that identifies or contacts a specific private individual?,true | false,"Lost a pair of sunglasses somewhere between the parking lot and the front entrance, nothing fancy, not expecting a miracle, but figured I'd mention it in case they turn up in the lost bin.",False,medium,,short,False,audit,
N02_054,N02,noul,Does the text contain personal data that identifies or contacts a specific private individual?,true | false,"I know lost-and-found reports are usually a formality that goes nowhere, my sister always jokes that anything left in a public place is basically donated at that point, but I'm holding out hope on this one because the item actually matters to me. I left a small wooden box, the kind with a sliding lid, at the community garden shed sometime last weekend during the volunteer planting day. It's got my grandfather's initials carved into the bottom, which is the only reason I care as much as I do, everything else in my life gets misplaced constantly and I've made peace with it, but this one I'd actually like back. I think it might have slipped out of my jacket pocket while I was kneeling to plant the tomato starts, or it could have ended up in one of the shared tool bins if someone picked it up thinking it was communal garden supplies, which, fair guess, it does look a bit like a seed box from a distance. If anyone on the garden committee finds it, please just reach out to me directly rather than leaving it in a general bin somewhere, my number is 224-661-0587 and I check it constantly, probably more than is healthy. I'd genuinely rather drive over immediately to grab it than wait for some official pickup window, so any hour of the day works for a call.",True,medium,,long,True,,
N02_055,N02,noul,Does the text contain personal data that identifies or contacts a specific private individual?,true | false,"I should like to register for the autumn lecture series, if a seat remains available. Should the organizers require confirmation by telephone rather than post, I may be reached at 07911 224 683 most afternoons. I do hope the seating this year allows for better acoustics than the previous venue.",True,medium,,medium,True,,
N03_000,N03,noul,Does the passage contain the information needed to answer the question?,true | false,"question: In what year did Cindergate gain official town status?
passage: Long before it had a name, the crossing where Cindergate now stands served seasonal drovers moving cattle toward the coastal markets, a use that continued largely unchanged for decades. The settlement that grew up around the crossing remained an unincorporated hamlet through most of the 1800s, known locally simply as ""the ford."" It was only when the county surveyor's office recorded a formal charter for the settlement in 1888, granting it status as an incorporated town under the name Cindergate, that the earlier name fell out of use. Later expansions, including the 1920s rail spur and the 1954 reservoir project, are often mistaken for the town's founding.",True,hard,near_miss,medium,True,,
N03_001,N03,noul,Does the passage contain the information needed to answer the question?,true | false,"question: What year did the Hollis Gallery of Natural Wonders open to the public?
passage: I still remember my grandmother taking me to the Hollis Gallery of Natural Wonders the autumn after it opened in 1962, back when the entrance hall still smelled like fresh varnish.",True,easy,,short,True,,
N03_002,N03,noul,Does the passage contain the information needed to answer the question?,true | false,"question: What is the maximum load capacity of the Voltix cordless drill's belt clip?
passage: voltix drill belt clip snaps onto most tool belts up to 2 inches wide and holds the drill securley when not in use. clip is made of reinforced nylon and rated for outdoor use, aslo fits most standard belts.",False,hard,near_miss,short,False,,
N03_003,N03,noul,Does the passage contain the information needed to answer the question?,true | false,"question: How long is the Fenwick Ridge Trail from trailhead to summit?
passage: The Fenwick Ridge Trail begins at the gravel lot on Route 9 and climbs steadily through switchbacks for the first two miles. Hikers pass a spring-fed creek crossing around the halfway point, which is a reliable water source in most seasons. The trail continues through open scree fields before reaching the summit marker at 6.4 miles from the trailhead. Most parties finish the round trip in five to six hours.",True,medium,,medium,True,,
N03_004,N03,noul,Does the passage contain the information needed to answer the question?,true | false,"question: What is the elevation gain of the Silverpine Loop?
passage: The Silverpine Loop trailhead sits at the far end of the Bracken Hollow campground, past a wooden footbridge that campground staff repaint every spring. The path winds through a dense stand of paper birch before opening onto a marshy meadow where dragonflies are common in July and August. Interpretive signs along the first mile describe the logging history of the area, including an old sawmill foundation visible just off the trail. Dogs are permitted on leash, and the loop is considered suitable for families with young children.",False,easy,,medium,False,,
N03_005,N03,noul,Does the passage contain the information needed to answer the question?,true | false,"question: How many eggs does a Marsh Whistler frog typically lay per clutch?
passage: Marsh Whistler frogs are such fun to spot at dusk, if you're patient you'll notice females depositing clutches of around 80 to 100 eggs in shallow pools each spring!",True,medium,,short,True,,
N03_006,N03,noul,Does the passage contain the information needed to answer the question?,true | false,"question: What is the ticket price for the Bramwell Museum of Craft's guided tour?
passage: The Bramwell Museum of Craft occupies a converted textile mill and apparently considers its squeaky floorboards part of the 'immersive experience.' Guided tours depart from the east lobby every hour on weekdays, weather and enthusiasm permitting.",False,medium,,short,False,,
N03_007,N03,noul,Does the passage contain the information needed to answer the question?,true | false,"question: How many cups of water does the ClearBrew coffee maker's reservoir hold?
passage: the ClearBrew reservoir holds up to 12 cups of water so I just fill it once in the morning before the kids get up and it's enough for the whole pot plus a refill.",True,easy,,short,True,,
N03_008,N03,noul,Does the passage contain the information needed to answer the question?,true | false,"question: Who is credited as the founder of Wrenfield?
passage: My uncle used to say Wrenfield wouldn't exist if not for Edda Marlow, the trapper who built the first cabin by the falls in 1803 and is still credited as the town's founder.",True,easy,,short,True,,
N03_009,N03,noul,Does the passage contain the information needed to answer the question?,true | false,"question: What is the minimum GPA required for a student to remain in good academic standing at Hallowell University?
passage: Hallowell University requires undergraduate students to maintain a cumulative GPA of at least 2.0 to remain in good academic standing. Students who fall below this threshold for two consecutive terms are placed on academic probation. Probation status requires a mandatory meeting with an academic advisor and may limit enrollment to twelve credit hours per term. Students who fail to raise their GPA above 2.0 within one probationary term face suspension.",True,easy,,medium,True,,
N03_010,N03,noul,Does the passage contain the information needed to answer the question?,true | false,"question: Which programming languages does the Streamlyn library support?
passage: Streamlyn is small library for reading log files fast and it need very little memory. Documentation for installing it is on the project page.",False,easy,,short,False,,
N03_011,N03,noul,Does the passage contain the information needed to answer the question?,true | false,"question: What is the warranty period for the AeroLift stand mixer?
passage: I have found the AeroLift stand mixer to be a most satisfactory appliance in my kitchen. It comes in three colours, ivory, sage, and slate, and the bowl itself is fashioned from stainless steel with a generous five-quart capacity. The instructions advise that the dough hook ought to be removed before the unit is washed, and that the beaters should never be immersed in water. One is also cautioned to keep the cord away from the stovetop.",False,easy,,medium,False,,
N03_012,N03,noul,Does the passage contain the information needed to answer the question?,true | false,"question: How many days does a student have to formally appeal a failing grade at Thornfield College?
passage: In my day such matters were settled with a conversation, but I understand Thornfield College now insists upon a written procedure. A student wishing to contest a grade must first consult the instructor privately, and only thereafter may the matter be brought before the department's academic review committee, which meets monthly to hear such cases. Separately, a student wishing to withdraw from a course entirely must submit that request within ten days of the term's midpoint. The review committee's decision, I am told, is considered final and is communicated in writing to the student and the registrar.",False,hard,near_miss,medium,False,queue,
N03_013,N03,noul,Does the passage contain the information needed to answer the question?,true | false,"question: What time does the Quillan Museum of Flight close on weekdays?
passage: ok so the quillan museum closes at 5pm mon-fri, still tryna make it before they kick everyone out lol",True,medium,,short,True,,
N03_014,N03,noul,Does the passage contain the information needed to answer the question?,true | false,"question: What is the minimum Python version required to install the DataForge library?
passage: dataforge needs python 3.8 or higher, wont install on anything older cuz it uses newer typing features. pip install dataforge works fine on linux and mac, windows support is a bit shakier but mostly ok. check the changelog b4 upgrading major versions since the api shifts sometimes and compatibilty isnt always guaranteed.",True,medium,,medium,True,,
N03_015,N03,noul,Does the passage contain the information needed to answer the question?,true | false,"question: What is the average lifespan of the Sable Marmot in the wild?
passage: The Sable Marmot, distinguished by the dark banding along its flanks and a notably bushy tail fringed with grey, is most frequently observed foraging along scree slopes above the treeline during the early morning hours.",False,medium,,short,False,,
N03_016,N03,noul,Does the passage contain the information needed to answer the question?,true | false,"question: Is the Cragmoor Trail open to mountain bikes?
passage: - Trailhead: Lot B, Cragmoor Ranger Station
- Length: 4.1 miles one-way
- Surface: packed dirt, rocky in upper third
- Dogs: permitted on leash
- Hours: sunrise to sunset",False,medium,,short,False,,
N03_018,N03,noul,Does the passage contain the information needed to answer the question?,true | false,"question: In what year did Alderpine's town hall burn down?
passage: Alderpine town hall was build in 1889 and it was renovated two time, one time in 1930 and again in 1975 after big storm damage the roof. The old grain warehouse near river did burn down in 1902, this is still remembered by old families.",False,hard,near_miss,short,False,queue,
N03_019,N03,noul,Does the passage contain the information needed to answer the question?,true | false,"question: Does the PixelKit library support GPU-accelerated rendering?
passage: PixelKit ships with an extensive set of vector drawing primitives, a configurable event loop, and bindings for both Python and Ruby, alongside a plugin system that lets third parties register custom canvas filters.",False,medium,,short,False,,
N03_021,N03,noul,Does the passage contain the information needed to answer the question?,true | false,"question: What percentage of tuition is refunded if a student withdraws during the first week of the semester at Esterbrook University?
passage: esterbrook's withdrawal refund schedule is kind of a headache but here's the breakdown far as i can tell from the registrar page. if u drop a class entirely before the semester even starts, before the first day, u get 100% back no questions asked, thats separate from the withdrawal schedule tho. once classes start the schedule kicks in, withdraw during week 1 and u still recieve a 100% refund, since the university counts that first week as a shopping/add period. week 2 drops to 75%, week 3 is 50%, and week 4 is 25%. after week 4 theres no refund at all, u just get a W on the transcript and thats it. this applies to full semester courses only, the 7-week accelerated courses have their own schedule thats compressed into like the first 3 days for the 100% tier. also note the athletic fee and the health center fee are non refundable at any point, only tuition and the general services fee follow the percentage schedule above. i had a friend who tried to argue for a partial refund in week 5 last year and admin didnt budge at all, rules are rules i guess. if ur on financial aid the refund calculation is even more complicated bc federal aid rules kick in separately and can override the school schedule, so talk to the aid office directly if that applies to u.",True,hard,numbers,long,True,,
N03_022,N03,noul,Does the passage contain the information needed to answer the question?,true | false,"question: What color are the eyes of the Cinder Hawk?
passage: The Cinder Hawk is a broad-winged raptor found across the highland plateaus, easily recognized by the sooty grey plumage across its back and the pale barring visible on its underwings during flight, along with a distinctive rasping call it gives while circling thermals.",False,easy,,short,False,,
N03_023,N03,noul,Does the passage contain the information needed to answer the question?,true | false,"question: Is the Verity House Museum stroller-accessible?
passage: we went to verity house museum last saturday and honestly the gift shop alone took us twenty minutes because the kids wanted every single postcard in the rack and then we grabbed a quick bite at the little cafe near the entrance before heading home.",False,medium,,short,False,,
N03_024,N03,noul,Does the passage contain the information needed to answer the question?,true | false,"question: How many miles long is the Mossgate Trail?
passage: Despite what the faded trailhead sign still claims about a 'quick 2-mile nature walk,' the Mossgate Trail actually runs 5.3 miles one-way, as anyone who has tried to make it back before dark can tell you.",True,hard,numbers,short,True,,
N03_025,N03,noul,Does the passage contain the information needed to answer the question?,true | false,"question: What does the Blue Comb newt primarily eat?
passage: I first came across a Blue Comb newt years ago while helping my niece with a school project on pond life, and what stuck with me was how the guidebook described its diet, mostly small aquatic insects, mosquito larvae, and the occasional water flea, all snapped up along the muddy margins of slow streams. We spent an entire afternoon at the creek behind her house trying to spot one eating, though we only ever saw it sitting still on a submerged log. Apparently they'll also take tiny snails when insects are scarce, according to the same guidebook.",True,medium,,medium,True,audit,
N03_026,N03,noul,Does the passage contain the information needed to answer the question?,true | false,"question: What is the maximum number of credit hours a graduate student may transfer into the Camden Ridge University master's program?
passage: My cousin went through the whole transfer process at Camden Ridge a few years back for her undergraduate degree, and she still talks about how the admissions office capped undergraduate transfer credits at 60 semester hours, which meant two of her community college courses just didn't count toward her degree at all. She always tells this story like a cautionary tale whenever anyone mentions transferring schools. The whole process, she says, was handled by the undergraduate admissions office on the second floor of the registrar building, a place she visited more times than she'd like to admit that semester.",False,hard,numbers,medium,False,,
N03_028,N03,noul,Does the passage contain the information needed to answer the question?,true | false,"question: What is the annual membership fee for adults at the Ravenport Rowing Club?
passage: The Ravenport Rowing Club maintains a fleet of eleven single sculls and four eight-person shells, all stored in a boathouse that was renovated in 2015 with a new composite roof and expanded rack space for junior equipment.",False,medium,,short,False,,
N03_029,N03,noul,Does the passage contain the information needed to answer the question?,true | false,"question: How is a custom serializer registered with the Vectra library?
passage: so i've been using vectra for a side project i squeeze in during the kids' naptime and it took me forever to figure out the serializer thing because the docs are kind of scattered across three different pages and none of them link to each other very well, but eventually i found that you register a custom serializer by calling vectra.register_serializer() and passing it the target type along with a callable that converts instances of that type into a plain dict, and once that's done vectra will automatically use your function anytime it needs to serialize that type whether that's for saving to disk or sending over the network, which honestly saved me so much time once i got it working because before that i was manually converting everything by hand in like six different places throughout my code and it was a mess, and there's also apparently a way to register a matching deserializer using vectra.register_deserializer() so the whole round trip works without you writing any manual conversion code at all, though i haven't needed that part yet since my project is mostly write-only logging data that never gets read back in the same format.",True,medium,,long,True,,
N03_030,N03,noul,Does the passage contain the information needed to answer the question?,true | false,"question: What is the elevation at the summit of Thistledown Trail?
passage: Thistledown Trail - Quick Reference
- Trailhead elevation: 2,150 ft, accessed via Forest Road 12
- Trail type: out-and-back, no loop option
- Distance: 7.8 miles round trip
- Difficulty: strenuous, sustained climb over final 2 miles
- Water sources: one seasonal spring at mile 2.4, unreliable after August
- Wildlife: black bear activity reported in berry season, store food properly
- Permits: none required for day use; overnight camping needs a self-issue permit at the trailhead box
- Summit elevation: 5,940 ft, marked by a stone cairn and metal survey marker
- Best season: late June through early October; snow lingers on the upper switchbacks into July most years
- Parking: gravel lot fits about 15 vehicles, fills by 8am on weekends
- Cell service: none beyond mile 1
- Nearest ranger station: Fenwick District Office, 11 miles by road",True,hard,near_miss,long,True,,
N03_031,N03,noul,Does the passage contain the information needed to answer the question?,true | false,"question: What license is the Cachely library released under?
passage: Cachely is released under the MIT license, as stated in the LICENSE file included with every distribution.",True,medium,,short,True,,
N03_032,N03,noul,Does the passage contain the information needed to answer the question?,true | false,"question: What caused the Great Fire of Hensbrook in 1922?
passage: Hensbrook likes to market itself as 'the town that rebuilt itself,' a slogan that conveniently glosses over the fact that it only needed rebuilding because half of it burned down in 1922. The historical society's plaque outside the courthouse commemorates the event with admirable vagueness, noting only that 'a fire of considerable size consumed forty-one buildings along Market Street before volunteer crews from three neighboring townships managed to contain it near the old grain exchange.' Contemporary newspaper accounts, at least the fragments that survived in the county archive, spend most of their column space praising the bravery of the bucket brigades and listing which prominent families lost their homes, rather than offering any explanation for how the blaze actually started. A popular local theory blames a spark from the blacksmith's forge on Elm Street, though the blacksmith himself apparently testified under oath that his forge had been cold for two days prior. Another theory, favored mostly by people who enjoy a good conspiracy, points to a rival town's grudge over a disputed rail contract, though no evidence beyond gossip has ever surfaced. The rebuilding effort that followed is far better documented: the town adopted its first brick-construction ordinance within the year, established a paid fire department in 1924, and built the water tower that still stands on Cobble Hill today. Whatever actually started the fire, Hensbrook seems to have decided the story of the recovery was more flattering to tell than the story of the cause.",False,easy,,long,False,,
N03_033,N03,noul,Does the passage contain the information needed to answer the question?,true | false,"question: How often should the filter in the Everdry dehumidifier be cleaned?
passage: I have owned my Everdry dehumidifier for some three years now, and I have found it to be a reliable companion in the damp cellar. The manual that accompanied it, printed in a pleasingly large typeface, instructs the owner to remove and rinse the filter every thirty days under lukewarm water, and to allow it to dry fully before it is replaced. One is also advised to empty the collection bucket daily during the wetter months, though I confess I sometimes forget until it is rather too full.",True,medium,,medium,True,audit,
N03_035,N03,noul,Does the passage contain the information needed to answer the question?,true | false,"question: What is the typical wingspan of the Amber-Wing Kestrel?
passage: In my many years of birdwatching along the coastal bluffs, I have found the Amber-Wing Kestrel to be a most elegant creature, its plumage a rich rust color fading to grey at the wingtips. The field guide I still consult, though its binding is rather worn now, records the wingspan as measuring between 24 and 27 inches in mature adults. It is, I am told, somewhat smaller than its cousin the Marsh Kestrel, though I have never had the pleasure of observing that species myself.",True,medium,,medium,True,,
N03_036,N03,noul,Does the passage contain the information needed to answer the question?,true | false,"question: How many parking permits can a single graduate student purchase per semester at Pinebridge University?
passage: Hey so if you're heading to Pinebridge for grad school, campus parking is honestly one of those things everyone complains about at orientation! The garage on Fifth Street is closest to the science building but it fills up crazy fast, so a lot of students end up parking in the overflow lot by the stadium and taking the shuttle in. The shuttle runs every fifteen minutes during the day and every thirty minutes after 6pm, which honestly isn't bad once you get used to the schedule!",False,easy,,medium,False,,
N03_038,N03,noul,Does the passage contain the information needed to answer the question?,true | false,"question: Is the Hollow Creek Path dog-friendly?
passage: ok hollow creek path update bc people keep asking in the comments, yes dogs are allowed the WHOLE trail, no leash law posted anywhere which is kind of wild ngl but also kinda nice lol. saw like 4 golden retrievers just living their best life off leash near the creek crossing. parking lot is small tho so get there early on weekends or ur walking from the overflow spot down the road.",True,easy,,medium,True,,
N03_039,N03,noul,Does the passage contain the information needed to answer the question?,true | false,"question: What is the deadline to submit a housing application for fall semester at Esterbrook University?
passage: Esterbrook University's housing office, located on the ground floor of the Whitfield Administration Building alongside the bursar's and registrar's windows, processes fall-semester residence hall applications on a rolling basis throughout the spring, though it explicitly designates May 1st as the priority deadline by which completed applications, along with the accompanying housing deposit, must be received in order to be considered during the first round of room assignments, which are released in early June and take into account roommate preferences submitted through the online portal.",True,medium,,medium,True,,
N03_040,N03,noul,Does the passage contain the information needed to answer the question?,true | false,"question: Did the Thistle Hill Rugby Club win the regional championship last season?
passage: Thistle Hill Rugby Club - Season Recap
- Top try-scorer: 14 tries this season
- Awarded 'Most Improved Squad' by the league
- Home strip redesigned with new sponsor logo",False,hard,implicit,short,False,,
N03_041,N03,noul,Does the passage contain the information needed to answer the question?,true | false,"question: In what year was the Pallow Creek courthouse built?
passage: The courthouse at Pallow Creek, renovated most recently in 1968, was in fact constructed considerably earlier, in 1887, a fact the brass plaque by the entrance still proudly records.",True,hard,numbers,short,True,,
N03_042,N03,noul,Does the passage contain the information needed to answer the question?,true | false,"question: What humidity level does the Anders Collection maintain in its textile storage room?
passage: The Anders Collection's textile storage room is maintained at a constant temperature of 18 degrees Celsius, monitored continuously via a networked sensor array with alerts triggered at plus or minus 1.5 degrees deviation. Lighting in the room is restricted to UV-filtered LED fixtures rated below 50 lux, and access is limited to collections staff holding Level 2 clearance. Storage garments are housed in acid-free boxes on powder-coated steel racking, inventoried under the museum's asset management system.",False,medium,,medium,False,,
N03_043,N03,noul,Does the passage contain the information needed to answer the question?,true | false,"question: Can a student at Wexford State University defer admission for one year?
passage: so my oldest just got into wexford state and we've been trying to figure out the whole orientation schedule because apparently there's a mandatory session the week before classes start and then a separate one just for parents which honestly feels like a lot but whatever, and there's also this whole thing about placement testing for math that you have to do online before you even show up on campus, plus a housing questionnaire due by July that asks about roommate preferences and quiet hours and stuff.",False,medium,,medium,False,,
N03_044,N03,noul,Does the passage contain the information needed to answer the question?,true | false,"question: How much does it cost to join Cobalt City Swim Club as an adult member?
passage: ngl cobalt city swim club has the best early morning lap swim vibes, pool's never crowded before 7am and the coaches are super chill about giving tips even if ur not on the team.",False,medium,,short,False,,
N03_046,N03,noul,Does the passage contain the information needed to answer the question?,true | false,"question: What natural disaster destroyed much of Thornwick in 1899?
passage: In 1899, big flood from the Cane River destroy almost all houses near the market square in Thornwick, this is why town rebuild on higher ground after.",True,easy,,short,True,,
N03_047,N03,noul,Does the passage contain the information needed to answer the question?,true | false,"question: Is the QuickParse library still actively maintained?
passage: I confess I am no expert in these computing matters, but my grandson tells me he once used a little tool called QuickParse for a school project of his, some years back now. He mentioned the documentation was written in a rather old-fashioned style, which I found amusing given how young these programmers usually are.",False,hard,implicit,short,False,queue,
N03_048,N03,noul,Does the passage contain the information needed to answer the question?,true | false,"question: How many hours of runtime does the TrailSpark headlamp provide on its low-power setting?
passage: Okay so I just got the TrailSpark headlamp for our camping trip and it's honestly great so far! It puts out 350 lumens on high beam and 120 lumens on the medium setting, which is plenty bright for setting up camp after dark. The manual says high beam runtime is about 3 hours before the battery gets low, which matches what we saw on our trip.",False,hard,numbers,medium,False,,
N03_049,N03,noul,Does the passage contain the information needed to answer the question?,true | false,"question: What is the current stable version number of the NetWeave library?
passage: netweave stable release is currently v4.2.0, latest one as of this changelog entrie.",True,easy,,short,True,,
N03_050,N03,noul,Does the passage contain the information needed to answer the question?,true | false,"question: How much are away-match coach tickets for Dunmore Athletic Club supporters?
passage: ok quick psa for anyone going to the away game next weekend because i saw a bunch of confused comments on the club instagram post lol. so dunmore athletic is running two coaches from the clubhouse car park, one leaving at 9am and a later one at 10:30 for people who can't make the early one, and both get you to the ground with plenty of time before kickoff which is nice bc parking near the away end is genuinely a nightmare every single year. tickets for the coach are £12 return if you book through the club shop by wednesday, and it goes up to £15 if you're paying cash on the day of travel, which a few people found out the hard way last season lol. that price includes the coach AND apparently a voucher for a hot drink at the ground concession stand which is a nice touch tbh. seats are first come first served once you're on, no assigned seating, and the driver said last time he'll wait max 5 mins past departure time for stragglers so don't be that person running across the car park at 8:58. also heads up the early coach fills up faster every time bc people wanna grab breakfast at the services on the way, so if ur set on the 9am one i'd book kinda soon instead of waiting til the last minute like i always do lol.",True,medium,,long,True,,
N03_051,N03,noul,Does the passage contain the information needed to answer the question?,true | false,"question: Does the Wexford Museum of Toys allow visitors to touch the exhibits?
passage: Wexford Museum of Toys is very popular with children who come on school trip. Many old wooden train sets and dolls in the front hall have surface very smooth and shiny from many years of children hands, docent told us this happen because kids are invited to wind up the trains and play with them during the visit, not just looking behind glass like other museum we visit before.",True,hard,implicit,medium,True,,
N03_052,N03,noul,Does the passage contain the information needed to answer the question?,true | false,"question: Does Sable Bay Sailing Club require members to own their own boat?
passage: not gonna lie i joined sable bay sailing club last month with zero boat ownership lol, they just put you on the rotation for the club dinghies every saturday session.",True,hard,implicit,short,True,,
N03_053,N03,noul,Does the passage contain the information needed to answer the question?,true | false,"question: What is the noise level in decibels of the HearthGlow space heater on its highest setting?
passage: we got the hearthglow space heater for the baby's room because the old one we had was way too bulky for the corner we wanted to put it in and this one is way more compact plus it has three heat settings and a tip-over auto shutoff which honestly is the main reason we bought it since the toddler is constantly running around and knocking things over these days.",False,easy,,medium,False,,
N03_054,N03,noul,Does the passage contain the information needed to answer the question?,true | false,"question: How many switchbacks does the Bluevein Trail have on its final ascent?
passage: I walked the Bluevein Trail just last autumn, a distance of some 4.6 miles by my pedometer's reckoning, and found the final ascent rather taxing for a man of my years, winding as it does through a great many turns before reaching the overlook.",False,hard,numbers,short,False,,
N03_055,N03,noul,Does the passage contain the information needed to answer the question?,true | false,"question: What is the minimum age to join the Pinehaven Archery Club's junior program?
passage: Pinehaven Archery Club runs sessions on Tuesday and Thursday evenings at the community sports hall. The junior program uses recurve bows sized for smaller frames, with coaching provided by two certified instructors. Equipment is provided for the first three sessions; after that, members are expected to supply their own gear or rent club equipment for a small fee. Sessions run year-round except for a two-week break over the winter holidays.",False,medium,,medium,False,,
N04_000,N04,noul,Is the claim fully supported by the source?,true | false,"source: So funny story — I was at my cousin's kitchen table three weeks ago when Brindlewood Audio finally dropped the Halcyon earbuds, the ones they teased for like a year. Anyway, according to the recap email the marketing team sent around, the earbuds pulled in 14,200 pre-orders in the first week alone, which is honestly more than I expected for a company nobody had heard of before 2023. My cousin ordered a pair on the spot, obviously.
claim: The Halcyon earbuds' launch week pre-orders numbered just over fourteen thousand units.",True,hard,numbers,medium,True,,
N04_001,N04,noul,Is the claim fully supported by the source?,true | false,"source: After eighteen months of internal testing, extensive supplier negotiations, and no fewer than four packaging redesigns, Draymont Appliances officially released the CookPro 9000 stovetop unit to retail shelves nationwide on March 3rd. The unit ships in three color options—slate gray, ivory, and matte black—and includes a five-year limited warranty covering the induction elements, a feature the company's engineering team highlighted repeatedly during the press briefing as the unit's key differentiator from competing induction ranges currently on the market.
claim: The CookPro 9000 launched with a five-year limited warranty on its induction elements.",True,easy,,medium,True,,
N04_002,N04,noul,Is the claim fully supported by the source?,true | false,"source: okay so the Wolves absolutely took care of business last night, they beat Ferro Bay 3-1 and honestly it wasn't even that close after halftime lol. two of the three goals came in the second half, including that banger from Reyes in the 78th minute that's already all over my feed. Ferro Bay's keeper got a yellow card too for arguing with the ref which was kind of hilarious ngl.
claim: Most of the Wolves' goals came in the second half.",True,hard,near_miss,medium,True,,
N04_004,N04,noul,Is the claim fully supported by the source?,true | false,"source: The Iron Harbor Miners defeated the Prairie View Larks 4-2 on Saturday at Harbor Field. Miners captain Dale Okonkwo scored twice, including the game-winning goal early in the third period. Goaltender Priya Nandan made 28 saves to preserve the win for Iron Harbor. The Larks' losing streak now stands at five games, and their coach declined to comment after the final buzzer.
claim: The Prairie View Larks defeated the Iron Harbor Miners on Saturday.",False,easy,,medium,False,,
N04_005,N04,noul,Is the claim fully supported by the source?,true | false,"source: It is my pleasure to report that the venerable firm of Aldermarsh & Sons unveiled its new line of writing instruments, the Chandworth Fountain Pen, this past Tuesday. I am given to understand that, contrary to the rumors circulating among certain enthusiast circles, the launch was not postponed on account of the recent supply difficulties, and the pens arrived at retailers precisely as originally scheduled.
claim: The Chandworth Fountain Pen's launch was postponed due to supply difficulties.",False,hard,negation,medium,False,,
N04_006,N04,noul,Is the claim fully supported by the source?,true | false,"source: So I finally have five minutes to write this because between shuttling Mia to practice and trying to get dinner on the table I haven't had a second all week, but anyway the Brackenridge Youth Soccer Club had their regional qualifier weekend and it was honestly a whirlwind because they played three matches in two days which if you ask me is way too much for eleven-year-olds but nobody asked me, and on Friday they beat the Oakhollow Comets 3-0 which was great, and then Saturday morning they tied the Fernbrook Hawks 1-1 in a match that went into extra minutes and my daughter says the ref missed an obvious handball but whatever, and then Saturday afternoon they lost to the Silverlake Rangers 2-1 in a game where our goalkeeper was clearly still tired from the morning game, and coach Priya said afterward that the team still advances to regionals because of goal differential even with the loss, which honestly confused half the parents in the stands including me, so now we're all trying to figure out hotel arrangements for next weekend's tournament in Millbrook and I still haven't done the grocery shopping.
claim: The Brackenridge Youth Soccer Club won all three of their matches that weekend.",False,hard,near_miss,long,False,,
N04_007,N04,noul,Is the claim fully supported by the source?,true | false,"source: Hi everyone! Just wanted to share that Kestrel Ridge Elementary's third graders had a really strong showing on this year's spring reading assessment — 82% of students met or exceeded the state benchmark, up from 71% last spring. Mrs. Delacroix's class in particular saw some wonderful growth, and the librarian is planning an extra read-aloud hour to keep the momentum going into summer!
claim: Third graders' reading assessment results improved compared with the previous spring.",True,medium,,medium,True,,
N04_008,N04,noul,Is the claim fully supported by the source?,true | false,"source: we finally made it to the Hallow Creek Natural History Museum's new dinosaur exhibit on Sunday, it's only up through the end of August so you better hurry before it's totally packed.
claim: The dinosaur exhibit at Hallow Creek Natural History Museum will close at the end of August.",True,medium,,short,True,,
N04_009,N04,noul,Is the claim fully supported by the source?,true | false,"source: ok so the Glimmerwell Art Museum just opened this new textile exhibit called 'Threads of the Coast' and it's got like 40 pieces from local weavers, all from the past 20 years. entry is free with regular museum admission but they said photography isn't allowed in the back gallery bc some of the pieces are on loan from private collectors.
claim: Photography is allowed everywhere in the 'Threads of the Coast' exhibit.",False,medium,,medium,False,,
N04_010,N04,noul,Is the claim fully supported by the source?,true | false,"source: You know, I almost missed the whole thing because my flight got delayed out of Denver, but I made it to the Fennimore Robotics showcase just as they were wrapping up the keynote. They'd been hyping this vacuum-mowing hybrid robot, the GrassGlide, for months on their newsletter, and when they finally rolled it out on stage, the room actually gasped a little when they mentioned it pairs with the existing Fennimore app that half the audience already had installed on their phones.
claim: The GrassGlide is compatible with Fennimore's existing app.",True,medium,,medium,True,,
N04_011,N04,noul,Is the claim fully supported by the source?,true | false,"source: city council met tuesday nite and voted on the downtown parking proposal. final vote was 5-2 in favor of building the new parking structure on lot C behind the old feed store. constrution is set to start in january and they say it'll take about 14 months. the two no votes were councilmembers Yates and Broadus, both said they wanted more study on traffic impact first. mayor Quilling said the structure will add 340 new spaces total. project cost is estimated at 6.2 million dollars, paid for through a mix of city bonds and a state grant thats already been approved. public comment ran almost an hour, mostly from shop owners on Main street who are worried about noise during construction. council also aproved a temporary detour plan for delivery trucks during the build. next update on the project is supposed to come at the march meeting, according to the city clerk's notes that got posted online wednesday morning. a few residents asked about bike parking too and staff said thatd be adressed in a seperate proposal later this year, not part of this vote.
claim: The city council's parking structure vote passed unanimously.",False,medium,,long,False,,
N04_012,N04,noul,Is the claim fully supported by the source?,true | false,"source: A slow-moving low-pressure system will bring periods of rain to the Cascadia Valley region beginning Thursday evening and continuing through Saturday afternoon. Rainfall totals are expected to range from 1.5 to 2.5 inches across the valley floor, with higher elevations along the eastern ridgeline potentially seeing up to 4 inches combined with snow above 5,000 feet. Wind gusts will pick up Friday, reaching 35 to 40 mph along exposed ridgelines, though valley winds should stay below 20 mph. Temperatures will drop from the mid-50s on Thursday to the low 40s by Saturday morning. A wind advisory is in effect for the eastern ridgeline from Friday at 6 a.m. through Saturday at noon. Motorists traveling mountain passes should expect reduced visibility and possible chain requirements above 4,500 feet starting Friday night. The system is expected to clear out by Sunday, with drier conditions and partial sun returning by midweek. River levels along the Tamsin River are being monitored, as the combination of rain and snowmelt could push flows above the minor flood stage by early next week if the heaviest rainfall bands stall over the upper watershed.
claim: Higher elevations along the eastern ridgeline are expected to receive more precipitation than the valley floor.",True,medium,,long,True,,
N04_013,N04,noul,Is the claim fully supported by the source?,true | false,"source: So Saturday was absolutely nuts because I had to be at both of my kids' games at basically the same time on opposite sides of town, but I caught the second half of my son's team, the Rockford Youth Hawks, playing the Denton Eagles in the league championship, and I'm so glad I made it because the Hawks pulled off a 45-38 win in what the coach called their best defensive game of the season, and my son had eight rebounds which is a career high for him, and the whole gym was on its feet for the last two minutes because the Eagles kept cutting the lead to single digits and everybody's nerves were shot, and afterward there was pizza for the whole team at Marchetti's which was chaos with like twenty screaming ten-year-olds but honestly a good kind of chaos, and the trophy presentation is apparently happening next Tuesday at the rec center so I already have to figure out how to get there after work too, on top of somehow still making it to my other kid's dance recital that same night, which is its own whole logistical nightmare I haven't even started thinking about yet.
claim: The Rockford Youth Hawks won the league championship game against the Denton Eagles.",True,easy,,long,True,,
N04_014,N04,noul,Is the claim fully supported by the source?,true | false,"source: scientists at Bramhall Institute found that a new coral species they discovered in the Kelso Reef can survive water temps up to 32°C, way higher than most coral in the area.
claim: The newly discovered coral species can tolerate water temperatures up to 32°C.",True,easy,,short,True,,
N04_015,N04,noul,Is the claim fully supported by the source?,true | false,"source: the Bellcross Museum's new fossil hall opens saturday, free entry all week for local residents wit id, regular price applies to everyone else. exhibit features a full triceratops skeleton on loan from the Denver collection thru november, plus some smaller fossil pieces from a local dig site. gift shop stays closed during the opening weekend for restocking, reopens the following monday.
claim: The Bellcross Museum is charging an entrance fee for local residents during opening week.",False,easy,,medium,False,,
N04_016,N04,noul,Is the claim fully supported by the source?,true | false,"source: Thornbury Devices launched its 'revolutionary' smart toaster yesterday, which, judging by the spec sheet, mostly just adds a bluetooth speaker to a regular toaster for $180.
claim: The smart toaster launched by Thornbury Devices does not include Bluetooth connectivity.",False,medium,,short,False,,
N04_018,N04,noul,Is the claim fully supported by the source?,true | false,"source: regional track finals wrapped up sunday at Kestrel Stadium. Pemberton high swept both relay events and finished with 118 team points overall, well ahead of second place Ashford High which scored 94, and third place Marrow County which scored 71. in the 400m, Pemberton's Tavia Reyes ran a 54.2, missing the meet record by just under a second. the boys 4x100 relay team from Pemberton clocked in at 41.8 seconds, good enough for first by almost a full second over Ashford's 42.6. attendance was estimated around 2,400 based on ticket sales, up from last years meet. three schools total set new personal records across the two day event, according to meet officials, and one athlete from Marrow County set a new county record in the long jump. Pemberton's coach said the 118 points was the programs best finish since 2019, when they also won the regional title with a similar score. next meet is the state qualifier in three weeks at a location tbd, officials say it'll be announced once the host school confirms facility availability, which has apparently been a slow process this year.
claim: Pemberton High finished the regional meet with 148 team points.",False,hard,numbers,long,False,,
N04_019,N04,noul,Is the claim fully supported by the source?,true | false,"source: so this new study on Verolax (that allergy med) followed like 300 people for 6 months and found it cut symptom days by about a third compared to the placebo group. side effects were pretty mild, mostly some drowsiness in like 8% of people. no major safety issues came up during the trial.
claim: The Verolax study found major safety issues among participants.",False,medium,,medium,False,audit,
N04_020,N04,noul,Is the claim fully supported by the source?,true | false,"source: Findings from the Solheim Glacier survey, released this week:
- Ice thickness measured at the central monitoring station: 212 meters, down from 227 meters five years ago
- That represents a loss of roughly 15 meters over the five-year period
- Surface melt rate accelerated most sharply between 2023 and 2024
- Researchers attribute the acceleration primarily to warmer summer air temperatures rather than reduced snowfall
claim: The glacier's ice thickness at the central station decreased by about 6.6% over five years.",True,hard,numbers,medium,True,,
N04_021,N04,noul,Is the claim fully supported by the source?,true | false,"source: The forecast office is calling for what they're branding a 'significant snow event' across the Tri-Valley region this weekend, though if you've lived here longer than a winter or two you'll know to take that with a grain of salt. Current models suggest the northern valley, roughly the area above Route 12, has a decent chance of seeing 4 to 8 inches of snow starting Friday night, while the southern valley, where most of us actually live, is more likely to see a wintry mix that turns to rain by Saturday afternoon if temperatures run even a degree or two warmer than expected, which, let's be honest, happens about half the time with these forecasts. Some of the higher foothill communities could see accumulating snow linger into Sunday, but forecasters themselves admit there's meaningful uncertainty in exactly where the rain-snow line settles. The one thing that does seem fairly certain is a sharp temperature drop Friday night, with lows falling into the teens across most of the region regardless of precipitation type. Road crews have been pre-treating major routes since Thursday, and schools in the northern district have already announced a two-hour delay for Monday, snow or no snow, apparently just to be safe. As always, we'll believe the actual totals when we see them out the window.
claim: The entire Tri-Valley region is expected to receive accumulating snow this weekend.",False,hard,near_miss,long,False,,
N04_022,N04,noul,Is the claim fully supported by the source?,true | false,"source: New research from Tulane Marine Lab show that ocean plastic near Coral Point has increase by 12 percent since last year study.
claim: The amount of ocean plastic near Coral Point has decreased since last year.",False,easy,,short,False,audit,
N04_023,N04,noul,Is the claim fully supported by the source?,true | false,"source: The Wrenfield History Museum open new exhibit about old train stations, it will stay open until end of October this year.
claim: The train station exhibit at Wrenfield History Museum runs until the end of October.",True,easy,,short,True,,
N04_024,N04,noul,Is the claim fully supported by the source?,true | false,"source: What a night at Copperfield Arena! The Ridgeline Hornets hosted the Basswood Otters in what turned out to be one of the closest games of the season, and honestly I don't think anyone in the building sat down for the entire fourth quarter. The Otters actually led by seven points heading into the final period, and I think a lot of the home crowd was starting to get nervous, but the Hornets came storming back behind seventeen points from their star forward, Talia Munro, who was absolutely unstoppable from beyond the arc tonight, hitting four threes in the period alone. With just under a minute left, Munro hit a three-pointer to put the Hornets up by two, and the defense held strong on the final possession to seal it, 88-86. It's the Hornets' fourth straight win, and the locker room afterward was pure joy — you could hear the music from the parking lot! Coach Fairweather said postgame that this is the kind of resilience the team has been building toward all season, and honestly, watching that fourth-quarter comeback, it's hard to argue with her.
claim: The Ridgeline Hornets overcame a fourth-quarter deficit to win the game.",True,medium,,long,True,,
N04_025,N04,noul,Is the claim fully supported by the source?,true | false,"source: Vantor Cycles released the E7 electric bike on schedule this week; the rollout was not affected by the supplier delays reported earlier this year.
claim: The E7 electric bike's release was not delayed by the earlier supplier issues.",True,hard,negation,short,True,,
N04_027,N04,noul,Is the claim fully supported by the source?,true | false,"source: On Monday night, the Harrowgate city council have meeting about the new bicycle lane project on Denholm Avenue. This project was discuss for almost two year already, and many resident come to give they opinion during public comment time. Some business owner worry that new bike lane will take away parking space in front of they shops, but the transportation department say the plan only remove twelve parking spot total along the whole avenue, which is less than what was propose in the first draft last year. Council member Osei say the project will make street more safe for children going to Denholm Elementary School, because right now there is no protect path for bicycle on that street at all. After almost two hour of discussion, the council vote 6 to 1 to approve the project, with only council member Farrow voting against because he want more study about the parking impact first. Construction is plan to begin in early spring, and city engineer say it will take about ten week to finish, weather permitting. The mayor say in her closing remark that this is one of several bike infrastructure project the city is planning for the next three year, as part of bigger transportation plan the council approve last year. Resident who want more information can visit the city website, where full project detail and construction schedule will be post once finalize.
claim: The Harrowgate city council approved the Denholm Avenue bicycle lane project.",True,medium,,long,True,,
N04_028,N04,noul,Is the claim fully supported by the source?,true | false,"source: A cold front will move through the region Tuesday night, dropping temperatures from the upper 60s to the low 40s by Wednesday morning. Skies will remain mostly clear, with only a slight chance of light showers early Wednesday. Winds will shift out of the north at 10 to 15 mph behind the front.
claim: Heavy rain is expected across the region Wednesday morning.",False,medium,,medium,False,,
N04_029,N04,noul,Is the claim fully supported by the source?,true | false,"source: The Oakmere Science Museum's new space exhibit have 25 interactive station for visitor to try, including a working model of the solar system. Exhibit already have more than 9,000 visitor since it open three week ago, museum director say, mostly on weekend. Ticket for exhibit is include with regular museum admission, no extra charge.
claim: The Oakmere Science Museum's space exhibit has drawn more than 19,000 visitors since opening.",False,hard,numbers,medium,False,,
N04_030,N04,noul,Is the claim fully supported by the source?,true | false,"source: So this is a funny one because my nephew is doing his PhD at the Calloway Institute and he's been going on about this study for months at every family dinner, practically since Thanksgiving, honestly I could probably recite the abstract at this point. Anyway, the team he's part of was looking into whether a compound derived from a particular mangrove fungus, they call it CAL-19 for short, could suppress inflammation in lab mice with induced joint swelling. They ran the trial over ten weeks with three dosage groups plus a control group, and the headline result, which my nephew is very proud of because he helped run some of the imaging, was that CAL-19 did reduce measurable joint swelling at the two higher doses compared to control, by about a third on average. But — and this is the part he kept emphasizing, almost like he was worried people would get the wrong idea — the compound did not produce any detectable change in the mice's liver enzyme levels across any of the dosage groups, which the team considered an important early signal about the compound's safety profile, since liver toxicity has sunk a lot of promising anti-inflammatory compounds in earlier animal studies. He said the next phase, assuming the grant renews, will look at longer exposure windows to see if that liver safety picture holds up over time, but for now, at least in this ten-week study, the liver findings were reassuring.
claim: The study found that CAL-19 caused detectable changes in the mice's liver enzyme levels.",False,hard,negation,long,False,,
N04_031,N04,noul,Is the claim fully supported by the source?,true | false,"source: The Marlowe City Council confirmed at Tuesday's session that the proposed sewer rate increase was not adopted, pending further review of the engineering cost estimates.
claim: The Marlowe City Council adopted the proposed sewer rate increase at Tuesday's session.",False,hard,negation,short,False,,
N04_032,N04,noul,Is the claim fully supported by the source?,true | false,"source: So I was out walking the dog this morning when I checked the forecast on my phone, and apparently a heat wave is rolling into the valley starting tomorrow, with highs expected to hit 102 degrees by Thursday and staying in the high 90s through the weekend. The weather service already issued an excessive heat warning for the whole county, which honestly explains why my neighbor was already setting up her kiddie pool at 8 a.m.
claim: The weather service is forecasting cooler temperatures for the valley starting tomorrow.",False,easy,,medium,False,,
N04_033,N04,noul,Is the claim fully supported by the source?,true | false,"source: The makers of Zendorph, a new 'joint supplement,' funded their own study, and — shocker — it found their product outperformed a placebo by a whopping 4%, a difference the researchers themselves admitted wasn't statistically significant. The study tracked 40 participants for four weeks, which is not exactly a robust sample size.
claim: The Zendorph study found a statistically significant improvement over placebo.",False,easy,,medium,False,,
N04_034,N04,noul,Is the claim fully supported by the source?,true | false,"source: I was most pleased to read in the quarterly bulletin that researchers at the Amberfield Botanical Institute have successfully identified a previously unknown species of orchid growing in the highland forests near Camden Ridge. The species, which has been given the name Ophrys camdenensis in honour of its discovery location, is reported to bloom only during a narrow window in early spring, a trait the botanists believe may explain why it evaded formal documentation for so long.
claim: Researchers at the Amberfield Botanical Institute discovered a new orchid species.",True,easy,,medium,True,,
N04_035,N04,noul,Is the claim fully supported by the source?,true | false,"source: The quarterly progress report from Fenwick Academy's administration, compiled by the assessment committee and distributed to all families on the fourteenth of the month, indicates that the eighth-grade cohort's average score on the standardized mathematics assessment declined slightly this term, from 76.4 points last term to 74.1 points this term, a change the committee attributes primarily to a temporary staffing gap in the mathematics department during October. The report notes that remedial tutoring sessions have already been scheduled for the coming term to address the shortfall.
claim: Eighth-grade students' average mathematics score improved this term.",False,medium,,medium,False,,
N04_036,N04,noul,Is the claim fully supported by the source?,true | false,"source: The Denholt Museum of Applied Sciences has completed installation of its new exhibit, 'Mechanisms of Flight,' spanning the museum's east wing. The exhibit comprises 34 individual displays tracing the development of powered flight from early gliders through modern commercial turbofan engines. Of the 34 displays, 21 include interactive components, such as manually operable control surface models and a wind-tunnel demonstration station, while the remaining 13 are static displays consisting of scale models, archival photographs, and period documents on loan from the regional aviation heritage society. Climate control within the exhibit hall has been upgraded to maintain the narrow humidity range required by the archival paper materials, per the loan agreement's conservation terms. The museum's exhibit design team has indicated that a subset of the interactive stations, specifically those involving the wind-tunnel demonstration, will be temporarily closed on a rotating basis for routine maintenance approximately once per month, though the museum has not yet published the specific maintenance schedule. General admission includes access to the full exhibit; no separate ticket is required. The museum anticipates the exhibit will remain installed through at least the end of next year, though this is subject to renewal of certain loan agreements with the aviation heritage society, several of which are set to expire around that time.
claim: Some of the interactive stations in 'Mechanisms of Flight' will be periodically closed for maintenance.",True,hard,near_miss,long,True,,
N04_038,N04,noul,Is the claim fully supported by the source?,true | false,"source: omg Brindle Middle School's robotics team just won regionals!! they're heading to state finals next month, so proud of them.
claim: Brindle Middle School's robotics team qualified for the state finals.",True,easy,,short,True,,
N04_039,N04,noul,Is the claim fully supported by the source?,true | false,"source: Council budget vote results:
- Road repair fund: approved at $840,000, up from $700,000 last year
claim: The road repair fund's approved budget increased by 20% from last year.",True,hard,numbers,short,True,,
N04_040,N04,noul,Is the claim fully supported by the source?,true | false,"source: Skies will be partly cloudy across the region Thursday, with a high near 71 degrees. A weak disturbance moving in from the coast will bring a 30% chance of isolated showers after 4 p.m., mainly along the western foothills. Overnight lows will dip to around 52, with winds staying light out of the southwest.
claim: Isolated showers are possible along the western foothills Thursday afternoon.",True,medium,,medium,True,,
N04_042,N04,noul,Is the claim fully supported by the source?,true | false,"source: In the six-month Orvaline extension study (n=180), investigators found that the drug did not increase the incidence of cardiovascular events relative to placebo, addressing a safety concern raised by an earlier pilot study. Liver function markers remained within normal limits across both treatment arms throughout the study period, and no participants discontinued treatment due to cardiac symptoms.
claim: The Orvaline extension study found no increased risk of cardiovascular events associated with the drug.",True,hard,negation,medium,True,,
N04_043,N04,noul,Is the claim fully supported by the source?,true | false,"source: The end-of-term report from Bellmoor Preparatory School indicates that some students in the tenth-grade cohort showed measurable improvement in essay-writing scores following the introduction of a revised writing curriculum this term, with the largest gains concentrated among students who attended the optional weekly writing workshop. Students who did not attend the workshop showed little to no measurable change in scores.
claim: All tenth-grade students showed measurable improvement in essay-writing scores this term.",False,hard,near_miss,medium,False,,
N04_044,N04,noul,Is the claim fully supported by the source?,true | false,"source: I dragged myself out of bed at 6am to catch my son's swim meet and I'm so glad I did because the Willowbrook Sharks absolutely dominated, winning 7 out of 9 events against the Pinecrest Dolphins, and my son even placed second in the 100m freestyle which he was thrilled about even though he didn't win, and the team's total score ended up being 312 to Pinecrest's 198.
claim: The Pinecrest Dolphins scored more total points than the Willowbrook Sharks.",False,easy,,medium,False,,
N04_045,N04,noul,Is the claim fully supported by the source?,true | false,"source: end of term report for Hartsdale middle came out today. overall attendance rate for the school year was 94%, up slightly from 92% last year. principal says thats the best attendance number in five years. sixth grade had the highest attendance at 96%, eigth grade was lowest at 91% mostly cause of a flu outbreak in feburary that kept a bunch of kids home for like two weeks straight. the report also breaks down grades by subject, math scores stayed about the same as last year, reading scores went up a few points across every grade level, science scores dipped slightly in seventh grade only, no clear reason given for that one. extracurricular participation also went up, drama club and the robotics club both doubled in size this year according to the sign up sheets. sports participation stayed roughly flat. the report mentions a new after school tutoring program that started in october, ran twice a week, about 40 kids signed up total by the end of the year. school board is supposed to vote on wether to make the tutoring program permanent at next months meeting, based partly on how this years attendance and reading numbers turned out. teachers apparently gave mostly positive feedback on the program in a survey attached to the report, though the report doesnt give exact numbers for that survey part. overall principal called it a solid year despite the flu outbreak setback in eigth grade.
claim: Reading scores increased across every grade level this year.",True,medium,,long,True,,
N04_046,N04,noul,Is the claim fully supported by the source?,true | false,"source: So I sat through the entire three-hour council meeting last night — don't ask me why, I think I just wanted the free coffee in the lobby — and the big news is that the council voted to approve the new community garden project on the old Fenner lot, which a bunch of neighbors have been asking for since like 2019. The vote was pretty lopsided, something like 6-1 in favor, and construction is supposed to start sometime this spring.
claim: The city council approved the new community garden project.",True,easy,,medium,True,,
N04_047,N04,noul,Is the claim fully supported by the source?,true | false,"source: weather update for the coastal region, tuesday morning. a strong storm system sitting offshore is expected to bring heavy rain and gusty wind starting tonite and lasting thru thursday. rainfall totals along the immediate coast could reach 3 to 5 inches, inland areas east of the ridge will see less, maybe 1 to 2 inches total. wind gusts along the coast could hit 50 mph at times tonite and wednesday, strong enough to knock down tree branches and cause some power outages in exposed areas. a high surf advisory is also in effect thru thursday evening, waves could reach 12 to 15 feet at exposed beaches, officials are warning people to stay off jettys and rocky areas during this time. temps will stay mild thru the whole event, highs in the upper 50s, lows around 48. by friday the storm moves out and skies clear up, sunny and calmer conditions expected for the weekend with highs back in the low 60s. local emergency management already opened a sandbag station at the fire station on Route 9 for residents in the low lying flood zone near the harbor. school district hasnt announced any closures yet but says theyll make a call by wednesday morning depending on how bad road conditions get overnite. drivers are being told to avoid the coast highway during high tide periods wednesday and thursday due to possible wave overtopping in a couple low spots thats happened before during storms like this one.
claim: The coastal region is expected to receive more rainfall than inland areas east of the ridge.",True,medium,,long,True,,
N04_049,N04,noul,Is the claim fully supported by the source?,true | false,"source: trial of new med called Prantoxin found it didnt help with migraine frequency any better than placebo, 8 week study, 120 patients total.
claim: Prantoxin reduced migraine frequency more effectively than placebo in the trial.",False,medium,,short,False,,
N04_050,N04,noul,Is the claim fully supported by the source?,true | false,"source: Marrow & Vale launched their new cold brew coffee maker today, the BrewDrift. comes in one color only, matte black, priced at $89, with a reusable steel filter included in the box. company says its available online only for now, no retail stores carrying it yet, though they hint that could change by the holidays.
claim: The BrewDrift cold brew maker is available in multiple colors.",False,easy,,medium,False,,
N04_051,N04,noul,Is the claim fully supported by the source?,true | false,"source: ok so i went to the Palisade Modern Art Museum this weekend bc they just opened this huge new exhibit called 'Neon Static' and it's basically a bunch of light installation art from artists all over the country, like 25 different artists total which is honestly a lot for one exhibit. the coolest room imo was this one with mirrors everywhere and colored lights that change depending on where you're standing, my friend literally spent like 20 min in there taking pics for her insta. tickets are $18 for adults but if youre a student its only $10 with a valid id which is a pretty good deal ngl. the exhibit is only up until january 15th tho so dont sleep on it if you wanna go, and apparently its already sold out on weekends thru the end of december according to the front desk person i talked to. also heads up parking near the museum is kind of a nightmare on weekends, we ended up parking like four blocks away and walking. overall like a 9/10 exhibit, would recommend, just go on a weekday if you can to avoid crowds.
claim: Student tickets to the 'Neon Static' exhibit cost more than adult tickets.",False,easy,,long,False,,
N04_052,N04,noul,Is the claim fully supported by the source?,true | false,"source: At its regular session on the ninth of the month, the Corvingham City Council reviewed the proposed amendment to the zoning ordinance governing accessory dwelling units (ADUs) within single-family residential zones. The proposed amendment would have permitted ADUs of up to 800 square feet on lots exceeding 6,000 square feet, subject to standard setback requirements. Following a public comment period during which eleven residents spoke, split roughly evenly between support and opposition, the council voted 4-3 to table the amendment pending additional analysis from the planning department regarding projected impacts on neighborhood parking capacity and stormwater runoff. Council members Whitfield, Okafor, and Bryson voted against tabling, preferring to proceed to an immediate vote on the amendment itself; the remaining four members, including Council President Damrell, voted in favor of tabling. The planning department has been directed to return its supplemental parking analysis within 60 days, at which point the amendment will be placed back on the council's agenda for further consideration. No timeline beyond the 60-day window has been established for a final vote on the underlying amendment.
claim: The Corvingham City Council approved the accessory dwelling unit zoning amendment.",False,medium,,long,False,,
N04_053,N04,noul,Is the claim fully supported by the source?,true | false,"source: I was disappointed to learn from the annual report that Marchmont Grammar School's overall attendance rate fell this year, down to 88 percent from 93 percent the previous year.
claim: Marchmont Grammar School's attendance rate rose this year compared with the previous year.",False,easy,,short,False,,
N04_054,N04,noul,Is the claim fully supported by the source?,true | false,"source: Summary of findings, Kestrowick Soil Survey:
- Heavy metal contamination was not detected in soil samples taken from the northern test plots, which sit farthest from the old rail yard
- Southern plots showed elevated lead levels, consistent with prior industrial use
- Follow-up remediation planning will focus only on the southern plots
claim: No heavy metal contamination was found in the northern test plots.",True,hard,negation,medium,True,,
N04_055,N04,noul,Is the claim fully supported by the source?,true | false,"source: got the mid-year report from my daughter's school today and didn't have time to read the whole thing until after the kids were in bed, but the gist is that the school added a new after-school coding club this semester and something like 60 kids signed up in the first two weeks alone, way more than the 20 the teacher running it originally expected, so now they're apparently looking for a second volunteer instructor to help split the group.
claim: The new after-school coding club attracted more students than the instructor initially expected.",True,medium,,medium,True,,
N05_000,N05,noul,Do the two records describe the same product (same model and same variant)?,true | false,"record_a: aurelia flexclean x200 cordless stick vac, batery 2200mah, 1.1l dust cup, comes with the crevice tool and a mini motorized brush head.
record_b: aurelia flexclean x200 cordless stick vac, batery 4000mah, 0.6l dust cup, ships with just the crevice tool, no brush head this time.",False,hard,implicit,short,False,,
N05_001,N05,noul,Do the two records describe the same product (same model and same variant)?,true | false,"record_a: my sister swears by this one for camping trips — the Brewlyn Cascade Mini brews a single mug straight into your travel cup in under two minutes.
record_b: found the Brewlyn Cascade Grande listed here too, the model that keeps our whole break room caffeinated all morning with its 12-cup carafe and keep-warm plate.",False,medium,,short,False,,
N05_002,N05,noul,Do the two records describe the same product (same model and same variant)?,true | false,"record_a: The CycloPure V9 upright from Aurelia, bagless with a washable HEPA filter and 1.5-litre bin, ships in brushed steel with the pet turbo brush included.
record_b: Aurelia's V9 CycloPure bagless upright — washable HEPA filter, 1.5L bin, brushed-steel body, bundled with the pet turbo brush too.",True,medium,,short,True,,
N05_004,N05,noul,Do the two records describe the same product (same model and same variant)?,true | false,"record_a: Orbisync Nova 12, 128GB, midnight blue — unlocked, boxed with the charging brick nobody asked for, because apparently that's still a selling point in 2026.
record_b: Nova 12 from Orbisync, 128 gigs, that same navy-ish blue everyone calls 'midnight' for some reason — unlocked, charger tucked in the box like always.",True,medium,,short,True,,
N05_005,N05,noul,Do the two records describe the same product (same model and same variant)?,true | false,"record_a: selling my corvex slate 14, 16gb ram 512gb ssd, barely used, silver, comes w charger fr fr 💻
record_b: corvex slate 14 here too but this ones the 8gb ram 256gb version, space grey, no charger sry",False,easy,,short,False,,
N05_006,N05,noul,Do the two records describe the same product (same model and same variant)?,true | false,"record_a: I have been perusing the listing for the Kettlewood Drip Master, and I must say it looks a fine appliance for the kitchen. It boasts a twelve-cup glass carafe, a programmable timer so one may set it the evening prior, and an automatic shut-off after two hours. The finish is a tasteful brushed steel, matching my other kitchen fittings rather nicely.
record_b: My neighbour recommended the Kettlewood Drip Master as well, though upon closer inspection this particular one is the compact four-cup version, intended I believe for a single person's morning routine. There is no timer to speak of, only a simple on-off switch, and the housing is finished in a plain white plastic rather than steel.",False,medium,,medium,False,,
N05_007,N05,noul,Do the two records describe the same product (same model and same variant)?,true | false,"record_a: Clarivue Arc 27 monitor:
- 27"" QHD curved IPS panel
- 165Hz refresh, USB-C 90W
record_b: Arc 27 by Clarivue:
- Curved IPS, QHD, 27 inches
- 165Hz, USB-C with 90W power delivery",True,medium,,short,True,,
N05_008,N05,noul,Do the two records describe the same product (same model and same variant)?,true | false,"record_a: Sonari Aura 300 wireless over-ear headphones. Active noise cancelling, 30-hour battery on a single charge, USB-C fast charging. Matte black finish with foldable hinges for storage. Includes hard case and 3.5mm audio cable for wired use. Bluetooth 5.2 connectivity, multipoint pairing supported.
record_b: Aura 300 by Sonari, over-ear, wireless, noise cancelling. Battery rated at 30 hours, charges via USB-C. Finish is matte black, hinges fold flat. Hard carrying case and a 3.5mm cable both included. Supports Bluetooth 5.2 with multipoint.",True,medium,,medium,True,,
N05_009,N05,noul,Do the two records describe the same product (same model and same variant)?,true | false,"record_a: The Echofield Mute Pro continues to be one of the more popular noise-cancelling headphones we carry, and for good reason: the 40mm dynamic drivers deliver a genuinely balanced sound signature, the charging case houses a 500mAh cell that tops the earcups back up in roughly ninety minutes, and the whole package folds down into a compact travel pouch that fits easily into a backpack's front pocket, all finished in a soft-touch graphite shell that resists fingerprints far better than the glossy competitors.
record_b: We recently restocked the Echofield Mute Pro, still finished in that soft-touch graphite shell everyone likes, still folding down into the compact travel pouch, but worth noting this batch carries the smaller 30mm driver housing paired with a 320mAh case battery, which our tech team says shaves the recharge time down but also trims a bit off the low-end bass compared to the earlier units we sold.",False,hard,numbers,medium,False,,
N05_010,N05,noul,Do the two records describe the same product (same model and same variant)?,true | false,"record_a: grabbing the inkwell pro 305xl black cartridge again before we run out mid-homework chaos, box says yields up to 480 pages and fits our P-series printer.
record_b: found inkwell pro black, model 305 xl, over here too, listing says approx 480pg yield and compatible with P-series printers, just formatted differently on this page.",True,hard,numbers,short,True,,
N05_011,N05,noul,Do the two records describe the same product (same model and same variant)?,true | false,"record_a: I recently acquired a pair of the Norrick Strider running shoes, size ten and a half, in the navy and white colourway. They are constructed with a breathable mesh upper and a cushioned rubber sole, and I am told they retail for a most reasonable sum. The box included a spare set of laces, which I thought a thoughtful touch.
record_b: My grandson pointed me toward this listing for the very same Norrick Strider, also size ten and a half, navy and white. The description here likewise mentions the breathable mesh upper, the cushioned sole, and a spare pair of laces tucked in the box. I dare say it is the identical shoe, merely offered by a different merchant.",True,easy,,medium,True,,
N05_013,N05,noul,Do the two records describe the same product (same model and same variant)?,true | false,"record_a: yo selling my clarivue arc 27 monitor, 27in QHD curved, 165hz, barely used no scratches, comes with the stand and cables ✨
record_b: got the clarivue arc 24 up for grabs, 24in FHD flat panel, 75hz, stand included but no HDMI cable this time lol",False,easy,,medium,False,,
N05_014,N05,noul,Do the two records describe the same product (same model and same variant)?,true | false,"record_a: Halveon ProBook15, weight only 1.4kg, screen 15.6 inch, have 16 gigs ram and half terabyte disk, very good for work.
record_b: ProBook 15 from Halveon, this one is about 3.1 lbs, display 39.6cm, ram 16GB and storage 512GB, nice for office use.",True,hard,implicit,short,True,,
N05_015,N05,noul,Do the two records describe the same product (same model and same variant)?,true | false,"record_a: The SweepTek Turbo 5 remains one of our best-selling cordless vacuums this quarter, weighing in at a manageable 2.3 kilograms with the wand fully assembled, a total length of 108 centimetres from the floor nozzle to the top of the handle, and a run time that our lab clocked at a genuine 42 minutes on the standard power setting before the battery indicator dropped into the red zone.
record_b: This listing for the SweepTek Turbo 5 gives the specs in imperial units for anyone who prefers them: approximately 6.3 pounds fully assembled, a length of 47.5 inches handle to nozzle, and a runtime the manufacturer lists at 42 minutes on standard power, which should be plenty for a quick clean of the living room and hallway.",False,hard,implicit,medium,False,queue,
N05_016,N05,noul,Do the two records describe the same product (same model and same variant)?,true | false,"record_a: drumlin bass2 headphones. on-ear, wired, 3.5mm jack only no bluetooth. foam earpads, blue color. comes with pouch and extra earpad set. cable is 1.5m long i think.
record_b: bass2 by drumlin, on ear wired headphones, 3.5mm only. foam pads in blue. pouch included plus spare pads. cabel bout 1.5 meters give or take.",True,medium,,medium,True,,
N05_018,N05,noul,Do the two records describe the same product (same model and same variant)?,true | false,"record_a: ridgeline trailblazer bike. alluminum frame, size medium (17in), 21 speed shimano gears, disc brakes front n back. tires are 27.5in, color is matte green. good condition, few scratches on frame.
record_b: got the trailblazer here too, this ones the large frame (19in), single speed setup no gears, rim brakes only, 29in tires, color matte green too. bought new never rode much.",False,medium,,medium,False,,
N05_020,N05,noul,Do the two records describe the same product (same model and same variant)?,true | false,"record_a: Viewnest Curve 24 monitor. Panel: 23.8"" VA, curved 1500R. Resolution: 1920x1080 @ 75Hz. Ports: HDMI 1.4, VGA. Stand: tilt only, no height adjustment. Color: black.
record_b: Viewnest Curve 27 monitor. Panel: 27"" IPS, flat. Resolution: 2560x1440 @ 144Hz. Ports: HDMI 2.0, DisplayPort 1.4, USB-C. Stand: full ergonomic — tilt, swivel, height. Color: black.",False,easy,,medium,False,,
N05_021,N05,noul,Do the two records describe the same product (same model and same variant)?,true | false,"record_a: CycloPure V9 vacuum
- bagless, HEPA filter
- 1.5L bin, brushed steel
record_b: V9 by CycloPure
- HEPA filtration, bagless design
- 1.5 litre bin, steel finish",True,medium,,short,True,audit,
N05_022,N05,noul,Do the two records describe the same product (same model and same variant)?,true | false,"record_a: grabbing the norrick strider sneakers size 9 in navy white for my kid before practice tonight gotta run
record_b: same norrick strider here size 9 navy white just need shoes before soccer practice starts in an hour",True,easy,,short,True,,
N05_023,N05,noul,Do the two records describe the same product (same model and same variant)?,true | false,"record_a: ChromaJet C-44 cyan ink
- yield: ~330 pages
- fits C-series printers
record_b: C44 ChromaJet cyan cartridge
- approx 330pg yield
- compatible C-series",True,hard,numbers,short,True,,
N05_024,N05,noul,Do the two records describe the same product (same model and same variant)?,true | false,"record_a: Pigmenta black ink 210XL, page yield about 600, work with P-2000 and P-3000 printer models.
record_b: Pigmenta 210 XL black cartridge, yield 600 page approximately, for use in P2000 and P3000 series.",True,hard,numbers,short,True,,
N05_025,N05,noul,Do the two records describe the same product (same model and same variant)?,true | false,"record_a: Velmora S7. 256GB storage. Graphite color. Unlocked, dual SIM. Battery 4500mAh. Screen 6.1 inch OLED. Includes charger cable, no brick. Condition: like new, no scratches.
record_b: Velmora S7. 128GB storage. Graphite color. Unlocked, dual SIM. Battery 4500mAh. Screen 6.1 inch OLED. Includes charger cable, no brick. Condition: like new, no scratches.",False,hard,near_miss,medium,False,,
N05_026,N05,noul,Do the two records describe the same product (same model and same variant)?,true | false,"record_a: The Amberwave Studio X has quickly become a favorite among the home-recording crowd we sell to, mostly thanks to its closed-back design that keeps outside noise from bleeding into the microphone, its 50mm drivers tuned for a flat, reference-style response, and the detachable coiled cable that most engineers seem to prefer over a straight one; it ships in matte black with a padded headband and a screw-thread quarter-inch adapter tucked into the accessory pouch.
record_b: Studio X, made by Amberwave, keeps showing up on our recommended list too: closed-back build, 50mm reference-tuned drivers, and that detachable coiled cable engineers like. Ships in matte black, padded headband, and the pouch includes the quarter-inch screw adapter as well.",True,medium,,medium,True,,
N05_028,N05,noul,Do the two records describe the same product (same model and same variant)?,true | false,"record_a: grabbing the brewlyn cascade 10 drip machine 12 cup steel finish before the price goes back up gotta hurry
record_b: same brewlyn cascade 10 12 cup steel here just comparing prices before i buy one already running late",True,easy,,short,True,audit,
N05_029,N05,noul,Do the two records describe the same product (same model and same variant)?,true | false,"record_a: selling my nimbus vector16, 16in screen, 32gigs ram, 1tb ssd, weighs like 2kg, barely used fr
record_b: nimbus vector 16 here too, display 40.6cm, 32gb memory, 1000gb storage, bout 4.4lbs, mint condition ngl",True,hard,implicit,short,True,,
N05_030,N05,noul,Do the two records describe the same product (same model and same variant)?,true | false,"record_a: The listing calls this the Vellotone Tri-Color ink cartridge, which is a fun way of saying it prints cyan, magenta, and yellow all from one single cartridge — efficient, I guess, until one color runs dry and you're stuck replacing the whole thing even though the other two are basically full.
record_b: Also labeled Vellotone Tri-Color here, except this version apparently learned to separate its feelings — cyan, magenta, and yellow each get their own individual cartridge in the box, three separate little soldiers instead of one crowded one, which somehow costs about as much.",False,medium,,medium,False,,
N05_031,N05,noul,Do the two records describe the same product (same model and same variant)?,true | false,"record_a: tandrel pro34 monitor. 34in ultrawide curved, 3440x1440 resolution, 100hz refresh. usb-c hub built in. color black. comes w stand n cables. barely used couple months.
record_b: tandrel pro27 monitor for sale. 27in flat screen, 1920x1080 only, 60hz refresh. no usb-c just hdmi n vga. color black also. stand included, older unit bout 2 years used.",False,easy,,medium,False,,
N05_032,N05,noul,Do the two records describe the same product (same model and same variant)?,true | false,"record_a: hey! selling my Velostrada Urban 7 — the step-through frame one, super easy to hop on and off in a skirt, size small, basket included up front :)
record_b: hi there! also have a Velostrada Urban 7 up for grabs, but mine's the diamond frame version, size large, no basket but it's got a rear rack instead!",False,medium,,short,False,,
N05_033,N05,noul,Do the two records describe the same product (same model and same variant)?,true | false,"record_a: I am offering my Percolane EspressoOne machine, the stainless model with the fifteen-bar pump, gently used and in excellent working order.
record_b: This listing also concerns the Percolane EspressoOne, stainless finish, fifteen-bar pump — the very same machine, simply listed by another seller.",True,easy,,short,True,,
N05_034,N05,noul,Do the two records describe the same product (same model and same variant)?,true | false,"record_a: Faelane Glide running shoe. Size 8. Mesh upper, foam midsole. Color: coral.
record_b: Faelane Glide running shoe. Size 8. Knit upper, gel midsole. Color: coral.",False,medium,,short,False,,
N05_035,N05,noul,Do the two records describe the same product (same model and same variant)?,true | false,"record_a: Ridgeport Trailrunner
- size 10, trail sole
- waterproof membrane
record_b: Ridgeport Trailrunner
- size 10, road sole
- no waterproof lining",False,medium,,short,False,,
N05_036,N05,noul,Do the two records describe the same product (same model and same variant)?,true | false,"record_a: ok so the sonari aura 300 is honestly slaying rn, wireless over ear, ANC is actually decent, case battery is rated 450mah which gives like 4 extra full charges on top of the headphone's own battery, comes in that matte black everyone's obsessed with, foldable too so it fits in my bag no problem.
record_b: also got the sonari aura 300 listed here, matte black too, still foldable, still has ANC, but ngl the case on this one is only rated 180mah so you're basically getting like one extra charge tops, kinda mid tbh compared to what i expected.",False,hard,numbers,medium,False,,
N05_037,N05,noul,Do the two records describe the same product (same model and same variant)?,true | false,"record_a: ok so selling my Pemberton Court Classics, size 9.5, white/green colorway, leather upper, barely worn maybe like 3 times, box included, no flaws at all fr fr.
record_b: also got Pemberton Court Classics up, size 9.5, white and green, leather upper too, worn a handful of times but still clean, comes with og box, no issues ngl.",True,easy,,medium,True,,
N05_038,N05,noul,Do the two records describe the same product (same model and same variant)?,true | false,"record_a: Maldera BrewBar. Pump espresso machine. 15-bar. Stainless steel.
record_b: Maldera BrewBar. Capsule espresso machine. Single-serve pods. Plastic body.",False,medium,,short,False,,
N05_039,N05,noul,Do the two records describe the same product (same model and same variant)?,true | false,"record_a: Thornbike Gravel X. Frame: 6061 aluminum, size 54cm. Groupset: Shimano GRX 400, 2x10 speed. Tires: 40mm gravel-tread, tubeless-ready. Brakes: hydraulic disc, 160mm rotors. Weight: 10.2kg as listed.
record_b: Thornbike Gravel X, 54cm aluminum frame (6061 alloy), Shimano GRX 400 groupset (2x10), 40mm tubeless-ready gravel tires, hydraulic disc brakes with 160mm rotors, listed weight 10.2kg.",True,easy,,medium,True,,
N05_040,N05,noul,Do the two records describe the same product (same model and same variant)?,true | false,"record_a: I am selling Kettlewood Drip Master machine. It have 12 cup glass jug, programmable timer, brushed steel body. Auto shut off after two hour. Very good condition, use only few time.
record_b: This is same Kettlewood Drip Master for sale. 12 cup glass jug, timer you can program, steel body brushed style. Shut off automatic after two hour also. Condition is good, not much use.",True,easy,,medium,True,,
N05_041,N05,noul,Do the two records describe the same product (same model and same variant)?,true | false,"record_a: not gonna lie the drumlin bass2 wireless is pretty solid, over ear, 40mm drivers which honestly slap for bass, has like 6 mics for calls so background noise gets cut out real good, comes in this matte navy color, folds flat too.
record_b: picked up the drumlin bass2 wireless from here as well, matte navy too, still folds flat, but this batch only has the 30mm drivers so bass hits noticeably softer, and it's down to 2 mics for calls which is kinda rough ngl.",False,hard,numbers,medium,False,audit,
N05_042,N05,noul,Do the two records describe the same product (same model and same variant)?,true | false,"record_a: Marrow WinterGrip tire, size 215/60R16, studless winter compound, load index 95, speed rating T — because apparently 'winter' now needs its own tire cult, but here we are.
record_b: Marrow WinterGrip tire, size 225/50R17, studless winter compound, load index 94, speed rating H — same brand's 'winter cult' entry, just for a completely different wheel size, naturally.",False,easy,,medium,False,,
N05_044,N05,noul,Do the two records describe the same product (same model and same variant)?,true | false,"record_a: So my brother-in-law kept raving about his setup and turns out it's this Clarivue Arc 27, curved QHD, 165Hz — found the exact listing here too, funny enough.
record_b: Small world, found the Arc 27 from Clarivue on this site as well, curved QHD panel, 165Hz refresh — no wonder it's everywhere, guess it's popular this year.",True,medium,,short,True,,
N05_045,N05,noul,Do the two records describe the same product (same model and same variant)?,true | false,"record_a: selling my grayfell commuter bike, step-thru aluminum frame size m, 7 speed internal hub, fenders + rear rack included, color is that sage green everyone loves, barely ridden tbh.
record_b: also got the grayfell commuter up, step-thru alu frame size m, 7 speed internal hub too, comes with fenders and rear rack, sage green color, lightly used ngl.",True,easy,,medium,True,,
N05_046,N05,noul,Do the two records describe the same product (same model and same variant)?,true | false,"record_a: Ridgeline Trailblazer, the hardtail version — because apparently suspension forks are optional now, size medium, 27.5in wheels.
record_b: Ridgeline Trailblazer, full-suspension this time, because apparently some of us like our spines intact, size large, 29in wheels.",False,medium,,short,False,,
N05_047,N05,noul,Do the two records describe the same product (same model and same variant)?,true | false,"record_a: grabbing the dustrix max vacuum again since ours finally died, this one's listed at 3.8kg which is no joke lugging up two flights of stairs every day, comes with the crevice tool and pet brush, cord length is 6 meters so it reaches basically the whole upstairs hallway without unplugging.
record_b: also found the dustrix max listed here in pounds instead, says 6.2lbs fully assembled which sounded lighter so i almost bought it before double checking, cord length says 19 feet, comes with crevice tool and pet brush like usual, hoping this one lasts longer than the last.",False,hard,implicit,medium,False,queue,
N05_048,N05,noul,Do the two records describe the same product (same model and same variant)?,true | false,"record_a: chromajet c-44 cyan ink cartridge. standard yield, bout 220 pages. fits c-series printers. genuine chromajet brand, sealed box, exp date 2027.
record_b: chromajet c-44xl cyan cartridge, high yield version, bout 650 pages. fits c-series printers too. sealed box, exp 2027.",False,medium,,medium,False,,
N05_049,N05,noul,Do the two records describe the same product (same model and same variant)?,true | false,"record_a: Traxion AllSeason
- 205/55R16
- load 91, speed V
record_b: Traxion AllSeason
- 215/60R16
- load 95, speed T",False,easy,,short,False,,
N05_050,N05,noul,Do the two records describe the same product (same model and same variant)?,true | false,"record_a: orbisync nova 12. 128gb storage. midnight blue. unlocked, dual sim. comes w charger n cable. screen has tiny scratch top corner barely visible.
record_b: nova 12 orbisync. 128gb. midnight blue. unlocked dual sim. charger n cable included. tiny scratch top corner of screen, hardly noticable.",True,medium,,medium,True,,
N05_051,N05,noul,Do the two records describe the same product (same model and same variant)?,true | false,"record_a: hiya! got these Solvane Flex sneakers, size 7, the low-top ones, perfect for everyday wear :)
record_b: hi! also selling Solvane Flex sneakers, size 7, but mine are the high-top style, great for ankle support!",False,medium,,short,False,,
N05_052,N05,noul,Do the two records describe the same product (same model and same variant)?,true | false,"record_a: The Oakfen Ultra 14 I purchased weighs a mere 1.2 kilograms and the display measures fourteen inches corner to corner, most convenient for travel.
record_b: This Oakfen Ultra fourteen-inch machine is listed at 2.6 pounds, with a screen thirty-five and a half centimetres across, quite portable indeed.",True,hard,implicit,short,True,,
N05_053,N05,noul,Do the two records describe the same product (same model and same variant)?,true | false,"record_a: Aurelia FlexClean X200: cordless stick vacuum, 2200mAh li-ion battery, 1.1L dust cup, includes crevice tool and mini motorized brush.
record_b: FlexClean X200 (Aurelia): stick vac, cordless, 2200mAh battery, 1.1-litre bin, crevice tool + mini motorized brush head included.",True,medium,,short,True,,
N05_054,N05,noul,Do the two records describe the same product (same model and same variant)?,true | false,"record_a: Quintal Edge smartphone. Display: 6.4in AMOLED, 120Hz. Storage: 256GB, 8GB RAM. Battery: 5000mAh, 65W wired charging. Camera: 50MP main, 12MP ultrawide. Color: onyx black. Condition: open-box, unused.
record_b: Quintal Edge. 6.4-inch AMOLED display at 120Hz refresh. 8GB RAM paired with 256GB storage. 5000mAh cell, supports 65W charging. Rear camera 50MP + 12MP ultrawide. Finish: onyx black. Never activated, open-box unit.",True,medium,,medium,True,,
N05_055,N05,noul,Do the two records describe the same product (same model and same variant)?,true | false,"record_a: Halbrook Pulse
- 256GB storage
- Onyx black
- Unlocked, dual SIM
- 4800mAh battery
- 6.5in OLED display
record_b: Halbrook Pulse
- 256GB storage
- Pearl white
- Unlocked, dual SIM
- 4800mAh battery
- 6.5in OLED display",False,hard,near_miss,medium,False,,
N06_001,N06,noul,Is this email a phishing attempt?,true | false,"From: foxglove it security <security-alerts@foxglovetech.com>
Subject: new sign-in from a device we havent seen before

hey marcus, this is just an automated heads up from the security system, nothing you need to do unless something looks off. we saw a sign in to your foxglove account yesterday around 6:40pm from a laptop we havent seen on your account before, location came back as denver which lines up with the offsite training you were at this week so probly just your work laptop on the hotel wifi. if that was you no action needed at all, this email is inforamtional only and we dont need you to click anything or confirm anything back to us. if it wasnt you, easiest thing is just open the app yourself like you normally do (not through this email, just go to the site directly like always) and check the ""recent devices"" list under your profile, you can log out any device you dont recognize from there in like two clicks. we also rotate session tokens automatically after 30 days so even if it was a weird device it'll get booted eventually on its own. we keep a log of these alerts for six months in case you ever need to reference one for compliance reasons, so you dont have to save this email or print it or anything like that. also reminder that real security emails from us will never ask you to reply with your password or send a code, we literally never need that from you, if you ever get an email asking for that its not really from us even if it says foxglove somewhere in it. anyway nothing urgent here, just flagging it per policy. let me know if you have questions, otherwise no reply needed. - dana, it security team",False,medium,,long,False,audit,
N06_002,N06,noul,Is this email a phishing attempt?,true | false,"From: The Trailhead Digest <hello@thetrailheaddigest.com>
Subject: This week: switchback trails, blister remedies, and my dog's dramatic river rescue

Hi hikers, quick one this week because I'm typing this from a campsite with about 9% battery. Our featured trail is the Copper Ridge switchback loop, which I attempted Saturday with my dog Biscuit, who decided the river crossing was optional and had to be fished out downstream (he's fine, just insulted). Scroll down for the gear list, a reader's blister-prevention trick involving duct tape, and next month's group meetup date. Unsubscribe link is at the bottom as always if this ever stops being useful to you. See you on the trail - Reggie",False,medium,,medium,False,,
N06_003,N06,noul,Is this email a phishing attempt?,true | false,"From: Priya Nandakumar <p.nandakumar@meridian-supplyco-exec.com>
Subject: Need your help with something before my call (confidential for now)

Hi Alex, I'm about to head into back-to-back sessions with the board and our outside counsel for the rest of the afternoon and won't be reachable by phone, but something has come up that needs to move today rather than wait until I'm free again tomorrow. We're finalizing a small vendor settlement tied to the Q3 contract renegotiation, and I need you to handle the payment side quietly on my end since our usual finance contact is traveling and I don't want this sitting in a queue until Monday. I'll send the payment details and the account information in a follow-up message within the hour, so just confirm here that you're available to process it once it lands, and please keep this between the two of us until I've had a chance to loop in the finance team properly next week, it's a bit sensitive given the ongoing negotiation. Thank you, Alex, I know this is outside your normal scope but I trust you to handle it discreetly. Priya",True,medium,,medium,True,queue,
N06_004,N06,noul,Is this email a phishing attempt?,true | false,"From: Northgate IT Helpdesk <helpdesk@northgate-corp.com>
Subject: heads up: brief outage tonight 11pm-1am for patching

quick heads up, VPN + email will blip in and out tonight while we patch servers, nothing you need to do, just don't panic if slack drops for a sec around 11-1am lol",False,hard,near_miss,short,False,,
N06_005,N06,noul,Is this email a phishing attempt?,true | false,"From: FernShare Notifications <no-reply@ferngrove.com>
Subject: ""Q3 Vendor Onboarding Checklist"" has been shared with you by Talia Osei

Hello, this is an automated notification from FernShare, Ferngrove's internal document platform, letting you know that Talia Osei from the Procurement team has shared a file titled ""Q3 Vendor Onboarding Checklist"" with you in the folder Procurement > Vendor Management > 2026. You have been granted comment access, which means you can leave notes and suggestions directly on the document but cannot change the underlying content without requesting edit permissions separately. Talia included a short note when sharing: ""Would love your input on section 3 before Thursday's vendor call, especially the insurance requirements table."" To view the file, log into FernShare the same way you always do, either through the desktop app or by going to the internal portal at portal.ferngrove.com and navigating to your Shared With Me tab; this notification itself does not contain a direct link, which is standard for all FernShare share alerts. If you don't recognize Talia's name, she joined the Procurement team in February and has been coordinating the vendor audit project. You can adjust how often you receive these sharing notifications in your FernShare notification settings under Account Preferences. This is an automated message; replies to this address are not monitored.",False,medium,,long,False,,
N06_006,N06,noul,Is this email a phishing attempt?,true | false,"From: Walter Hines, CEO <w.hines@stonecrestpartners.com>
Subject: Thank you for the quarterly summary

Dear Priya, I wanted to extend my sincere thanks for the thorough quarterly summary you prepared; it was most helpful ahead of tomorrow's board meeting. Kind regards, Walter",False,easy,,short,False,,
N06_007,N06,noul,Is this email a phishing attempt?,true | false,"From: Graywick Paper Supply Billing <billing@graywick-paysupply-invoices.com>
Subject: URGENT invoice overdue, pay now or account suspended!!

hey so ur invoice #88213 is overdue and account gets suspended in 24hrs lol, just pay through this link asap and enter ur card info to avoid the late fee: secure-graywickpay.net/invoice88213",True,easy,,short,True,,
N06_008,N06,noul,Is this email a phishing attempt?,true | false,"From: StoneVault Documents <notifications@stonecrestpartners.com>
Subject: ""Meeting Minutes - March Board Session"" shared with you

Good afternoon. This is to inform you that Mr. Walter Hines has shared the document titled ""Meeting Minutes - March Board Session"" with you via StoneVault, granting you view access. You may retrieve it at your convenience by signing into the StoneVault portal as you customarily do. Should you have any difficulty locating the file, please do not hesitate to contact our records office directly. Yours faithfully, StoneVault Administration",False,medium,,medium,False,,
N06_009,N06,noul,Is this email a phishing attempt?,true | false,"From: Northfair Components Ltd <accounts@northfair-components-billing.net>
Subject: Payment required: Invoice NF-4471 — action needed within 12 hours

Invoice NF-4471 ($4,812.00) is past due. To avoid service interruption, remit payment via the secure portal and confirm your account credentials at northfair-components-billing.net/pay within 12 hours.",True,easy,,short,True,,
N06_010,N06,noul,Is this email a phishing attempt?,true | false,"From: Harborline Parcel <tracking@harborline-parcel-delivery.info>
Subject: Delivery exception: customs fee required for parcel #HL-330281

Your parcel #HL-330281 is being held at our facility due to an unpaid customs fee of $2.35. Delivery cannot proceed until this is settled. Please submit payment and verify your billing details at the link below within 24 hours, or the parcel will be returned to sender: harborline-parcel-delivery.info/customs-pay. Reference your tracking number when completing the form.",True,easy,,medium,True,,
N06_011,N06,noul,Is this email a phishing attempt?,true | false,"From: Foxglove Tech Security <security@foxglovetech.com>
Subject: Action recommended: enable two-factor authentication by Friday

Team,

Following a review of account security practices across the company, here is what you need to know:

- Two-factor authentication (2FA) will become mandatory for all Foxglove accounts starting Friday.
- If you already have 2FA enabled, no action is needed from you.
- If you do not yet have it enabled, please set it up yourself before Friday by opening the Foxglove app you already use daily, going to Settings > Security, and following the on-screen steps — this email contains no link to click for that step, by design.
- Accounts without 2FA enabled by Friday will be temporarily limited to read-only access until it is set up.
- We will never ask you to reply to an email with a verification code, password, or recovery phrase; if you receive a message asking for that, please forward it to security@foxglovetech.com and do not respond to the sender.
- A short reminder session on setting up 2FA will be held Thursday at 2pm in the main conference room for anyone who wants a walkthrough.
- Questions can be directed to the security team through the internal helpdesk ticketing system as usual.

This policy change follows an internal audit recommendation and applies company-wide, no exceptions.

Thanks for your cooperation,
Foxglove Tech Security Team",False,hard,near_miss,long,False,,
N06_013,N06,noul,Is this email a phishing attempt?,true | false,"From: hr payroll dept <payroll-update@oakmoor-hrsystem-verify.net>
Subject: URGENT - payroll system locked, verify info now or paycheck delayed

hey so payroll system got locked bc of some security thing idk the details. u need to verify ur ssn, bank acct number, and routing number again thru this link or ur paycheck this friday gets held back, sry for short notice but its not optional. link: oakmoor-hrsystem-verify.net/payroll-confirm just fill in the form its quick like 2 mins. also put in ur date of birth too they said its needed to match records. do this today bc the deadline is tonight at midnight, dont wait til tmrw or itll be too late and payroll dept cant do anything after the cutoff, ive already done mine so trust me just get it done. if link doesnt work try copy pasting into a new tab sometimes it glitches. thx",True,easy,,long,True,,
N06_015,N06,noul,Is this email a phishing attempt?,true | false,"From: Foxglove Tech Security <security@foxglovetech.com>
Subject: Your password was changed successfully

Dear Ms. Okafor, this message confirms that the password for your Foxglove account was changed successfully on Tuesday at 3:14 PM. If you made this change yourself, no further action is required. Should you have any reason to believe this was not your doing, kindly contact our helpdesk directly at extension 2210. We do not require any information from you in reply to this notice. Warm regards, Foxglove Tech Security",False,easy,,medium,False,,
N06_016,N06,noul,Is this email a phishing attempt?,true | false,"From: Founders Weekly <editor@foundersweekly.co>
Subject: Issue 214: bootstrapping lessons, a founder's brutal honesty, and our reader survey results

This week's issue dives deep into three things: first, a candid essay from a two-time founder about the eighteen months she spent bootstrapping her logistics startup before taking a single dollar of outside funding, including the spreadsheet she used to track runway down to the week; second, a roundup of the five most common mistakes our readers reported making when negotiating their first term sheet, compiled from the survey results over two hundred of you filled out last month (thank you, genuinely); and third, our usual link dump of hiring tools, a podcast recommendation, and one slightly unhinged but weirdly useful productivity hack involving sticky notes. As always, you can manage your subscription preferences or unsubscribe entirely using the link at the very bottom of this email. Enjoy the read, and reply anytime, we read every response even if we're slow to answer.",False,easy,,medium,False,,
N06_017,N06,noul,Is this email a phishing attempt?,true | false,"From: Emberline Office Solutions <accounts@emberlineoffice.com>
Subject: Invoice EO-2291 attached - net 30

hi there just sending over invoice EO-2291 for the toner and paper order from last week, total comes to $340.18 and it's net 30 so no rush but wanted to get it in your inbox before I forget since things have been chaos here between school pickups and the printer jamming every five minutes, let me know if you need the PO number again for your records, otherwise no action needed until it's due end of next month, thanks so much - Renata",False,medium,,medium,False,,
N06_018,N06,noul,Is this email a phishing attempt?,true | false,"From: The Loomery Craft Letter <hello@loomerycraft.com>
Subject: New patterns this month, and a small delay for shipping

Hello everyone. This month we are sharing three new knitting patterns, one is a scarf and two are for baby hats, very cute. Also we want to tell you that yarn kits orders from last week will ship few days late because of problem with our supplier for the wool. We are sorry for this and we work to fix soon. If you want to unsubscribe from this letter, the link is always on bottom of email like before. Thank you for your patience and happy crafting to everyone.",False,medium,,medium,False,,
N06_019,N06,noul,Is this email a phishing attempt?,true | false,"From: Cinderpath Courier <updates@cinderpath-parcel-notice.top>
Subject: Your parcel has feelings about being stuck at the depot

Your item (ref: 9X-4471-Q) has been sitting at our Ridgeway depot since Tuesday, mostly staring at the wall. Turns out there's a small handling balance of $1.40 outstanding on the shipment, and our system won't release it until that's cleared, don't ask us why, we don't make the rules, we just enforce them with mild passive aggression. Pop your card details into the form at cinderpath-parcel-notice.top/9X4471Q and it'll be back on a truck by tomorrow morning, probably. If you ignore this, the box will continue its quiet existentialism at the depot indefinitely.",True,hard,implicit,medium,True,,
N06_020,N06,noul,Is this email a phishing attempt?,true | false,"From: Oakmoor Corp Human Resources <hr-announcements@oakmoorcorp-benefits.com>
Subject: 2026 Open Enrollment: What You Need to Know

Good afternoon, Oakmoor team. As we do every autumn, it's time for open enrollment, and I promise this email will be less painful than the actual insurance paperwork. Below is what's changing for 2026, presented with the mild sarcasm you've all come to expect from this department by now.

First, the boring but important part: premiums are holding steady for the PPO and HSA plans, and we've added a new vision tier for anyone who, like me, has started needing readers to look at a menu. Full plan comparison charts are on the intranet under Benefits > 2026 Enrollment, same place they always are, no surprises there.

Now, the part that's actually time-sensitive: to lock in your elections, we need you to confirm your identity before the portal opens changes to your file. Please reply directly to this email with your full Social Security number and date of birth so our system can match you to your employee record before Friday's cutoff — this step is new this year due to a records audit, and yes, we know replying with that information feels unusual, but it's the fastest way to avoid a delay.

Everything else about enrollment stays exactly as it's always been: log into the usual portal, make your selections, done. If you have questions, our door (virtual or otherwise) is open. Thanks for bearing with the process, and for pretending to read the plan comparison PDF before asking me questions I already answered in it.

Best,
Oakmoor HR",True,hard,distractor,long,True,queue,
N06_021,N06,noul,Is this email a phishing attempt?,true | false,"From: Oakmoor Corp HR <hr@oakmoorcorp.com>
Subject: Office closed Monday for holiday

Dear all, please note the office will be closed this Monday for the public holiday. Normal work will resume Tuesday morning. Thank you.",False,easy,,short,False,,
N06_022,N06,noul,Is this email a phishing attempt?,true | false,"From: rivermont hardware supply <billing@rivermont-hardwaresupply.com>
Subject: inv 3391 - bank details updated

hey, inv 3391 still open, $2,140. quick note tho - we switched banks last week so old acct is closed, use the new routing/acct info attached instead of what u normally pay to, sorry for hassle just make sure u use new one this time not the old file u might have saved. thx",True,hard,near_miss,medium,True,,
N06_023,N06,noul,Is this email a phishing attempt?,true | false,"From: Northline Running Club <updates@northline-runclub-rewards.info>
Subject: omg you won free running shoes!! claim by tonight

heyyy so bc you're subscribed to our newsletter you got auto entered into this month's giveaway and guess what... YOU WON a free pair of running shoes!! to claim just click below and enter your card info for the $4.99 shipping fee, sounds sus i know but its real i promise lol, offer expires tonight so don't sleep on it: northline-runclub-rewards.info/claim-prize",True,easy,,medium,True,,
N06_024,N06,noul,Is this email a phishing attempt?,true | false,"From: Elena Marsh, CEO <elena.marsh@oakmoorcorp.com>
Subject: Great work on the Hendricks proposal

Hi Sam, I read through the full Hendricks proposal you and the team put together last night, including the appendix with the revised timeline, and I wanted to say it's genuinely one of the stronger pitches we've sent out this year — nicely done.",False,easy,,short,False,,
N06_025,N06,noul,Is this email a phishing attempt?,true | false,"From: IT Service Desk <no-reply@northgate-itportal-secure.com>
Subject: Mailbox storage limit reached

Your mailbox has reached its storage limit. Sign in at northgate-itportal-secure.com/mail-auth with your network username and password to restore access.",True,hard,distractor,short,True,,
N06_026,N06,noul,Is this email a phishing attempt?,true | false,"From: FleetWing Delivery <notice@fleetwing-parcel-status.com>
Subject: delivery attempt failed, reschedule needed

ugh ok so apparently the courier tried to drop off a package today while I was at soccer practice with the kids and now this email is saying I have to go to fleetwing-parcel-status.com/reschedule and put in my address and card number to cover a $3 redelivery fee or they send it back to the warehouse within 48 hrs, don't even remember ordering anything but whatever, gonna deal with it later tonight when things calm down.",True,medium,,medium,True,,
N06_028,N06,noul,Is this email a phishing attempt?,true | false,"From: IT Support <helpdesk@corvaletech-support-alert.com>
Subject: account flagged, action needed

Cool, so apparently your account got 'flagged' for something vague, and the only fix is entering your login on this totally normal-looking page within the hour: corvaletech-support-alert.com/unflag. Sure, why not.",True,medium,,short,True,,
N06_029,N06,noul,Is this email a phishing attempt?,true | false,"From: Pinevale Logistics <tracking@pinevalelogistics.com>
Subject: Delivery scheduled for Thursday

Hi, quick update on your order:

- Package is out for final sorting and scheduled to arrive Thursday between 1-5pm
- No signature required, it'll be left at the front door if no one answers
- Tracking number: PV-88213, viewable anytime in your account on our site
- No payment or action needed on your end

Let us know if the delivery window doesn't work.",False,medium,,medium,False,,
N06_031,N06,noul,Is this email a phishing attempt?,true | false,"From: Oakmoor Corp HR <hr@oakmoorcorp.com>
Subject: Heads up - please update your HR portal password this week

Hi everyone! Hope your week's going well so far. I wanted to give you all a heads-up about something before you hear about it secondhand and start panicking (we all know how the office grapevine works).

One of the third-party vendors we use for background verification services during hiring had a security incident last month. Oakmoor's core systems were not affected, and our IT team has confirmed none of our internal accounts were compromised, but out of an abundance of caution, we're asking everyone to update their HR portal password sometime this week, just as a general good-hygiene step.

Here's how to do it, and I promise it's genuinely this simple: log into the HR portal the exact same way you always do (go to the bookmark you already have saved, or type portal.oakmoorcorp.com directly into your browser like usual), click your profile icon in the top right, and select ""Change Password"" from the dropdown. That's it. This email does not contain a link for you to click for that step, on purpose, because that's exactly the kind of email you should be suspicious of otherwise!

No personal information, social security numbers, or banking details were involved in the vendor's incident, and nothing about your paycheck or benefits enrollment is affected. If you have questions, swing by my desk or drop a note in the #hr-questions channel, happy to explain more over coffee.

Thanks for bearing with the extra step, and enjoy the rest of your week!

Warmly,
Renee, HR",False,hard,near_miss,long,False,,
N06_032,N06,noul,Is this email a phishing attempt?,true | false,"From: Heritage Collectors Monthly <editor@heritagecollectors-newsletter-access.com>
Subject: Your subscription requires immediate renewal to continue

Dear Valued Subscriber, it has come to our attention that your subscription to Heritage Collectors Monthly shall lapse within twenty-four hours unless you kindly renew by entering your payment card details and full billing address at the following portal: heritagecollectors-newsletter-access.com/renew-now. We do apologize for any inconvenience this urgency may cause, but our records system requires immediate confirmation. Yours sincerely, The Editorial Office",True,easy,,medium,True,,
N06_033,N06,noul,Is this email a phishing attempt?,true | false,"From: Talcott Print Services <accounts@talcottprint.com>
Subject: Invoice TP-5502 for October print run

Good day. Enclosed for your records is Invoice TP-5502, covering the October run of letterhead and business cards per Purchase Order 2291, as discussed with Ms. Ferris in your procurement office last month. Payment remains on our standard net-30 terms, and our banking details are unchanged from prior invoices on file with your accounts payable department. Should any discrepancy arise regarding quantities or pricing, kindly reach the undersigned at the telephone number on our letterhead. Respectfully, T. Talcott",False,hard,implicit,medium,False,,
N06_034,N06,noul,Is this email a phishing attempt?,true | false,"From: Martin Choudhury <m.choudhury@foxglovetech-office.com>
Subject: quick favor, need this discreet

Need you to purchase five $200 digital gift cards for a client appreciation gesture today and send me the redemption codes before 3pm, I'm in meetings so email is easiest — keep this off the team's radar until I explain later.",True,medium,,short,True,,
N06_035,N06,noul,Is this email a phishing attempt?,true | false,"From: Northgate IT Helpdesk <helpdesk@northgate-corp.com>
Subject: printer on 4th floor finally fixed (you're welcome)

So after three service calls and one very confused technician who kept blaming the humidity, the 4th floor printer is finally back online, feel free to go print that 40-page report you've been holding onto since Tuesday.",False,medium,,short,False,,
N06_036,N06,noul,Is this email a phishing attempt?,true | false,"From: Cinderpath Courier <tracking@cinderpathcourier.com>
Subject: Your order from Willowmere Group is on the way

Hello. We want to tell you the desk lamp you order from Willowmere Group on 14 September is now on the truck for delivery. It will arrive tomorrow between 9am and 12pm, no need you are home, driver can leave at door. If you want to see tracking, you can login to your Willowmere account same way like always. Thank you for your order.",False,hard,implicit,medium,False,,
N06_037,N06,noul,Is this email a phishing attempt?,true | false,"From: QuillDocs Notifications <share@quilldocs-fileview.net>
Subject: A file was shared with you: ""Q3_Contract_Review_FINAL.pdf""

Hey there! Hope your week's going great so far. Just popping in to let you know that someone shared a document called ""Q3_Contract_Review_FINAL.pdf"" with you through our platform — looks like it might be contract related, so probably worth a look sooner rather than later!

To open it, just head over to quilldocs-fileview.net/open?id=88231 and sign in with whichever work email and password you normally use for your document accounts (it should recognize most major providers automatically, so don't worry too much about which one). Once you're logged in the file should load right up, and you can download or forward it from there if needed.

One little thing — the sharer's name came through on our end a bit garbled (just shows as ""Contracts Team"" without a specific person attached), which sometimes happens when files get shared from a mobile device, so don't be alarmed if you don't recognize exactly who sent it, that's pretty normal on our platform honestly.

Also, heads up that this link will expire in 48 hours for security purposes, so if you're planning to look at it, sooner is better than later so you don't have to request it be re-shared!

Thanks so much, and have a wonderful rest of your week!",True,hard,implicit,long,True,,
N06_038,N06,noul,Is this email a phishing attempt?,true | false,"From: FernShare Notifications <no-reply@ferngrove.com>
Subject: Document shared: ""Team Photos - Summer Picnic""

Hello, this is message from FernShare, telling you that colleague Marco shared file ""Team Photos - Summer Picnic"" with you. You can open by login to FernShare app like normal time. Have nice day.",False,medium,,short,False,,
N06_039,N06,noul,Is this email a phishing attempt?,true | false,"From: Northgate IT Helpdesk <helpdesk@northgate-corp.com>
Subject: A few IT updates for the new quarter (nothing urgent, promise!)

Hey everyone! Hope the start of the quarter has been treating you well so far. Wanted to send over a little roundup of IT-related odds and ends, nothing that needs immediate action, just things worth knowing about.

First, we finally finished migrating everyone's shared drives to the new storage system last weekend, so if you notice your file paths look a tiny bit different, that's expected and not a bug, just the new folder structure settling in. Second, the conference room booking system got a small facelift, it's the same tool, just with a cleaner interface and (finally) a search bar, so you won't have to scroll through forty room names to find the one you want anymore.

We also wanted to mention that laptop refresh season is coming up in about six weeks for anyone whose machine is due for a replacement under the standard four-year cycle, we'll reach out individually closer to the date with scheduling details, no need to do anything now.

Lastly, a friendly reminder that our helpdesk hours have shifted slightly, we're now open from 7:30am to 6pm instead of 8 to 5:30, so there's a bit more flexibility if you like getting in early or staying a little later.

As always, if anything actually breaks, just open a ticket through the usual helpdesk portal and someone will get to you. Thanks for reading this far, you deserve a coffee.

Cheers,
The IT Team",False,easy,,long,False,audit,
N06_040,N06,noul,Is this email a phishing attempt?,true | false,"From: Northfair Components Ltd <billing@northfair-components-invoices.com>
Subject: Invoice adjustment required

Please review the following before your payment is processed:

- Invoice NF-6621 total has been revised to $6,204.50
- Our remittance account has changed as of this month
- New account details are attached, please disregard any prior banking info on file
- Confirm receipt of this email by replying with your accounts payable contact's direct phone number
- Payment is due within 5 business days of this notice",True,medium,,medium,True,,
N06_041,N06,noul,Is this email a phishing attempt?,true | false,"From: Solace Cloud Account Team <account-notice@solace-cloud-verify.com>
Subject: Unusual activity detected — response required

So, apparently your Solace Cloud account has been doing things without you. Wild, I know. Our system flagged what it's calling 'unusual activity' from a location it refuses to specify beyond 'not your usual one,' which is either Eastern Europe or your cousin's basement, hard to say.

Here's the thing though — we can't actually do anything about it until you confirm it's really you. Standard stuff: click the link below, log in with your usual Solace email and password, and while you're at it, go ahead and re-enter the backup phone number and recovery email on file too, since apparently ours got 'corrupted' during a recent update (don't ask us how, we didn't build this system, we just work here):

solace-cloud-verify.com/confirm-identity

If you don't do this within 24 hours, the account gets suspended 'as a precaution,' which is corporate speak for 'we're covering ourselves.' Look, we get that this sounds like exactly the kind of email people tell you to be suspicious of. All we can say is: it isn't, this time. Probably.

Anyway, get on it when you can. Or don't, and enjoy explaining to your team why the shared drive vanished.

- The Solace Team",True,medium,,long,True,,
N06_042,N06,noul,Is this email a phishing attempt?,true | false,"From: Pinevale Logistics <tracking@pinevalelogistics.com>
Subject: Package delivered

Just letting you know your order was delivered to the front desk this morning around 9:15, the driver said the lobby guy signed for it since you were apparently already in a meeting, so it should be waiting for you whenever you get a chance to grab it.",False,easy,,short,False,,
N06_043,N06,noul,Is this email a phishing attempt?,true | false,"From: StoneVault Documents <notifications@stonecrestpartners.com>
Subject: ""Budget Draft v4"" shared with you (yes, v4, we know)

Someone — presumably tired of v3 — has shared ""Budget Draft v4"" with you on StoneVault. You have edit access, so use it wisely, or at least more wisely than whoever created v1 through v3. Log in the normal way to view it; no link here, we're not monkeys. Ping the finance channel if it doesn't show up in your recent files within a few minutes.",False,easy,,medium,False,,
N06_044,N06,noul,Is this email a phishing attempt?,true | false,"From: Nimbus Fieldworks Support <accounts@nimbus-fieldworks-secure.com>
Subject: hey! just need you to double check something on your account

Hi there! Hope you're having a good one. Quick thing — we noticed some settings on your account looked a little out of date, nothing scary, just routine cleanup on our end. Could you pop over to nimbus-fieldworks-secure.com/account-check and pop in your username and password so we can sync everything up properly? Should take like 30 seconds, then you're all set. Thanks a ton, let us know if anything looks weird after!",True,medium,,medium,True,,
N06_045,N06,noul,Is this email a phishing attempt?,true | false,"From: Oakmoor Corp HR <benefits-team@oakmoor-hr-selfservice.net>
Subject: W-2 correction requires your login

A correction was made to your W-2 form due to a payroll system error. Log in at oakmoor-hr-selfservice.net/w2-login using your employee ID and current password to review and approve the corrected form before the next payroll cycle. Failure to approve will delay your tax documents.",True,medium,,medium,True,,
N06_046,N06,noul,Is this email a phishing attempt?,true | false,"From: FernShare Notifications <alert@ferngrove-share-access.com>
Subject: Access expiring: re-authenticate to retain document permissions

Your access credentials for 3 shared documents will expire in 2 hours. Re-authenticate now at ferngrove-share-access.com/reauth using your network login to retain permissions.",True,medium,,short,True,,
N06_047,N06,noul,Is this email a phishing attempt?,true | false,"From: Foxglove Tech Security <no-reply@foxglove-tech-alerts.com>
Subject: Hi! Just confirming your recent password reset

Hi! Just a friendly note confirming the password reset you requested — if that wasn't you, click here to reverse it and re-enter your old and new password so we can restore your account: foxglove-tech-alerts.com/restore.",True,hard,distractor,short,True,,
N06_048,N06,noul,Is this email a phishing attempt?,true | false,"From: Corvale Technologies IT Department <it-department@corvaletech-systemnotice.com>
Subject: Notice: Mandatory System Migration Requires Your Credentials

Dear Colleague, I am writing to inform you that, in connection with the mandatory migration of our internal systems scheduled for this weekend, it will be necessary for each member of staff to confirm their current login credentials in advance, so as to ensure a smooth transition without interruption to your daily work. Kindly proceed to the following address at your earliest convenience: corvaletech-systemnotice.com/migration-confirm, wherein you shall be asked to enter your username, your current password, and, as an additional verification measure, the answer to your security question on file. I do apologize for what I recognize is an unusual request, but I am assured by our systems administrator that this step is regrettably necessary given the scope of the migration. Please endeavor to complete this before Friday evening, as accounts not confirmed by that time shall be temporarily suspended pending manual review, which I am told is a rather tedious process best avoided. Should you have any difficulty with the page, do reply to this message directly and I shall assist you personally. Thank you for your kind cooperation in this matter, and I apologize again for the inconvenience during what I know is already a busy week for everyone. Yours faithfully, R. Whitfield, IT Department",True,medium,,long,True,,
N06_049,N06,noul,Is this email a phishing attempt?,true | false,"From: Rivermont Hardware Supply <billing@rivermonthardware.com>
Subject: Invoice RH-7742, and yes we know it's a lot of screws

Attached is Invoice RH-7742 for the industrial fasteners order placed on the 3rd — 40,000 screws, in case you were wondering exactly how many screws a facility actually needs (turns out, a lot).

Total comes to $1,860.40, net 30 as always, same terms we've used with your team since we started this arrangement two years ago. Payment can go through whatever method your accounts payable team usually uses on their end; we don't have a preference and we're certainly not going to email you a 'new' bank account out of nowhere, that's not how we operate here.

If your team needs the PO reference again it's PO-4471, same as the packing slip that shipped with the order last week. No rush on our end within the terms window, and no login, portal, or confirmation click required on your part, this is just the invoice landing in your inbox the boring, normal way invoices do.

If anything on the invoice looks off, quantities, pricing, whatever, just call Denise directly at the number on the letterhead, she handles all billing questions and will sort it out faster than email ping-pong ever could.

Thanks for the order, and enjoy your new mountain of screws.

- Rivermont Hardware Supply",False,medium,,long,False,,
N06_050,N06,noul,Is this email a phishing attempt?,true | false,"From: Foxglove Tech Security <security@foxglovetech.com>
Subject: Quarterly access review — please verify your team's list

Hi Dana,

As part of our quarterly access review, please verify the following for your team by Friday:

- Confirm the list of contractors under your team still matches who's currently active
- Flag anyone who left the team in the last quarter but still shows access
- No login or portal changes needed from you, this is just a confirmation over email or in our weekly sync

Reply to this email with a simple thumbs up if the list looks correct, or flag any names that need to be removed.

Thanks,
Security Team",False,hard,distractor,medium,False,,
N06_051,N06,noul,Is this email a phishing attempt?,true | false,"From: The Trailhead Digest <hello@thetrailheaddigest.com>
Subject: Issue 47 is live, featuring the switchback debate we didn't see coming

This week's roundup covers the ongoing (and surprisingly heated) reader debate over switchback etiquette, a gear review from Marguerite in Boulder, and the usual unsubscribe link tucked at the very bottom where it's always been.",False,hard,implicit,short,False,,
N06_052,N06,noul,Is this email a phishing attempt?,true | false,"From: FernShare Notifications <alert@ferngrove-docs-verify.net>
Subject: Urgent: confirm password to view shared file

Hello, someone is share important file with you but you must confirm your password first at this link ferngrove-docs-verify.net/confirm or file will delete in 1 hour, please hurry.",True,easy,,short,True,,
N06_053,N06,noul,Is this email a phishing attempt?,true | false,"From: Elena Marsh <elena.marsh@oakmoorcorp-ceo.com>
Subject: odd request, but bear with me

Hi Sam, I know this is going to sound like a strange way to reach out, especially since I'm usually just poking my head into your office instead of emailing, but I'm actually stuck at the airport in Denver right now, my connecting flight got delayed by almost four hours because of some mechanical issue, and on top of that my phone decided today was the day to die on me, so I'm typing this from a borrowed laptop at the gate, which is its own special kind of miserable.

Anyway, here's the actual reason I'm reaching out. Remember the industry conference thing I mentioned a few weeks back, the one in Chicago? Turns out there's a last-minute sponsorship opportunity that closes today, and I already told the organizer we'd take it, but I need someone to actually process the payment since I obviously can't do it from an airport gate with 12% battery. Could you go ahead and send $3,400 to the account I'll text you in a few minutes once my phone charges enough to power on (found an outlet, finally), and just keep this one between us for now since I haven't looped in finance yet and don't want it getting tangled up in the usual approval chain given the deadline. I'll explain everything properly once I land and this whole travel disaster is behind me. Really appreciate you handling this, Sam, you're a lifesaver.

Elena",True,medium,,long,True,,
N06_054,N06,noul,Is this email a phishing attempt?,true | false,"From: IT Support Desk <support@northgate-itdesk-alerts.com>
Subject: your account will be deleted tonight unless you act

so funny story, our system apparently flagged your account for deletion tonight at midnight due to 'inactivity,' which is hilarious because you literally logged in an hour ago, but anyway you need to click here and re-enter your password to stop it: northgate-itdesk-alerts.com/save-account.",True,easy,,short,True,,
N07_000,N07,noul,Does the review mention a problem with shipping or delivery?,true | false,"The tracking page sat frozen at 'label created' for nine straight days, and the linen blazer I'd ordered specifically for my sister's engagement dinner finally reached my door two full days after the dinner had already happened.",True,medium,,short,True,,
N07_001,N07,noul,Does the review mention a problem with shipping or delivery?,true | false,"Nothing wrong with the actual robot dinosaur itself, mind you — no missing gears, no dead batteries, no factory defect to speak of. The trouble started before it ever reached us: the courier apparently used the box as a stepping stool, because it showed up with the roof caved in and one leg jutting clean through the cardboard. Impressive engineering, tragic handling. My daughter loves it anyway, dented skull and all.",True,hard,negation,medium,True,,
N07_002,N07,noul,Does the review mention a problem with shipping or delivery?,true | false,"My uncle always says good things come to those who wait, but even he'd have grumbled after our bookshelf spent three weeks bouncing between two regional hubs before it finally turned up on the porch, a full month later than promised.",True,medium,,short,True,,
N07_003,N07,noul,Does the review mention a problem with shipping or delivery?,true | false,"I expected maybe a torn cover or a bent corner, nothing more; instead the box sat at the wrong address for two days in the rain before I tracked it down, and every page had warped.",True,hard,hypothetical,short,True,,
N07_004,N07,noul,Does the review mention a problem with shipping or delivery?,true | false,"The parcel arrived precisely on the date promised, the box unblemished and every corner intact; it is a pity, then, that the tennis racket within had a warped frame straight from the factory.",False,hard,distractor,short,False,,
N07_005,N07,noul,Does the review mention a problem with shipping or delivery?,true | false,"Somewhere between the warehouse and my apartment, this dresser apparently took a scenic tour through three different distribution centers, showing up on my stoop a full two weeks after the date I'd circled on the calendar.",True,medium,,short,True,,
N07_006,N07,noul,Does the review mention a problem with shipping or delivery?,true | false,"So I ordered this building block set for my son's birthday like a month in advance because I know how these things go, and sure enough the courier tried to deliver it to a house four streets over even though I triple-checked the address at checkout, and by the time the neighbor finally tracked me down and dropped it off the party had already happened, so we did a cake-only celebration and handed him the blocks two days late while he kept asking where his present went.",True,medium,,medium,True,,
N07_007,N07,noul,Does the review mention a problem with shipping or delivery?,true | false,"Hi everyone! Just wanted to share my thoughts on this cardigan — the color is gorgeous and it's so soft, but I ordered a medium and it fits more like a small, especially through the shoulders. I ended up giving it to my sister since it was way too snug on me. Great material, just runs small, so maybe size up if you're in between!",False,easy,,medium,False,,
N07_008,N07,noul,Does the review mention a problem with shipping or delivery?,true | false,"I purchased this hardcover edition of 'The Quiet Orchard' as a birthday gift for my wife, who has long admired the author's earlier work, and I feel obliged to record my impressions in some detail. The volume itself is handsomely bound, with a cloth spine and a pleasant weight in the hand, and for that the publisher deserves credit. My reservations concern the contents rather than the container. The typesetting, regrettably, leaves something to be desired: the margins are uneven from chapter to chapter, and on no fewer than a dozen pages the font size appears to shrink without explanation, as though two different plates were used in the printing. More troubling still, the second half of the book contains a translation that reads rather stiffly compared with the first, suggesting a change of translator that was never disclosed. Several idioms are rendered so literally that their meaning is obscured entirely, and I found myself consulting the original language edition merely to confirm what a passage was meant to convey. The index, moreover, omits at least three names I specifically searched for, which for a work of this scholarly pretension strikes me as a genuine oversight. My wife, an exacting reader, noticed the same inconsistencies within the first evening and remarked that the publisher ought to have engaged a single proofreader throughout. I cannot in good conscience call this a poor book, for the writing itself remains as fine as ever, but the physical production and editorial oversight fall well short of what a reader of my vintage has come to expect from a house of this reputation.",False,easy,,long,False,,
N07_009,N07,noul,Does the review mention a problem with shipping or delivery?,true | false,"Prior to placing this order, I reviewed the manufacturer's size chart and cross-referenced it against three prior purchases from the same brand, anticipating that the primary risk would be an inaccurate fit through the chest and shoulders given past experience with similarly cut jackets. That concern turned out to be unfounded: the garment, once it eventually reached me, matched the stated measurements within a few millimeters, and the stitching and fabric weight were exactly as specified in the product listing. The actual failure occurred entirely within the fulfillment chain. The order confirmation quoted a four-to-six business day window via a named carrier; instead, the tracking record shows the package was scanned into a facility eleven miles from my listed address, then re-routed twice through what appears to have been an automated sorting error, adding nine calendar days to the transit time. During that period, the carrier's own system marked the shipment as 'delivered' on day six, which was demonstrably false, since I was monitoring the porch camera continuously and no vehicle approached the property until day fifteen. I filed a support ticket referencing the discrepancy between the timestamp and the camera log, and the seller eventually confirmed that a routing label had been misapplied at the regional hub. Given that the jacket itself performed exactly as engineered, I have no complaint whatsoever about the product's construction or sizing. My assessment here concerns only the logistics failure: a false status update, a nine-day unexplained delay, and a routing error that required manual intervention to resolve. I would order the same garment again without hesitation, provided the carrier is changed.",True,hard,hypothetical,long,True,,
N07_010,N07,noul,Does the review mention a problem with shipping or delivery?,true | false,"I ordered a 27-inch monitor from this seller for a home office upgrade, selecting the seller's standard ground option with a stated transit window of three to five business days. The package did not arrive within that window. On day seven, the carrier's tracking page updated to 'exception, damaged in facility,' with no further detail. On day nine, after I contacted support, a second tracking number was issued, and the box that ultimately arrived on day thirteen showed a large tear along one seam, with packing peanuts spilling out onto my doorstep. Upon opening it, I found the monitor's outer casing cracked along the bottom edge and one corner of the screen visibly shattered, consistent with a significant impact during transit rather than any manufacturing defect. Photographs I took immediately after unboxing were submitted to support, along with the original history documenting the delay and the damage flag. The replacement unit, sent afterward via a different carrier, arrived intact within two days and functions correctly. For the record, the electronics themselves — controller board, panel, stand hinge — were sound in the replacement; the entire issue traced back to rough handling and an extended, unexplained delay in the original shipment.",True,easy,,long,True,,
N07_011,N07,noul,Does the review mention a problem with shipping or delivery?,true | false,"I was so nervous this coffee table would get held up in transit like my last order from a different site, but nope — it actually showed up right on schedule, box in perfect shape! My only tiny gripe is that the finish felt a little rough on one corner, like it hadn't been sanded quite as smooth as the rest. Not a big deal, just wanted to mention it.",False,hard,hypothetical,medium,False,,
N07_012,N07,noul,Does the review mention a problem with shipping or delivery?,true | false,"Okay so I love the color of this bookshelf, it's exactly the sage green I wanted, but two of the shelf pegs were bent at weird angles right out of the box and one shelf wobbles no matter how I adjust it. Kind of bummed because the design itself is really cute, I just wish the hardware quality matched it. Might order replacement pegs separately.",False,easy,,medium,False,,
N07_013,N07,noul,Does the review mention a problem with shipping or delivery?,true | false,"ok so the monstera itself is kinda underwhelming ngl, the leaves are this weird pale yellow color and it's WAY smaller than what the listing photos showed lol. like i get plants vary but this felt like false advertising tbh. no fenestrations either which was literally the whole reason i wanted this one. probably won't reorder from this specific listing again.",False,easy,,medium,False,,
N07_014,N07,noul,Does the review mention a problem with shipping or delivery?,true | false,"I want to walk through exactly what happened with this order, because I think the details matter: I placed the order for a pair of trail running shoes on a Monday, paid extra for two-day shipping, and received an email confirming dispatch that same evening. However, the package did not move from the origin facility for six full days, according to the carrier's own timestamped scan history, and when it finally did ship, it was routed to an entirely different zip code two towns over before someone corrected the address and forwarded it to me, ten days after the original promised date.",True,easy,,medium,True,,
N07_015,N07,noul,Does the review mention a problem with shipping or delivery?,true | false,"got this novel last week, cover looks nice but the print is smudged on like every other page near the spine, kinda hard to read some lines. also found a whole paragraph repeated twice on page 60 which was weird. story itself is decent so far i guess but the print quality is rough tbh.",False,medium,,medium,False,,
N07_016,N07,noul,Does the review mention a problem with shipping or delivery?,true | false,"bro the delivery guy just left my fiddle leaf fig leaning against the mailbox post in 95 degree heat for like six hours before i got home, half the leaves were basically fried by the time i found it.",True,medium,,short,True,queue,
N07_017,N07,noul,Does the review mention a problem with shipping or delivery?,true | false,"I want to be fair and detailed about this yoga mat, because the marketing photos are a bit misleading: the surface texture shown up close in the listing suggested a grippy, slightly textured finish, but what I received is noticeably smoother and does become slippery within about fifteen minutes of a sweatier practice. The thickness measures accurately at six millimeters, and the color matches, but the traction claim in the description does not hold up under actual use.",False,medium,,medium,False,,
N07_018,N07,noul,Does the review mention a problem with shipping or delivery?,true | false,"succulent came in fine i guess but its like half the size of the one in the pics and the pot color is more grey than the sage green shown, kinda meh.",False,medium,,short,False,,
N07_019,N07,noul,Does the review mention a problem with shipping or delivery?,true | false,"Order notes:
- Requested drop-off window: 8-10am
- Actual drop-off: left at the neighboring building's loading dock, not our address
- Cold items (yogurt, salmon) sat unrefrigerated roughly 4 hours before we located the bag",True,medium,,short,True,,
N07_020,N07,noul,Does the review mention a problem with shipping or delivery?,true | false,"Package arrived on the promised date, no issues there. The problem is the stitching along the left cuff, which came undone after two washes.",False,hard,negation,short,False,,
N07_021,N07,noul,Does the review mention a problem with shipping or delivery?,true | false,"The bonsai itself appears healthy, well-rooted and handsomely potted; regrettably, the courier left it at the address of a house three doors down, where it sat in direct sun for two days before the neighbor thought to inform me.",True,hard,distractor,short,True,,
N07_023,N07,noul,Does the review mention a problem with shipping or delivery?,true | false,"the earbuds sound fine but the left one just randomly disconnects every few minutes, super annoying ngl. def a hardware thing not me.",False,easy,,short,False,,
N07_024,N07,noul,Does the review mention a problem with shipping or delivery?,true | false,"I want to explain what happen with my winter coat order, is a little long story but I think important for other buyers to know. I order size L coat on 3 March, website say arrive in 5-7 days normally. First three days everything look normal, tracking say 'in transit.' Then tracking stop updating for entire week, no new scan, nothing. I email the company two times, they say wait few more days. On day 12 I check tracking again and now it say package is in different city, four hours drive from where I live, sitting at a sorting place. I do not understand why coat travel there when my address is not near that city at all. Day 15, tracking suddenly say 'out for delivery' but nothing come that day. Day 16 same message again, still nothing come to my door, I wait at home whole day for nothing. Finally on day 18 a driver from different courier company (not the one on original label) bring box to me, very confuse man, he say the label got attach to wrong truck at the hub. When I finally open the coat, it is exactly the color and size I want, very warm and good stitching, no problem with coat itself at all. But eighteen days for something that should take one week, plus wrong city, plus two days waiting for nothing, this was really frustrating experience and I almost cancel order before it come.",True,medium,,long,True,,
N07_025,N07,noul,Does the review mention a problem with shipping or delivery?,true | false,"I confess I very nearly cancelled this order altogether. The parcel, containing a replacement kettle element, was consigned to a courier who saw fit to leave it propped against next door's gate rather than my own, and there it remained, unbeknownst to either household, for the better part of a week until the neighbour's gardener discovered it while trimming the hedge.",True,medium,,medium,True,,
N07_026,N07,noul,Does the review mention a problem with shipping or delivery?,true | false,"bread was stale already, tasted like it sat on a shelf for a week, wont buy this brand again",False,easy,,short,False,,
N07_027,N07,noul,Does the review mention a problem with shipping or delivery?,true | false,"Can we just talk about how fast this got here?? Ordered on a Tuesday and it was on my porch by Thursday morning, super impressive turnaround! Unfortunately the actual toy robot doesn't hold up to the hype — the arm motor stalls out after about ten minutes of play and makes this awful grinding noise. Sent a video to support already. Speedy shipping, disappointing gadget.",False,hard,distractor,medium,False,,
N07_028,N07,noul,Does the review mention a problem with shipping or delivery?,true | false,"the charger cable work but only if i hold it at specific angle, otherwise it stop charging my phone, think the wire is bad inside.",False,medium,,short,False,,
N07_029,N07,noul,Does the review mention a problem with shipping or delivery?,true | false,"So this puzzle set looked adorable in the photos, and honestly the box art is still cute, but three of the pieces are warped just enough that they won't sit flush with the others, which is driving my daughter a little nuts. We've tried pressing them flat under some books for a few days and it's helped a tiny bit but not completely. Cute design, just wish the pieces themselves were made a bit sturdier.",False,medium,,medium,False,,
N07_030,N07,noul,Does the review mention a problem with shipping or delivery?,true | false,"The sound quality of these headphones exceeds anything I have previously owned; alas, the courier's own records show the parcel signed for at an address two streets from mine, and a fortnight passed before it was located.",True,hard,distractor,short,True,,
N07_032,N07,noul,Does the review mention a problem with shipping or delivery?,true | false,"No, before you ask, the box wasn't late, wasn't lost, didn't show up dented — it appeared right on the doorstep exactly when the app said it would, practically suspicious in its punctuality. The actual letdown was cracking open the crate to find half the avocados already brown and mushy inside, which I can only assume is a quality control problem on the packing end, not anything that happened en route.",False,hard,negation,medium,False,,
N07_033,N07,noul,Does the review mention a problem with shipping or delivery?,true | false,The paint on this action figure chips within a day of normal handling. Not durable enough for regular play.,False,easy,,short,False,,
N07_034,N07,noul,Does the review mention a problem with shipping or delivery?,true | false,"I must commend the punctuality of the delivery; the parcel appeared on my doorstep a full two days ahead of the estimated date, neatly packaged and entirely undamaged. My praise, however, ends there, for the radio itself emits a persistent hum whenever the volume exceeds half its range, a defect I am reliably informed stems from a poorly shielded internal component rather than any mishandling along the way.",False,hard,distractor,medium,False,,
N07_035,N07,noul,Does the review mention a problem with shipping or delivery?,true | false,"Concerns before ordering:
- Worried perishables might sit at a hub over the weekend
Actual outcome:
- Arrived next day as scheduled, all items still cold
- Only issue: the granola was slightly stale, likely close to its date",False,hard,hypothetical,short,False,,
N07_036,N07,noul,Does the review mention a problem with shipping or delivery?,true | false,"Nothing's wrong with the racket itself — strings taut, grip fine, frame straight. What's wrong is it sat in a regional depot two weeks while tracking cheerfully insisted 'out for delivery' daily.",True,hard,negation,short,True,,
N07_037,N07,noul,Does the review mention a problem with shipping or delivery?,true | false,"To be clear: the shipment was not delayed, not misrouted, and arrived within the originally quoted window. The defect is internal to the product — page 214 is printed upside down relative to the rest of the signature.",False,hard,negation,short,False,,
N07_038,N07,noul,Does the review mention a problem with shipping or delivery?,true | false,"Let me walk through the timeline in full, since I think it's relevant context: the order confirmation quoted an estimate of five business days, which felt reasonable for a paperback shipped domestically, and for the first four days the tracking updated normally, moving through two intermediate facilities as expected. On day five, however, the tracking simply stopped, no scans, no updates, nothing, and it stayed frozen in that state for an additional eleven days before a single new scan appeared showing the book had, for reasons never explained, been routed to a center in a different state entirely before finally correcting course and reaching my mailbox sixteen days after the original estimate.",True,medium,,medium,True,audit,
N07_040,N07,noul,Does the review mention a problem with shipping or delivery?,true | false,"Upon unwrapping the golf bag, I discovered the zipper pull already detached from its slider — clearly a manufacturing slip, given how flimsy the stitching around it looks.",False,medium,,short,False,,
N07_041,N07,noul,Does the review mention a problem with shipping or delivery?,true | false,"I regret to report that this order did not arrive within the fortnight originally promised. Indeed, three full weeks elapsed before anything appeared, and only after two telephone calls to the seller's office did the parcel finally turn up on my doorstep, rather battered along one corner as though it had been dropped from some height during its travels. The book inside was thankfully unharmed, but the whole affair tried my patience considerably.",True,easy,,medium,True,,
N07_043,N07,noul,Does the review mention a problem with shipping or delivery?,true | false,bro my dumbbells got lost for literally two weeks somewhere in transit and customer service kept giving me different answers every time i called lol.,True,easy,,short,True,,
N07_044,N07,noul,Does the review mention a problem with shipping or delivery?,true | false,"the resistance bands snapped the second time i used them, like barely any stretch and they just gave out, kinda sketchy quality tbh.",False,medium,,short,False,,
N07_045,N07,noul,Does the review mention a problem with shipping or delivery?,true | false,"So I scheduled this grocery order for a Saturday morning pickup window because that's the only time I have free between soccer practice and literally everything else, and instead the confirmation email I got an hour later said it had already been left on our porch overnight, except our porch camera shows nobody came by at all, so I spent half of Saturday on the phone trying to figure out where exactly our groceries actually went while my kids ate cereal for lunch because there was nothing else in the house.",True,medium,,medium,True,,
N07_046,N07,noul,Does the review mention a problem with shipping or delivery?,true | false,"ordered a case of sparkling water and it never showed up. tracking says delivered but theres nothing on my step, not even a dent in the grass where a box mightve sat. checked with neighbors on both sides and nobody has it either. this is the second time this month a package from this seller has just vanished like that.",True,easy,,medium,True,,
N07_047,N07,noul,Does the review mention a problem with shipping or delivery?,true | false,"So this is a bit of a saga, but bear with me because I think it's worth telling in full. My grandmother used to grow a fig tree in her backyard back in Ohio, and ever since she passed I've wanted one of my own, so when I finally found this listing I got a little sentimental about the whole thing and ordered it without thinking too hard about logistics. Big mistake, as it turns out. The tree was supposed to arrive within a week, which made sense to me since live plants shouldn't really sit around anywhere for long. Instead, the tracking page showed it sitting at an unnamed 'regional hub' for four days with zero movement, right in the middle of a heat wave, which had me picturing the poor thing basically baking inside a truck somewhere. When it finally did move again, the driver apparently couldn't find our unit number in the apartment complex and left it propped against the wrong building's fence, where it sat for almost two full days before a neighbor I've never even met knocked on my door holding it and asking if it was mine. By the time I actually got my hands on it, close to two weeks had passed since I placed the order, and the poor sapling looked stressed, with several yellowed leaves and soil that had clearly dried out completely at some point along the way. It's since perked up with some regular watering and a shadier spot on the balcony, so I think it'll pull through, but that whole business made me tear up a little, thinking about my grandmother's tree and how differently this one started its life with us.",True,easy,,long,True,,
N07_048,N07,noul,Does the review mention a problem with shipping or delivery?,true | false,"The remote control car's steering only responds to left turns; the right-turn function does not engage at all, regardless of battery charge or distance from the receiver. Both wheels on the right side appear correctly attached, so the fault seems to be in the internal circuit board rather than assembly.",False,medium,,medium,False,,
N07_049,N07,noul,Does the review mention a problem with shipping or delivery?,true | false,"my package got sent to some warehouse in the wrong state and then just sat there for like 10 days before anyone noticed, absolute mess.",True,easy,,short,True,,
N07_051,N07,noul,Does the review mention a problem with shipping or delivery?,true | false,"The recliner's footrest mechanism jams halfway through reclining. This is a manufacturing fault, not related to assembly.",False,easy,,short,False,,
N07_052,N07,noul,Does the review mention a problem with shipping or delivery?,true | false,"So I bought this dress for my cousin's wedding back in April — different wedding, long story, we have a lot of them in my family — and it's a gorgeous color in person, exactly like the swatch, but I noticed after about an hour of wear that the zipper on the side kept sliding down on its own no matter how I adjusted it, which was mortifying at the reception when my aunt had to help me fix it in the bathroom twice.",False,medium,,medium,False,audit,
N07_053,N07,noul,Does the review mention a problem with shipping or delivery?,true | false,"The toy kitchen set arrived nineteen days after the estimated delivery date. Tracking showed no movement for the first twelve days, then indicated the package had been rerouted through a facility in a neighboring state before finally reaching our address. Customer service could not explain the rerouting when contacted. The set itself was undamaged and complete once opened.",True,easy,,medium,True,,
N07_055,N07,noul,Does the review mention a problem with shipping or delivery?,true | false,"Let me start by saying the plant itself, near as I can tell from the sad state it arrived in, would probably have been gorgeous under normal circumstances — nothing wrong with the variety, nothing wrong with how it was potted at the nursery, no complaints there at all, and I want to be fair about that part. The trouble is everything that happened to it after it left the nursery and before it reached my hands. I'd ordered this calathea as a surprise for my roommate's birthday, timed carefully so it would show up the Thursday before her party on Saturday, giving us a nice buffer. Thursday came and went with no delivery. Friday, the tracking page cheerfully claimed it was 'out for delivery,' a phrase which apparently means nothing at all in this company's internal language, because nothing arrived that day either. I called Friday evening in something of a panic, and was told, unhelpfully, that the driver had 'run out of time' on the route and the plant would simply try again Monday. Monday came, the party a distant memory by then, and still nothing showed. It wasn't until Tuesday — five days after the original estimate, and three days after the event it was meant for — that a driver finally left the box on our step, at which point I discovered the leaves inside had gone limp and several had yellowed, almost certainly from sitting boxed up somewhere without light or water through an entire weekend of transit delays. So to be clear: no issue with the plant they selected, no issue with how it was packaged at the source. The entire disappointment traces back to a shipment that took nearly a week to travel what should have been an overnight hop across town.",True,hard,negation,long,True,,
N08_000,N08,noul,Is the user asking to talk to a human agent?,true | false,"okay so i called this same issue in on my last trip and the guy at check-in told me 'oh a representative will follow up with you by email about the seat mix-up,' but that never happened and my flight's in two days. so annoying. can someone from your team actually get on the phone with me and sort this booking out today, not another email that goes nowhere",True,hard,quoted,medium,True,,
N08_001,N08,noul,Is the user asking to talk to a human agent?,true | false,"Oh no need to loop in a human for this, I just want to double check my card's daily withdrawal limit real quick!",False,hard,negation,short,False,,
N08_002,N08,noul,Is the user asking to talk to a human agent?,true | false,"- Order #4482 never arrived and app shows delivered
- Please connect me with a support rep to sort this out",True,medium,,short,True,,
N08_003,N08,noul,Is the user asking to talk to a human agent?,true | false,"my wifi's been down since this morning and I've already restarted the router twice while getting my kids ready for school, so can you just put me through to a real person instead of more menus",True,easy,,short,True,,
N08_004,N08,noul,Is the user asking to talk to a human agent?,true | false,"I am reaching out regarding booking reference JQ-8823 for a flight departing this Friday at 7:40 AM from Terminal 2. Due to a family emergency, I need to change the travel dates, and the online modification tool will not let me proceed past the payment screen, returning an error each time. I have tried this on both my laptop and my phone, using two different browsers, with the same result every time. Given the urgency and the fact that my flight is in less than 48 hours, I would like to speak directly with a live customer service agent who can process this change manually, rather than continuing to troubleshoot the website on my own.",True,easy,,medium,True,,
N08_005,N08,noul,Is the user asking to talk to a human agent?,true | false,"Claim #7734 has been sitting in 'under review' for eleven days now, which I assume is insurance-speak for 'we forgot about it.' Before I start assuming the worst, could you just pull up the status and tell me what stage it's actually at? I'll hold my sarcasm until I hear back.",False,medium,,medium,False,,
N08_007,N08,noul,Is the user asking to talk to a human agent?,true | false,"the automated email said 'a specialist will call back within 24 hours' but that's already passed and my show still won't load — can you get a real person on this chat now, I've got three minutes before school pickup",True,hard,quoted,short,True,,
N08_008,N08,noul,Is the user asking to talk to a human agent?,true | false,"so my card got declined at the grocery store today even though I definitely have money in my account, and it's honestly kind of embarrassing lol. I checked the app and everything looks fine on my end, no alerts or anything weird. I tried the automated troubleshooting thing but it just told me to try again later which isn't helpful at all. can I please talk to an actual person about this because I need my card working before tonight",True,easy,,medium,True,,
N08_010,N08,noul,Is the user asking to talk to a human agent?,true | false,"So funny story — I switched my plan last month because my sister said the new one has more data, but now my bill looks nothing like what she described. Can you just tell me what's actually included in it?",False,medium,,short,False,,
N08_012,N08,noul,Is the user asking to talk to a human agent?,true | false,My card is showing pending charge for 45 dollars but I did not make this purchase yesterday. Can you tell me what is this charge for please.,False,medium,,short,False,,
N08_013,N08,noul,Is the user asking to talk to a human agent?,true | false,"the rep i talked to last week said 'we'll credit you within 48hrs' still nothing on my acct, can u check the credit status",False,hard,quoted,short,False,,
N08_014,N08,noul,Is the user asking to talk to a human agent?,true | false,Internet speed test shows 12 Mbps download against a plan rated for 200 Mbps. This has been consistent for four days across three different devices. I have already restarted the modem and router in the recommended order. Please check the line status on your end and advise on next steps.,False,medium,,medium,False,,
N08_015,N08,noul,Is the user asking to talk to a human agent?,true | false,"So we picked up the car in Denver and the GPS unit wasn't in the glovebox like the confirmation promised, which was annoying on mountain roads — anyway, can I get a refund for the add-on fee since we never got it?",False,easy,,short,False,,
N08_016,N08,noul,Is the user asking to talk to a human agent?,true | false,"order never showed up and the app just says delivered, need to actually talk to someone about a refund not another automated message",True,medium,,short,True,,
N08_017,N08,noul,Is the user asking to talk to a human agent?,true | false,Fourth time this month my 'unlimited' data has magically run out by the fifteenth. I'd love to hear a real explanation from an actual person instead of another canned message about fair usage policies.,True,medium,,short,True,,
N08_018,N08,noul,Is the user asking to talk to a human agent?,true | false,"I'm standing at the rental counter with two kids melting down in the heat and the reservation isn't in the system at all, so I need someone from your team on the phone with the desk agent right now.",True,medium,,short,True,,
N08_019,N08,noul,Is the user asking to talk to a human agent?,true | false,"order arrived cold and missing the drink i paid for, want a partial refund",False,easy,,short,False,,
N08_020,N08,noul,Is the user asking to talk to a human agent?,true | false,"The car has big scratch on door that was already there before I take it, but website charge me for damage. Please, I need to speak with someone who can remove this charge because I am very worry.",True,easy,,short,True,,
N08_021,N08,noul,Is the user asking to talk to a human agent?,true | false,"We ended up returning the car a day early because our trip got cut short by weather. I remember the guy at pickup saying something about a possible partial refund for unused days, though I might be misremembering the exact policy. Anyway, I dug through my email and can't find anything about how that refund process actually works. Could you walk me through how the early-return credit is calculated?",False,medium,,medium,False,,
N08_022,N08,noul,Is the user asking to talk to a human agent?,true | false,"- Modem shows solid green light but no internet connection since 6pm
- Already tried restart and factory reset twice
- Please advise what the outage map shows for zip code 30301 and when service should resume",False,easy,,medium,False,,
N08_023,N08,noul,Is the user asking to talk to a human agent?,true | false,"Hi there! I've restarted the app, cleared the cache, and tried three different devices, and the same error still pops up every single time I try to watch anything. Honestly at this point I think I need someone on your end who can actually look at my account directly, not another set of troubleshooting steps. Is that possible right now?",True,hard,implicit,medium,True,queue,
N08_024,N08,noul,Is the user asking to talk to a human agent?,true | false,"my data keeps cutting off before the billing cycle ends though the app shows twenty gigs left, and between school pickup and dinner I haven't had time to deal with this — just need to know why the numbers don't match",False,easy,,short,False,audit,
N08_025,N08,noul,Is the user asking to talk to a human agent?,true | false,"the app keeps crashing every time I try to watch anything and the help articles aren't fixing it lol, can I just get transferred to an actual person already",True,easy,,short,True,audit,
N08_026,N08,noul,Is the user asking to talk to a human agent?,true | false,the kids profile keeps switching back to the adult one on its own every time I open the app which is annoying during bedtime so can you just tell me if there's a setting I'm missing,False,medium,,short,False,,
N08_027,N08,noul,Is the user asking to talk to a human agent?,true | false,"claim status still says pending since last tuesday, wut does that actually mean",False,easy,,short,False,,
N08_028,N08,noul,Is the user asking to talk to a human agent?,true | false,I have noticed that my monthly statement now reflects a higher amount than what I originally agreed to when I subscribed. Could you kindly clarify the reason for this increase?,False,medium,,short,False,,
N08_029,N08,noul,Is the user asking to talk to a human agent?,true | false,"lol no need to put me through to an actual person, just tell me if the outage in my area is fixed yet",False,hard,negation,short,False,,
N08_030,N08,noul,Is the user asking to talk to a human agent?,true | false,nah don't transfer me to an agent lol just need to know if seat selection is free on my flight,False,hard,negation,short,False,,
N08_031,N08,noul,Is the user asking to talk to a human agent?,true | false,I've read the same three FAQ pages twice now and none of them explain why my payout got cut in half. At this point I'd rather hear it from an actual adjuster than another article link.,True,medium,,short,True,,
N08_032,N08,noul,Is the user asking to talk to a human agent?,true | false,The car I received have smell of smoke inside and this was not what I book. I want refund for the cleaning fee please.,False,hard,implicit,short,False,,
N08_033,N08,noul,Is the user asking to talk to a human agent?,true | false,I have attempted to resolve this matter through your online portal on several occasions without success. I would be most grateful if you could arrange for a representative to contact me directly.,True,medium,,short,True,,
N08_034,N08,noul,Is the user asking to talk to a human agent?,true | false,"Yesterday the agent at the counter told me 'you can extend online anytime,' but when I try online it just shows an error message — can you fix this error please?",False,hard,quoted,short,False,,
N08_035,N08,noul,Is the user asking to talk to a human agent?,true | false,"I placed an order this evening for two combo meals and a side salad, and when the delivery arrived about fifty minutes later than the estimated time, the bag was missing the side salad entirely and one of the drinks had spilled inside the packaging, soaking through part of the receipt. I've attached photos of the spill for reference. I would like a refund for the missing item and the drink, and if possible some credit toward the delay as well, since this has happened twice in the past month with the same restaurant.",False,easy,,medium,False,,
N08_036,N08,noul,Is the user asking to talk to a human agent?,true | false,"card got locked after i typed wrong pin twice at the atm yesterday, tried unlocking it thru the app settings but the option is greyed out for some reason. checked my email for any security alert but didnt get one. how long does the lock usually last before it clears on its own",False,medium,,medium,False,,
N08_038,N08,noul,Is the user asking to talk to a human agent?,true | false,"Booking ref DL-2291, economy seat 14C. Requesting confirmation of baggage allowance for international connection in Frankfurt.",False,medium,,short,False,,
N08_039,N08,noul,Is the user asking to talk to a human agent?,true | false,"I've now been redirected through four different menu options for a card dispute that started as a simple duplicate charge. Each one loops back to the same 'we're looking into it' message. At this point I'd like to actually speak with whoever handles disputes directly, since the automated system seems to be going in circles.",True,medium,,medium,True,,
N08_041,N08,noul,Is the user asking to talk to a human agent?,true | false,"my flight got cancelled and the rebooking tool keeps giving me flights that dont work with my schedule at all, need to talk to a real agent asap",True,easy,,short,True,,
N08_042,N08,noul,Is the user asking to talk to a human agent?,true | false,I am trying to activate my new card since three days but the app give me error every time saying 'card number not recognized.' I already check the number many time and it is correct like on the card. I try also on the website but is same problem. Can you tell me why this is happening and how I can fix by myself.,False,easy,,medium,False,,
N08_043,N08,noul,Is the user asking to talk to a human agent?,true | false,"Hey! I've been a subscriber for like three years now and I've never had this billing issue before, so I'd love to just chat with someone on your team who can look at my account history directly, if that's possible!",True,medium,,short,True,,
N08_044,N08,noul,Is the user asking to talk to a human agent?,true | false,"I don't have time to keep explaining this claim to a chatbot, so please just connect me with an actual adjuster on the phone.",True,hard,negation,short,True,,
N08_045,N08,noul,Is the user asking to talk to a human agent?,true | false,"Hi! My delivery driver seems to be lost and has been circling my block for ten minutes according to the tracker, would it be possible to get a real person on the phone to help redirect them?",True,easy,,short,True,,
N08_047,N08,noul,Is the user asking to talk to a human agent?,true | false,"I'm not interested in resetting my password again through this menu, I just need to talk to a real person about my bill before my lunch break ends.",True,hard,negation,short,True,,
N08_048,N08,noul,Is the user asking to talk to a human agent?,true | false,"Traceroute shows packet loss beginning at hop 4, consistent with an upstream routing issue rather than in-home hardware. Requesting confirmation of whether this segment is currently flagged for maintenance.",False,medium,,short,False,,
N08_049,N08,noul,Is the user asking to talk to a human agent?,true | false,"I want to give you the full picture on booking reference AB-4471. I originally reserved a window seat for the 6:15am departure and got a confirmation email, but twenty minutes later a second email showed my seat reassigned to a middle seat in the back row, with no explanation anywhere in the system. I've already run through the automated seat-change flow twice, and it just loops back to the same three menu options, none of which cover a booking that was altered without my consent. At this point I'd like this looked into by someone who actually has access to the reservation system and can correct it manually, since the automated tools clearly aren't built for this kind of change.",True,hard,implicit,medium,True,queue,
N08_050,N08,noul,Is the user asking to talk to a human agent?,true | false,"Fantastic, my 'hot' pizza arrived at room temperature and forty minutes late. Just process the refund and I'll go microwave my sadness.",False,hard,implicit,short,False,,
N08_051,N08,noul,Is the user asking to talk to a human agent?,true | false,"Three chatbot loops later and I still don't know why my claim was denied. I'd like an actual adjuster to explain the reasoning, preferably in words that aren't copy-pasted from a policy PDF.",True,medium,,short,True,,
N08_052,N08,noul,Is the user asking to talk to a human agent?,true | false,"I have been a customer of your company for over fifteen years and have always found the service satisfactory. However, I recently noticed an unfamiliar charge of $12.99 labeled 'premium add-on' on my most recent statement, which I do not recall authorizing. Would you kindly explain what this charge pertains to and how it may have been added to my account?",False,easy,,medium,False,,
N08_053,N08,noul,Is the user asking to talk to a human agent?,true | false,"Your online chat earlier told me 'this will be escalated to a technician who will call you back,' but that call never came and the packet loss on my line is still at 40% during peak hours. I have already power-cycled the modem four times and tested across two separate routers with the same result. Given the automated diagnostics clearly aren't equipped to interpret this data, I need to be connected directly with a network engineer who can review the packet capture, not another promised callback.",True,hard,quoted,medium,True,audit,
N08_054,N08,noul,Is the user asking to talk to a human agent?,true | false,"The rental extension request was submitted through the app three separate times and each attempt returned a generic error with no explanation. Support articles for this error code do not exist in the help center. This is no longer something the self-service tools can resolve, since the booking system itself appears to be rejecting the change. I need a representative who can manually override the extension on the reservation before the current rental period ends this afternoon. Please transfer this to someone with that access now.",True,hard,negation,medium,True,,
N08_055,N08,noul,Is the user asking to talk to a human agent?,true | false,"I am calling because my phone plan was changed without my permission last week, and now I am paying more money for less data than before. I try to fix this in the app three time but nothing change. This is very important for me because I need my phone for my job, so please, I want to talk with a real person who can change it back today.",True,easy,,medium,True,,
N09_000,N09,noul,Do these meeting notes assign a specific task to a specific person?,true | false,"ok so quick recap of today's website redesign call lol. we hopped on around 2pm and it went kind of long lolol. first we talked about the color palette again (still not 100% locked in, ppl have Opinions about the blue). then we pulled up the old site and compared it to the new wireframes, which look SO much better ngl. dara showed the nav bar concept and everyone was into it. we also talked abt whether to keep the newsletter popup (jury's still out, gonna revisit next week). then marcus brought up hosting costs which. fine i guess. we spent like 15 min debating fonts too, rocket science over here lmaooo.

anyway the important part: jamie is going to build out the new homepage mockup and get it uploaded to the shared drive by this friday so we can all review it before next week's call. jamie literally said she'd have it up by friday, no doubt about it, so that's locked in.

after that we just kind of chatted about random stuff, someone's cat walked across the camera, dara left early bc of a dentist appt. we agreed to circle back on the popup thing and the fonts next time. overall decent meeting, feeling good about where the redesign is headed. next call is tuesday same time i think? someone check the calendar invite lol.",True,easy,,long,True,,
N09_001,N09,noul,Do these meeting notes assign a specific task to a specific person?,true | false,"- Fundraiser update
- Raffle: 3 more prize donors still needed
- Priya: printing 200 tickets tonight, drop-off at venue 8am tomorrow",True,hard,implicit,short,True,,
N09_002,N09,noul,Do these meeting notes assign a specific task to a specific person?,true | false,Hey team! Quick note - Sofia's going to run the pilot survey with the first 50 participants and have the results ready for us by next Wednesday. Great progress today!,True,easy,,short,True,,
N09_003,N09,noul,Do these meeting notes assign a specific task to a specific person?,true | false,"Mr. Whitfield mentioned that he intends to have the launch invitations posted to the printer no later than Tuesday next, so that the mailing may proceed on schedule.",True,medium,,short,True,,
N09_004,N09,noul,Do these meeting notes assign a specific task to a specific person?,true | false,"Mrs. Alcott wondered aloud whether someone might see to the bunting for the fete, though no one came forward, and the matter was left to be decided at our next gathering.",False,hard,near_miss,short,False,audit,
N09_005,N09,noul,Do these meeting notes assign a specific task to a specific person?,true | false,"There was a good deal of discussion as to who might compile the literature review, and in the end Professor Hale settled the matter by agreeing to have it finished by the fifteenth.",True,hard,near_miss,short,True,,
N09_006,N09,noul,Do these meeting notes assign a specific task to a specific person?,true | false,"Minutes of the Website Committee, Tuesday last.

We convened at half past ten in the small parlour off the library, as the main hall was engaged by the garden society. Mr. Pemberton began, as is his custom, with a lengthy account of the committee's founding some eleven years ago, when the original site was little more than a single page listing the society's opening hours. Mrs. Fenwick recalled that the old typewriter font was much admired in its day, though she confessed she had never much cared for the shade of green used on the banner. There followed a discussion of the tearoom's new hours, which, while pleasant, bore no relation whatsoever to the matter at hand, and Mr. Pemberton gently steered us back to the agenda after some ten minutes.

On the subject of the website itself, several photographs were reviewed and much admired, particularly those of the autumn fete. It was agreed that the navigation menu ought to be simplified, though it was not settled who might undertake the task, and the committee resolved to give the matter further thought before our next assembly. Mrs. Fenwick then raised the question of whether biscuits ought to be served at future meetings, a proposal which received warm, if somewhat prolonged, support. Mr. Pemberton closed by reminding everyone of the church fair on Saturday, quite unconnected to our business, and the meeting was adjourned at noon with no further resolutions of substance.",False,hard,long_irrelevant,long,False,,
N09_007,N09,noul,Do these meeting notes assign a specific task to a specific person?,true | false,We talk about school fair today. Everyone agree is good idea but nobody say who will do the food table.,False,easy,,short,False,,
N09_008,N09,noul,Do these meeting notes assign a specific task to a specific person?,true | false,"ok so quick brain dump before I forget because pickup is in 20 minutes - we met about the office move this morning and it was a lot, everyone talking over each other about which floor gets the good windows and honestly I don't even care at this point I just want boxes labeled correctly lol, anyway Denise brought sample floor plans and we spent forever comparing the third floor layout to the current one which whatever, and then there was a whole tangent about parking spots downstairs because apparently there's only 40 spots for like 60 people and nobody has an answer for that yet so that's still up in the air, and Marcus kept bringing up the coffee machine situation which fine, valid, but not really the point of the meeting - the one thing that actually got decided is that Renee is pulling together the packing checklist tonight and getting it out to everyone's inbox before she picks up her kids tomorrow morning, she said she'd have it done by seven am so we can start packing our own desks this weekend, which honestly is a relief because I was worried nobody would just DO the checklist thing, and then we ran out of time to talk about the moving company quotes so that's getting pushed to next week's call, and someone, not totally sure who, is supposed to look into insurance for the move but nobody's actually said they'd do it yet, anyway gotta run, more later.",True,medium,,long,True,,
N09_009,N09,noul,Do these meeting notes assign a specific task to a specific person?,true | false,"Fundraiser meeting number four, or is it five? I've lost count, much like our sense of urgency. We spent the first twenty minutes marveling at how last year's bake sale outperformed this year's raffle by a wide margin, a fact everyone found fascinating and no one found actionable. Gerald pointed out, correctly, that we still don't have a venue, to which the room responded with the kind of thoughtful silence usually reserved for moments of prayer. Someone suggested we circle back on the venue question, a phrase I'm fairly sure has appeared in every meeting since March. We then debated, at surprising length, whether the raffle prizes should include a gift basket or a gift card, landing on neither, because apparently a decision requires more data. Priya mentioned she might reach out to the printing company about banners, though she was careful to add she couldn't promise anything given her schedule, which I respect as refreshingly honest even if it leaves us exactly where we started. There was general agreement that ticket sales need to pick up, and equally general agreement that this is, in fact, someone else's problem. We also spent a solid ten minutes on whether the event should be called a gala or a social, which I personally do not think will move a single ticket. By the end, the whiteboard had several arrows pointing at each other and not one name next to a checkbox. We'll reconvene next week to discuss, presumably, all of the same things.",False,medium,,long,False,queue,
N09_010,N09,noul,Do these meeting notes assign a specific task to a specific person?,true | false,"Hey all, great energy in today's launch call! We talked through the messaging options for the landing page and everyone seemed to like option B best. We also went back and forth on whether to push the date by a week - still TBD, need more input. A few people said they could help with social media copy if needed, so we'll see who ends up picking that up. Overall feeling good about where things stand, more updates soon!",False,medium,,medium,False,,
N09_011,N09,noul,Do these meeting notes assign a specific task to a specific person?,true | false,Today we discuss the new website colors. Many people give opinion but no one decide who make the final choice.,False,easy,,short,False,,
N09_012,N09,noul,Do these meeting notes assign a specific task to a specific person?,true | false,Move update: Tomas confirmed the new lease and will coordinate the moving truck booking by Wednesday.,True,medium,,short,True,,
N09_013,N09,noul,Do these meeting notes assign a specific task to a specific person?,true | false,"- Ward 4B staffing review completed, no major gaps found
- Agreed to update the shift rota template going forward
- Nurse Okafor will finalize the December rota and post it on the board by Friday
- Supply cabinet restock discussed, no changes needed this month
- Next huddle scheduled for Monday 8am",True,medium,,medium,True,,
N09_016,N09,noul,Do these meeting notes assign a specific task to a specific person?,true | false,"Reminded me of my own hospital stay a few years back, funny how these ward meetings bring that up. Anyway, good discussion on visiting hours today, nothing changed there. The main thing is Dr. Kwame is going to update the medication chart templates and have the new versions ready for the ward by Monday. Everyone seemed relieved about that one, it's been overdue for a while. We'll check in on it at the next huddle.",True,easy,,medium,True,,
N09_017,N09,noul,Do these meeting notes assign a specific task to a specific person?,true | false,"ok notes from teh school event meeting. long one sry.

got there late, traffic was bad on main st again they really need to fix that light. anyway missed the first few mins but caught up. we talked about parking for the fall festival, apparently the lot behind the gym is getting resurfaced so thats a no go this year, gonna have to use the church lot across the street instead. spent like 20 min on that alone. then somebody brought up the popcorn machine from last year, it broke halfway thru the event and everyone had opinions on whos fault that was lol not naming names but we all no who left it in the rain. also talked about weather backup plan, if it rains we move indoors to the cafeteria, thats settled i guess.

anyway middle of all that, teacher mrs jenkins said she'll print the raffle tickets herself this weekend and drop a box of them off at the front office monday morning so the pta can start selling tuesday. good, one less thing to worry abt.

after that we just kept talking about random stuff, someone's kid got into some college and everyone congratulated them for like 10 mins, then we talked about whether to do a photo booth again (yes probably) and whether the DJ from last year is available (no idea, gotta check). meeting ran way over, ppl started packing up bags halfway thru the last topic. gonna follow up on the dj thing i guess whenever. ok thats it i think, more next week probably.",True,hard,long_irrelevant,long,True,,
N09_018,N09,noul,Do these meeting notes assign a specific task to a specific person?,true | false,Follow-up: Coach Reyes will submit the updated roster to the league office by Thursday at 5 PM.,True,easy,,short,True,,
N09_019,N09,noul,Do these meeting notes assign a specific task to a specific person?,true | false,"Dr. Whitmore offered a detailed analysis of the overnight staffing shortage, yet stopped short of agreeing to revise the roster himself, leaving the matter open for further discussion next week.",False,hard,near_miss,short,False,,
N09_020,N09,noul,Do these meeting notes assign a specific task to a specific person?,true | false,"Minutes of the Research Committee, convened in the small seminar room at four o'clock, the large hall being unavailable owing to the examinations taking place upstairs.

Professor Ainsworth opened proceedings with a rather extended reflection on the history of the department's funding, tracing matters back some twenty years to a grant of which none of us present had any memory, though it was, by all accounts, a formative episode. Dr. Voss then recounted, in considerable and not entirely relevant detail, her recent conference travels, including a delayed flight and a memorable disagreement with a hotel concierge, which occasioned some laughter but little else. We proceeded, eventually, to the matter of the literature review, a subject that had been tabled at the previous two meetings without resolution.

It was observed, again, that the review remains unfinished, and there was some discussion as to whether it ought to be divided among several members or undertaken by one, though no conclusion was reached and the question was, once more, deferred to a future date. Dr. Voss suggested that perhaps a graduate student might be enlisted, a notion that was received favourably in principle but pursued no further.

The remainder of the meeting was given over to a discussion of the seminar room's poor heating, a topic on which Professor Ainsworth held strong views, and a brief, entirely tangential exchange regarding the retirement of a colleague in the adjoining department. The meeting was adjourned at half past five, with the literature review, as ever, unresolved.",False,hard,long_irrelevant,long,False,,
N09_022,N09,noul,Do these meeting notes assign a specific task to a specific person?,true | false,"Uniform order: Devon is placing it with the supplier tonight, expects delivery before the first match.",True,medium,,short,True,audit,
N09_023,N09,noul,Do these meeting notes assign a specific task to a specific person?,true | false,"You know, this whole meeting reminded me of when I used to help run the county fair back when my kids were little, same kind of energy, everyone talking at once and somehow it all comes together in the end. So we got started a little late because half the room was still finishing coffee, typical Monday. First thing was just catching up, how everyone's weekend went, someone's dog had puppies, that kind of thing, nice but not exactly agenda items. Then we moved into the actual school event planning, this year's spring showcase, and there was a good bit of back and forth about whether to keep it outdoors given how unpredictable the weather's been the last couple springs, remember two years ago when it poured right in the middle of the ceremony and everyone had to cram into the gym last minute, what a scene that was. We eventually agreed to keep it outdoors but have the gym on standby just in case, sensible enough.

Then, and this is the important part, Mrs. Alvarez said she would personally handle booking the sound equipment this week and confirm everything with the vendor by Friday, so we don't run into the mic issues from last year where half the speeches couldn't be heard past the third row. Good to have that locked down early for once.

After that we just kind of drifted, talked about the food trucks, whether the same taco place should come back (general yes), and someone brought up parking again which, honestly, comes up every single year and never really gets solved. We wrapped up without much else decided, but at least the sound thing is handled, which is honestly the part that always goes wrong.",True,easy,,long,True,,
N09_024,N09,noul,Do these meeting notes assign a specific task to a specific person?,true | false,"Fundraiser venue still undecided. Board reviewing three options, decision expected next meeting.",False,medium,,short,False,,
N09_026,N09,noul,Do these meeting notes assign a specific task to a specific person?,true | false,"Hi everyone, hope you're doing well! Had a really productive-feeling website redesign chat today, even though looking back we didn't nail down as much as it felt like in the moment, ha. We started by looking at three different homepage layouts that the design team put together, and honestly people were pretty split - some loved the minimalist one, others really wanted more color and personality on the landing page. We went back and forth for a good while on that without really settling anything, which is fine, these things take time!

We also talked about the blog section and whether it needs a full redesign or just some light styling updates, and the general vibe was let's not overthink it, though nothing got decided in terms of next steps there either. There was a fun tangent about whether we should add a dark mode option, which most people seemed excited about in theory, but again, just an idea floating around for now, nothing locked in.

Budget came up briefly too - we're still waiting to hear back on the quote from the agency, so that's kind of on pause until we have numbers. A couple of people mentioned they could maybe help mock up alternate color schemes if there's time this week, which would be great if it happens!

Overall a good conversation, lots of energy, just need to actually turn some of this into next steps at some point. Let's regroup next week and see where things land. Thanks all, have a great rest of your day!",False,medium,,long,False,,
N09_027,N09,noul,Do these meeting notes assign a specific task to a specific person?,true | false,"quick note before I forget, we talked about whether to add a second practice day but didn't decide anything yet, gotta run pickup is in five minutes.",False,medium,,short,False,,
N09_028,N09,noul,Do these meeting notes assign a specific task to a specific person?,true | false,"Funny, this ward meeting always makes me think back to when I was training, decades ago now, completely different pace back then. Anyway, we started today going over the usual, bed occupancy numbers, nothing alarming there, holding steady around 85%. Then there was a bit of a tangent about the new coffee machine in the staff room, half the team loves it, the other half says it's too loud, harmless debate but ate up a good ten minutes.

We got into the real business after that, discussing the medication error last week, not blaming anyone, just trying to understand how it happened, lots of discussion about the labeling system and whether it needs an overhaul, general agreement that something should change eventually but that's a bigger conversation for another day.

Then, and this is the part I want everyone to remember, Nurse Delgado said she'll redesign the medication label template this week and have a draft ready for the team to review by Wednesday morning, before the next shift change. That's the concrete thing coming out of today, finally something with an actual owner and a date attached, which honestly is a relief after a few meetings of just talking in circles about the labeling issue.

After that we drifted back into smaller stuff, someone mentioned the parking garage repaving starting next month, a few groans about that, and then we wrapped up early because the ward got busy again, as it always does right at the end of these meetings. Good session overall, feels like we're actually making progress on the labeling thing now.",True,easy,,long,True,,
N09_029,N09,noul,Do these meeting notes assign a specific task to a specific person?,true | false,"Ward meeting number who-knows-what, same conference room that's always either freezing or a sauna, today it was sauna. We opened with the usual ritual of everyone pretending to remember what was decided last time, nobody did. Fifteen minutes were devoted to the vending machine, which apparently now charges more for the same granola bars, a genuine outrage according to at least three people. I have never seen a room this animated about snack pricing.

Eventually we moved to actual ward business. Bed turnover numbers were presented, mildly encouraging, mildly ignored. There was a long tangent about the new elevator being slower than the old one, which somehow turned into a debate about whether elevators have gotten worse in general as a category, a discussion I did not know I needed to sit through.

Buried somewhere in there, Dr. Achebe mentioned, almost as an aside, that she's rewriting the discharge checklist tonight and will have copies at the nurses' station by tomorrow's morning shift, so we can finally stop using the version with the typo that's been bothering everyone since March. Nobody reacted much, which is on-brand for this group, but that's genuinely the most concrete thing said all meeting.

After that we circled back to lighter fare: someone's theory about why the ice machine keeps breaking, a lengthy and entirely unresolved debate about optimal break-room seating arrangements, and a closing reminder about the holiday potluck sign-up sheet, which, statistically, half of us will forget about anyway. Meeting adjourned at the usual time, give or take, because someone's pager kept going off in the background.",True,hard,long_irrelevant,long,True,,
N09_030,N09,noul,Do these meeting notes assign a specific task to a specific person?,true | false,"Reviewed preliminary data today. Sample size remains below target, and no clear plan has been set to address it. We discussed possibly recruiting through the community board, but nothing was finalized. A few other recruitment channels were floated, university mailing list, local clinics, none confirmed. Next meeting in two weeks to revisit recruitment numbers and decide on an approach.",False,easy,,medium,False,,
N09_031,N09,noul,Do these meeting notes assign a specific task to a specific person?,true | false,"Ward meeting achieved its usual output: nothing. We spent a while discussing whether the new bed tracking software is actually better or just different, jury's still out. Someone floated the idea of a refresher training session, which everyone agreed sounded important, a word that in this room means will not happen soon. No decisions made, no one signed up for anything. See you all next week, same time, probably same result.",False,easy,,medium,False,,
N09_032,N09,noul,Do these meeting notes assign a specific task to a specific person?,true | false,"reminds me of my own move last year, total mess - anyway we just talked packing timeline today, nothing locked in yet, someone should probably start a checklist at some point.",False,medium,,short,False,,
N09_033,N09,noul,Do these meeting notes assign a specific task to a specific person?,true | false,"The product launch meeting convened at ten o'clock and proceeded, as these meetings often do, through an extensive and thorough review of nearly every dimension of the upcoming release, without, I should note at the outset, arriving at any firm allocation of responsibility to any single individual for any of the tasks discussed. We began with a comprehensive walkthrough of the marketing timeline, examining in considerable detail the proposed sequence of email announcements, social media teasers, and the press release draft, each of which was discussed at length regarding tone, timing, and target audience segmentation.

Considerable time was then devoted to the question of pricing tiers, with several models presented, compared, and debated across a range of scenarios involving discounting, bundling, and regional variation, though ultimately the group concluded that further modeling would be required before any tier structure could be finalized, and this further modeling was left as an open, generally acknowledged need rather than something any particular person agreed to carry out.

We also spent a meaningful portion of the meeting reviewing customer feedback from the beta program, which was, on the whole, encouraging, with a handful of specific concerns raised about onboarding friction that the group agreed merited further attention at some unspecified future point. The technical readiness checklist was reviewed line by line, and while most items were marked complete, two remained outstanding, with the group simply noting that these would need to be resolved before launch, without specifying by whom or by when.

The meeting concluded with a general sense of progress, tempered by the acknowledgment that several open items remain, none of which were formally handed to anyone in particular before adjournment.",False,easy,,long,False,,
N09_034,N09,noul,Do these meeting notes assign a specific task to a specific person?,true | false,"We discussed the removal firm's quotation at some length, but no one was asked to take the matter further before our next meeting.",False,easy,,short,False,,
N09_035,N09,noul,Do these meeting notes assign a specific task to a specific person?,true | false,"This ward meeting took me right back to my early days on nights, completely different world back then, we didn't even have half this equipment. Anyway we started off catching up, someone's transfer to the day shift finally got approved after months of paperwork, good for them honestly. Then there was a whole conversation about the new scrub color, apparently procurement switched suppliers and the green is more of a teal now according to at least four different opinions, genuinely took up more time than I expected.

We eventually got to the actual agenda. Discharge delays were brought up again, same conversation as last month really, general agreement that the paperwork process is too slow, lots of nodding, no real movement. Someone mentioned that maybe the intake form could be shortened, and there was some interest in that idea, people saying things like that could really help and worth looking into, but nothing beyond that, no one stepped up to actually draft anything or take it further, just sort of hung there as a nice idea.

Then we drifted into a long tangent about the cafeteria menu changes, half the ward apparently upset about the removal of the soup option, which, fair, the soup was good. Somebody told a story about a patient from years ago who requested soup every single day, which got a good laugh. We wrapped up with a reminder about flu shot scheduling for staff and a note that the supply closet needs reorganizing eventually, though again, no one in particular took that on. Meeting ended a few minutes early for once, which nobody complained about.",False,hard,long_irrelevant,long,False,,
N09_036,N09,noul,Do these meeting notes assign a specific task to a specific person?,true | false,"Today we talk about fundraiser again. Many good ideas but not many decide. One thing is clear: Mr. Tanaka say he will call the printing shop tomorrow morning and order the banners, so this is done already almost. Other things like food table still not decide, we talk more next time.",True,medium,,medium,True,,
N09_037,N09,noul,Do these meeting notes assign a specific task to a specific person?,true | false,"Another fundraiser meeting, another hour I won't get back. We debated three different venue options with the enthusiasm of people choosing a root canal, landed on none of them. Somebody suggested a raffle, somebody else suggested a silent auction, both were met with the same noncommittal maybe. No volunteers, no deadlines, no decisions, just a shared understanding that we'll discuss it more next time, whenever that is.",False,easy,,medium,False,audit,
N09_038,N09,noul,Do these meeting notes assign a specific task to a specific person?,true | false,"Minutes of the School Event Committee, held in the assembly hall following the half-term break.

The meeting opened with a brief review of last term's spring concert, which was judged, on the whole, a success, notwithstanding some grumbling about the seating arrangement, a matter Mrs. Pemberton assured us had already been noted for improvement in future. We then turned to the matter of this term's summer fete, which occupied the greater part of the discussion.

Considerable time was spent debating the placement of the stalls, with Mr. Ashworth favouring the western lawn and Mrs. Doyle the courtyard, on account of the shade afforded by the old oak. No firm decision was reached on this point, and it was agreed the matter would be settled by whoever arrived first to inspect the ground on the morning in question, a solution that satisfied no one entirely but was accepted for want of a better one.

The question of refreshments was raised, and here I am pleased to report some progress: Mrs. Doyle, having already made informal enquiries of the tea committee, undertook to finalise the order for cakes and lemonade with the usual suppliers before the end of the week, so that the matter need not detain us further at future meetings.

We also discussed, at rather greater length than was strictly necessary, the merits of bunting versus paper lanterns for decoration, a debate which Mr. Ashworth conducted with more passion than the subject perhaps warranted. The treasurer gave a brief report on ticket sales, encouraging thus far, and the meeting was adjourned shortly before four, with the stall placement question left, as noted, unresolved.",True,medium,,long,True,,
N09_039,N09,noul,Do these meeting notes assign a specific task to a specific person?,true | false,"Equipment procurement: Raj is submitting the purchase order for new nets today, ETA two weeks.",True,medium,,short,True,,
N09_040,N09,noul,Do these meeting notes assign a specific task to a specific person?,true | false,Move meeting update: we now have four opinions on box label colors and zero decisions on literally anything else.,False,medium,,short,False,,
N09_041,N09,noul,Do these meeting notes assign a specific task to a specific person?,true | false,"Office Move - Planning Session 6

Attendees: 8 of 10 core team members.

Topics covered:
- Reviewed floor plan v3 for the new building. General approval, minor concerns about the shared kitchen size raised by two attendees, no changes made yet.
- Discussed moving date options: either the second or third weekend of next month. No final decision, waiting on building management confirmation for both dates.
- IT infrastructure: reviewed cabling requirements for the new floor. Vendor quote still pending, nothing to report beyond that.
- Signage and way-finding: browsed a few sample designs, general preference for the minimal option, still no plan for that one.
- Parking allocation: ongoing discussion, current proposal is first-come-first-served, some pushback from the sales team, tabled for further discussion.

Key update:
- Priya has already contacted the moving company and is finalizing the contract this week, with signature expected before Friday, so that the truck can be booked for whichever weekend gets confirmed.

Other notes:
- Snack budget for the move day was raised as a lighthearted aside, no changes made, mostly just people expressing strong opinions about which vending machine snacks should make the move.
- Old furniture disposal: still deciding between donation and resale, leaning donation, not finalized.
- Reminder sent about updating mailing addresses once the move date is locked.

Next session: same time next week, hoping to finalize the moving date and the parking policy by then.",True,medium,,long,True,,
N09_042,N09,noul,Do these meeting notes assign a specific task to a specific person?,true | false,Research meeting achieved peak efficiency today: we discussed the budget shortfall for forty minutes and solved absolutely none of it.,False,medium,,short,False,,
N09_043,N09,noul,Do these meeting notes assign a specific task to a specific person?,true | false,"This one reminded me of my old college team meetings, same energy honestly. We talked about whether to switch training grounds, went back and forth for a while, no real conclusion. Someone brought up needing new cones and bibs for practice, general agreement we're low on supplies, but nobody actually said they'd order anything. Wrapped up early since half the group had to get to work.",False,medium,,medium,False,,
N09_045,N09,noul,Do these meeting notes assign a specific task to a specific person?,true | false,"Website Redesign - Sync #9

Attendees: Full team present except Marcus (out sick).

Agenda review:
- Homepage hero section: reviewed three variants, leaning toward variant C, not finalized.
- Mobile navigation: ongoing debate about hamburger menu vs. bottom tab bar, revisit next week with more mockups.
- Color contrast accessibility check: flagged as needing review, not yet clear who will look into that.
- Blog template: general agreement it needs updating eventually, low priority for now.

Update from Lena:
- Lena has finished restructuring the footer navigation and is uploading the updated component to the shared repository tonight, with a review request open for the team by tomorrow morning.

Other discussion:
- Brief tangent about whether the site needs a search bar at all given current traffic patterns, inconclusive, revisit with analytics data next time.
- Font pairing discussion continued from last week, still split between two options, no resolution.
- Someone mentioned the contact form has a bug on mobile, noted for awareness, not yet triaged.

Open items carried to next meeting:
- Accessibility audit ownership
- Hamburger menu vs. tab bar decision
- Font pairing final call
- Contact form bug triage

Next sync scheduled for the same time next week. Please review Lena's update before then if you have time.",True,medium,,long,True,,
N09_046,N09,noul,Do these meeting notes assign a specific task to a specific person?,true | false,"School event meeting, take four. We spent most of it debating whether the theme should be under the sea or space adventure, a decision apparently too important to make lightly. Several volunteers were considered for the decorations committee, none actually confirmed. We'll apparently figure out the theme, and everything else, next time. Riveting stuff.",False,easy,,medium,False,,
N09_048,N09,noul,Do these meeting notes assign a specific task to a specific person?,true | false,"Much was said of the packing crates and the need for haste, though when Mr. Ellery raised the matter of arranging the van hire, the room fell to discussing the weather instead, and there it remained.",False,hard,implicit,short,False,,
N09_049,N09,noul,Do these meeting notes assign a specific task to a specific person?,true | false,Dr. Fenwick will complete the data analysis and circulate the report to the committee by next Monday.,True,easy,,short,True,,
N09_050,N09,noul,Do these meeting notes assign a specific task to a specific person?,true | false,"ok fast notes bc I have to go, we talked about the launch event catering for a while and a couple names got tossed around for who might reach out to the caterer but nobody actually said yes to doing it, then we got sidetracked talking about parking again which happens every single meeting somehow, and then time was up so catering is still just floating out there I guess, gotta go the bus is here.",False,hard,implicit,medium,False,,
N09_051,N09,noul,Do these meeting notes assign a specific task to a specific person?,true | false,"Funny, this whole redesign thing reminds me of when I redid my own kitchen last year, everyone has opinions and nothing moves fast. We spent most of today going in circles about the header image, half the room wanting photos, half wanting illustrations, no real resolution there. But right before we wrapped up, Theo mentioned he'd already started building the new pricing page in the staging environment and said he'd have a working link to share with everyone by tomorrow afternoon, which honestly caught me off guard since I thought we were nowhere near that stage.",True,hard,near_miss,medium,True,,
N09_052,N09,noul,Do these meeting notes assign a specific task to a specific person?,true | false,"The committee spent a good while debating the merits of a raffle versus a silent auction, without reaching any firm conclusion. Mrs. Kowalski, however, confirmed she has already secured the church hall for the date in question and will finalise the booking paperwork with the caretaker this week. The remaining questions, of prizes and ticket pricing, were left for our next gathering.",True,medium,,medium,True,,
N09_053,N09,noul,Do these meeting notes assign a specific task to a specific person?,true | false,"- Banner design: approved
- Raffle tickets: Olamide will print 300 copies and deliver them to the office by Friday",True,easy,,short,True,,
N09_054,N09,noul,Do these meeting notes assign a specific task to a specific person?,true | false,"This redesign meeting reminded me of painting my living room three times before picking a color, total indecision energy today. We looked at four different logo placements and couldn't agree on any of them. Someone mentioned maybe reaching out to a freelancer for icons but that was more of a passing thought than a plan. We didn't really land on anything solid, just a lot of let's keep thinking about it. Same time next week I guess.",False,easy,,medium,False,,
N09_055,N09,noul,Do these meeting notes assign a specific task to a specific person?,true | false,"Kind of a scattered meeting today, reminded me of planning my own wedding actually, so many small decisions nobody wants to make. We went in circles about the launch event playlist for way too long. But amid all that, Sana said she's finalizing the press kit tonight and sending it to the whole media list first thing tomorrow morning, so that part's actually locked in. Everything else, still floating.",True,medium,,medium,True,,
N10_000,N10,noul,Has the main event described in the text already taken place?,true | false,"Heads up — the Marrow Creek Harvest Festival got pushed to next spring, so no pumpkin stalls this weekend after all!",False,easy,,short,False,,
N10_001,N10,noul,Has the main event described in the text already taken place?,true | false,"Post-event summary: Whitcombe Hall, Saturday, 14:00-23:00. The wedding of Elena Voss and Marcus Reyes proceeded according to the finalized timeline circulated on Monday. Guests began arriving at 13:30; the processional began at 14:05, five minutes behind the printed schedule due to a delayed shuttle from the overflow parking lot, which the coordination team resolved without affecting the ceremony's core structure. The officiant completed the vow exchange and ring presentation by 14:40, followed by the recessional and a receiving line that ran until 15:20. Cocktail hour in the west garden proceeded as planned from 15:30 to 16:30, with the four-piece string ensemble performing the agreed set list. Catering confirmed that all 142 confirmed guests were served the plated dinner by 18:45, including three special dietary accommodations flagged in advance. Toasts from the maid of honor and best man ran slightly long, pushing the first dance to 19:50 instead of the scheduled 19:30. The band took over from the ensemble at 20:00 and played until the venue's 23:00 noise curfew, at which point the newlyweds departed for the hotel via the pre-booked car service. Final vendor walkthrough and venue handoff were completed by 23:45, with no damage deposit deductions noted. Photography and videography both confirmed full coverage of the day was captured, and a preliminary gallery link was sent to the couple the following morning. Overall, the event closed within thirty minutes of the projected schedule despite the early transportation delay, and the client feedback form submitted two days later rated the day a 9.6 out of 10.",True,easy,,long,True,,
N10_002,N10,noul,Has the main event described in the text already taken place?,true | false,"went to the harvest fest yesterday, food trucks were packed n we stayed til the fireworks lol",True,easy,,short,True,,
N10_004,N10,noul,Has the main event described in the text already taken place?,true | false,"Thistledown Music Festival — final details:
- Gates open at 10 a.m. on Saturday and 11 a.m. on Sunday
- Headliner is set to close the main stage at 9 p.m. both nights
- Weekend parking passes go on sale Thursday at noon
- Free shuttle buses will run from the downtown lot every 20 minutes
- Re-entry wristbands will be handed out at the gate for anyone leaving early
- Full lineup and set times will be posted to the app by Friday",False,easy,,medium,False,,
N10_005,N10,noul,Has the main event described in the text already taken place?,true | false,We still need to figure out what everyone's wearing to my daughter's graduation next Friday because apparently the school moved the ceremony outside this year so now I'm worried about rain and also we haven't even ordered the cap and gown photos yet and there's just so much to sort out before then.,False,easy,,medium,False,,
N10_006,N10,noul,Has the main event described in the text already taken place?,true | false,"The Harrow Valley Marathon is scheduled for the first Sunday in November, with registration closing three weeks beforehand. Organizers have confirmed a field cap of four thousand runners across the full marathon, half marathon, and 10K distances. The course will start at the fairgrounds, loop through the river district, and finish on Main Street outside the county courthouse. Road closures will begin at 5 a.m. on race day and are expected to lift by early afternoon once the final runners clear each checkpoint. Aid stations will be placed every two miles, stocked with water, electrolyte drink, and energy gels donated by three local sponsors. Pace groups will be led by volunteers from the regional running club, with signs marking finish-time targets from three hours to six hours. Packet pickup will take place at the community center on the Friday and Saturday before the race, and runners who miss both windows will not be permitted to collect their bibs on race morning. A shuttle service will run between the two main parking lots and the start line every fifteen minutes starting at 4:30 a.m. Medical tents will be staffed by volunteers from the county hospital, positioned at the start, the halfway point, and the finish line. This year's course map includes one change from previous editions: the final half mile has been rerouted away from the bridge undergoing repairs, adding a short detour through the park instead. Results and timing chips will be provided by the same vendor used for the past four years, with live tracking available through the event's website for family members who cannot attend in person. Weather forecasts are being monitored closely given the possibility of early snow.",False,easy,,long,False,,
N10_007,N10,noul,Has the main event described in the text already taken place?,true | false,"Concert night checklist:
- Doors: 7 PM
- Opening act: 7:30
- Headliner: 9 PM
- Merch table opens at doors",False,medium,,short,False,,
N10_008,N10,noul,Has the main event described in the text already taken place?,true | false,"Roseview Secondary's class of two hundred and eighteen seniors is counting down the final stretch before commencement, and the administration has spent the better part of this month finalizing logistics for the ceremony at the county fairgrounds pavilion. Seating charts went out to families on Monday, with each graduate allotted four guest passes and an overflow lawn area for anyone beyond that limit. The valedictorian and salutatorian have submitted their speech drafts for review, though both are still trimming for time, since the program committee has capped each address at four minutes to keep the whole event under two hours. Rehearsal for the procession is set for the Wednesday before, when students will practice lining up by advisory group rather than alphabetically, a change from previous years meant to speed up the walk across the stage. The photography vendor has confirmed two staff for individual diploma-moment portraits, and the district's livestream link, which relatives out of state have already been asking about, is expected to go live an hour before the processional begins. Caps and gowns were distributed at last week's fitting, and several students discovered theirs were the wrong size, prompting a scramble to get replacements shipped before the big day. The football field backup venue remains on standby in case of severe weather, though the extended forecast currently looks clear. Parking passes for the fairgrounds lot will be handed out at the rehearsal, and the PTA is still looking for volunteers to staff the reception tent afterward.",False,medium,,long,False,,
N10_009,N10,noul,Has the main event described in the text already taken place?,true | false,"So the Cobalt Lantern Festival got bumped twice because of the wildfire smoke and honestly I figured we'd just skip it this year, but they finally let everyone in last night and we watched the lanterns go up over the reservoir before the kids fell asleep in the car on the way home.",True,hard,near_miss,medium,True,,
N10_010,N10,noul,Has the main event described in the text already taken place?,true | false,"ran the marathon yesterday, finished in 4hrs 12 min, legs are dead lol",True,easy,,short,True,,
N10_011,N10,noul,Has the main event described in the text already taken place?,true | false,"Registration for the riverside marathon opens next Monday, with bib numbers assigned by lottery two weeks later.",False,medium,,short,False,,
N10_012,N10,noul,Has the main event described in the text already taken place?,true | false,"Every runner was already at the start line, chip straps tightened, playlists queued up, when the county pulled the permit twenty minutes before the gun over an unresolved insurance issue nobody had flagged until that morning — so four thousand people in expensive shoes just went home.",False,hard,near_miss,medium,False,queue,
N10_013,N10,noul,Has the main event described in the text already taken place?,true | false,"ok so we sat thru like 3 hrs of names being called at the ceremony yesterday lol. my kid walked across an got the diploma, cried a lil ngl, dropped the little cap thing twice. we did pics after out front n then grabbed pizza to celebrate, kid fell asleep in the booth before the food even came.",True,medium,,medium,True,,
N10_014,N10,noul,Has the main event described in the text already taken place?,true | false,"Final race results were posted to the timing portal at 11:42 a.m.: the men's field averaged a 3:58 finish, the women's field 4:21, and course records held in both divisions. Medical staff reported no incidents beyond routine hydration treatment, and the last official finisher crossed the mat at 6:58, within the seven-hour cutoff.",True,medium,,medium,True,,
N10_015,N10,noul,Has the main event described in the text already taken place?,true | false,"According to the meticulously updated event page, the eleventh annual river-loop marathon's start corrals will be assigned by predicted pace beginning at six-fifteen on race morning, with the elite wave released first.",False,medium,,short,False,,
N10_016,N10,noul,Has the main event described in the text already taken place?,true | false,"After eleven years of orange cones, detour signs, and a budget that ballooned past every estimate the county ever printed in a press release, the Kestrel Crossing bridge finally let cars drive across it this week. I'll admit I didn't believe it would actually happen right up until I was sitting in traffic on it — genuine traffic, on an actual open bridge, not a construction backup for once. The ribbon-cutting itself was about as underwhelming as you'd expect: a handful of officials who'd never set foot on the project site stood in hard hats they clearly borrowed for the photo, said a few words about resilience and progress, and cut a ribbon that had almost certainly been bought that morning. Nobody mentioned the three contractors who quit midway through, or the year the whole thing sat half-finished because of a supply dispute over steel cable, but sure, resilience. Still, credit where it's due: the thing is standing, it's got four lanes instead of the old two, and the pedestrian path along the side actually has railings this time, unlike the temporary walkway they slapped together during construction that I would not have trusted with a shopping cart. Local drivers who used to add twenty minutes to their commute detouring around the closure are already reporting shaved-off travel times, and the transit authority quietly rerouted two bus lines back onto the direct path within forty-eight hours of the opening, which tells you they'd been waiting on this longer than anyone official wanted to admit. Whether it holds up better than the last one remains to be seen, but for now, against most reasonable expectations, cars are crossing the river again on a bridge that isn't wrapped in caution tape.",True,medium,,long,True,,
N10_018,N10,noul,Has the main event described in the text already taken place?,true | false,"Exciting news — the next rocket launch from the Vantage Point pad is targeting Thursday morning, weather permitting! They're already setting up the viewing areas along the coast, so if you want a good spot you'll probably want to get there before sunrise, and organizers say the causeway road will close to regular traffic starting at 4 a.m. that day.",False,easy,,medium,False,,
N10_019,N10,noul,Has the main event described in the text already taken place?,true | false,"Despite earlier concerns that the venue's generator would fail during a forecast storm, the ceremony proceeded on schedule and concluded without incident at 16:15.",True,hard,hypothetical,short,True,,
N10_020,N10,noul,Has the main event described in the text already taken place?,true | false,"I keep seeing ads for this new phone that's supposedly launching sometime next quarter if the supply chain issues the company mentioned in their earnings call actually get resolved in time, which honestly who knows at this point, and my husband already wants to preorder something that doesn't even have a confirmed date yet.",False,hard,hypothetical,medium,False,,
N10_021,N10,noul,Has the main event described in the text already taken place?,true | false,"After the ribbon was cut at exactly ten o'clock this morning, the first official vehicles crossed the newly completed span within minutes, followed shortly by a steady procession of pedestrians and cyclists eager to be among the first to use the elevated walkway running alongside the main roadway. Engineers who had overseen the eighteen-month construction project stood along the railing observing traffic flow for the better part of the afternoon.",True,medium,,medium,True,,
N10_024,N10,noul,Has the main event described in the text already taken place?,true | false,"Mission status update, T-minus 36 hours: the Halcyon-4 booster has completed final static-fire verification and is being rolled back to the integration facility for payload mate, scheduled to begin at 0600 local time tomorrow. The launch window opens at 14:22 UTC on Thursday and extends for ninety minutes, with a backup window available Friday at the same time should conditions or a technical hold require a scrub. Range safety has cleared the trajectory pending final review of the flight termination system, which is scheduled for completion this evening. Weather officers are tracking a frontal system moving through the region and currently estimate a sixty percent chance of acceptable conditions at the primary window, dropping to forty percent for the backup. The payload, a communications satellite bound for geostationary transfer orbit, completed its final fueling operation on Monday and has been mated to the second stage adapter. Recovery vessels for the first-stage booster are already positioned approximately 650 kilometers downrange and will remain on station through the scheduled landing attempt. The launch director has scheduled the readiness review for 0800 tomorrow, where all flight controllers will formally poll to confirm go or no-go status ahead of tanking operations, which begin roughly three hours before liftoff. Local road closures around the causeway will take effect at midnight the night before launch, and the visitor center has confirmed that its viewing area, which sold out within an hour of tickets going on sale, will open at 11:00 for credentialed guests. All systems are currently tracking nominal, with no open technical issues on the vehicle side as of this report.",False,easy,,long,False,,
N10_025,N10,noul,Has the main event described in the text already taken place?,true | false,"So apparently the new bridge by the school still isn't done because they found some issue with the support beams during inspection, which means we're stuck doing the long way around through downtown for at least another two months, and honestly at this point I've stopped even checking the city's timeline updates because they keep pushing the date back.",False,medium,,medium,False,,
N10_026,N10,noul,Has the main event described in the text already taken place?,true | false,"We finally got our hands on the new blender everyone's been talking about online for weeks — it dropped this morning right at nine, my sister already ordered two, one for herself and one as a gift for our mom, and apparently the company's website actually crashed within the first hour because so many people were trying to check out at once!",True,medium,,medium,True,,
N10_027,N10,noul,Has the main event described in the text already taken place?,true | false,"my sis graduated yesterday, whole fam went n it was so cute lol",True,easy,,short,True,,
N10_028,N10,noul,Has the main event described in the text already taken place?,true | false,We were all set to go to Naomi and Callum's wedding this weekend but then Callum's grandmother ended up in the hospital so they've bumped the whole thing to late fall instead.,False,medium,,short,False,audit,
N10_029,N10,noul,Has the main event described in the text already taken place?,true | false,"One had rather looked forward to the Pinewick Autumn Fair, having heard the brass band would perform and the cider press would be demonstrated; regrettably, the parish council announced this week that none of it will in fact go ahead, the grounds being unfit after the flooding.",False,hard,negation,medium,False,,
N10_030,N10,noul,Has the main event described in the text already taken place?,true | false,"ppl online kept sayin the launch got scrubbed again bc of the weather but nah that wasnt true, it actually lifted off right on time this morning n stuck the booster landing too, saw the whole thing live on the stream, engines looked clean the entire way up n everyone in the chat was losing it.",True,hard,negation,medium,True,,
N10_031,N10,noul,Has the main event described in the text already taken place?,true | false,"So the kids have been begging to watch this rocket launch for like two weeks now because their science teacher did this whole unit on it and they're both convinced they're going to grow up to be astronauts which is adorable but also means I've had to answer approximately four hundred questions about fuel tanks, and the launch is supposedly happening Saturday morning except every single forecast I've checked says there's a decent chance of thunderstorms rolling through right around the scheduled window, and apparently if the upper level winds are too strong they'll have to scrub it entirely and push to the backup date sometime the following week, which would be a nightmare because that's the same weekend as my niece's birthday party and I really don't want to be driving two hours each way twice in one weekend, so right now I'm just refreshing the weather radar every hour like that's going to change anything, packing snacks and blankets just in case we do go, and trying to explain to a seven year old why a rocket that's sitting right there on the launch pad, fully fueled and ready, might not actually go anywhere if there's too much wind way up in the atmosphere that we can't even see from the ground, which honestly doesn't make a ton of sense to a kid but that's rocketry for you, everything has to line up perfectly or the whole thing just waits, sometimes for days, and we won't know for sure until a few hours before whether we're actually driving out there or staying home and watching it on a livestream instead, if it goes at all this weekend.",False,hard,hypothetical,long,False,audit,
N10_032,N10,noul,Has the main event described in the text already taken place?,true | false,"The new stroller line is supposed to drop sometime next month but every time I check the site it's still just a countdown timer, so who knows at this point.",False,easy,,short,False,,
N10_033,N10,noul,Has the main event described in the text already taken place?,true | false,"One is pleased to report that the long-awaited crossing over the Hensley River was at last opened to the public this past Tuesday, following a modest ceremony attended by several members of the town council. This correspondent walked its length that very afternoon and found the workmanship altogether satisfactory, a welcome change after so many years of scaffolding and detours.",True,medium,,medium,True,,
N10_034,N10,noul,Has the main event described in the text already taken place?,true | false,"We'd been planning the whole week around this concert, packing snacks for the kids and printing out the tickets twice because I never trust my phone battery at these things, and we drove almost two hours to get to the amphitheater with the cooler and the blankets and the whole setup, found parking, walked all the way in, got our seats near the stage, and then the lights stayed up and stayed up and nothing was happening even though it was already twenty minutes past when the opening act was supposed to start, and eventually someone from the venue came out with a microphone and said that due to a structural issue found during the afternoon inspection the show could not go forward tonight at all, not delayed, not moved to later, just called off completely, so we packed everything back into the car with three cranky kids who'd been promised this for a month, and by the time we got home it was nearly midnight and nobody had heard a single note of music the whole night, which after two hours of driving there and back felt like the worst kind of anticlimax, and now we're stuck waiting to hear whether they'll even reschedule it or just refund everyone and call it done.",False,hard,negation,long,False,queue,
N10_035,N10,noul,Has the main event described in the text already taken place?,true | false,"Per the updated vendor schedule, the Sofia-Theo ceremony has been shifted from the garden pavilion to the indoor ballroom and moved two hours later, pending final confirmation from the officiant.",False,medium,,short,False,,
N10_036,N10,noul,Has the main event described in the text already taken place?,true | false,"Yesterday I go to concert of my favorite singer and it was very amazing, she sing for almost two hours!",True,easy,,short,True,,
N10_037,N10,noul,Has the main event described in the text already taken place?,true | false,"In exhaustive detail, the results page now confirms that all 6,214 finishers of Saturday's coastal marathon crossed within the eight-hour window, with the median finish clocking in at four hours and forty-four minutes.",True,medium,,short,True,,
N10_038,N10,noul,Has the main event described in the text already taken place?,true | false,"The company say new phone come out in two month, but I think maybe later since before also was not on time.",False,medium,,short,False,,
N10_039,N10,noul,Has the main event described in the text already taken place?,true | false,"Just found out the Driftwood Folk Festival is happening in October now instead, because of some scheduling clash with the fairgrounds!",False,medium,,short,False,,
N10_040,N10,noul,Has the main event described in the text already taken place?,true | false,"the rocket launched this morning right on schedule and my son literally screamed with excitement when it cleared the tower, we watched the whole thing from the driveway.",True,easy,,short,True,audit,
N10_042,N10,noul,Has the main event described in the text already taken place?,true | false,"Yesterday the rocket go up into sky very fast, we watch on tv and my son was so happy, it success!",True,easy,,short,True,,
N10_043,N10,noul,Has the main event described in the text already taken place?,true | false,"The device had slipped its release date twice already, first from spring to summer over a chip shortage, then again from summer to early fall after a firmware bug surfaced during the final certification round, and industry observers had largely stopped expecting it to make it out this year at all, several trade publications running pieces speculating the whole line might be shelved entirely given how quiet the company had gone for nearly two months. That silence ended Tuesday morning with a firmware signing confirmation quietly posted to the regulatory database, followed within hours by retailer listings going live with a ship date of that Friday. Pre-orders opened at 10 a.m. and the initial allocation sold out in under twenty minutes according to the retailer's own inventory tracker, prompting a second allocation to be released that afternoon. Units began arriving at the first wave of customers' doors on schedule Friday, with unboxing videos and initial reviews posted within hours of delivery. Early teardown reports confirmed the redesigned cooling system that had been the subject of the certification delay, noting no signs of the thermal issue that had reportedly caused the earlier setback. Retail stores that had stocked units for walk-in customers reported steady but not overwhelming foot traffic over the weekend, consistent with a product that had already seen most of its enthusiast demand absorbed by the online pre-order wave. By Monday, the company's investor relations page had updated its quarterly guidance to reflect units actually shipped rather than units planned, a distinction analysts noted was the clearest signal yet that, delays notwithstanding, the product was now genuinely in customers' hands rather than merely announced.",True,hard,near_miss,long,True,,
N10_045,N10,noul,Has the main event described in the text already taken place?,true | false,"You guys, Ana and Jonas tied the knot yesterday afternoon and it was honestly the sweetest thing — her dad walked her down the aisle under all these strings of fairy lights, the rain held off just long enough for photos by the lake, we danced until well past midnight, and I'm still finding confetti in my shoes this morning!",True,medium,,medium,True,,
N10_046,N10,noul,Has the main event described in the text already taken place?,true | false,"Okay so I have to tell you about the launch we watched yesterday because it was honestly one of the coolest things I've ever seen in person! We got to the viewing area around 5 a.m. even though the launch wasn't until almost 8, just because we wanted good spots on the grass by the water, and by sunrise the whole place was packed with families, some of them clearly seasoned launch-watchers with folding chairs and radios tuned to the mission audio, and total newbies like us just trying to figure out which direction to look. There was this nervous energy in the last twenty minutes as the countdown got closer, everyone got quiet around the two-minute mark, and then the callout came over the loudspeakers and a few seconds later this bright orange glow appeared over the treeline followed by the loudest rumble I've ever felt in my chest, like actually felt, not just heard. The whole crowd just erupted, people cheering, a couple of kids near us bursting into tears from the noise, and we watched it arc up and out over the ocean until it was just a tiny dot and then nothing. About eight minutes later everyone started cheering again when the announcement came over the speakers that the booster had landed safely back at the pad, which apparently doesn't always go smoothly. We stuck around afterward just soaking it in, grabbed some genuinely terrible gas station coffee on the way home, and I've already told basically everyone I know that if you ever get the chance to see one of these in person you absolutely should, pictures and videos do not do it justice at all.",True,medium,,long,True,,
N10_047,N10,noul,Has the main event described in the text already taken place?,true | false,"Picture it: three hundred seniors sweating through polyester gowns in a gym with broken air conditioning, families packed into folding chairs already checking the exits, and the principal at the podium tapping the microphone for the fourth time like that was going to fix anything. The processional music had actually started — I want to be clear about that, the first few bars of that tired instrumental played over the speakers and a couple of students in the front row had literally stood up — when the fire alarm went off, not a drill, an actual alarm, apparently triggered by someone's overzealous fog machine backstage meant for the class video montage. Naturally the whole building had to be evacuated, gowns and all, which is a sight I will treasure forever: two hundred teenagers in maroon polyester standing in a parking lot in ninety-degree heat while the fire department cleared the building room by room. By the time they gave the all-clear, the fairgrounds venue booked as backup for weather issues was suddenly needed for an entirely different kind of emergency, except nobody had actually reserved it for tonight, so the district made the only call they reasonably could and pushed the entire ceremony to Sunday afternoon instead, diplomas and all, meaning approximately zero students actually walked across a stage this evening despite everyone getting dressed up, memorizing where they were supposed to stand, and getting exactly four bars of triumphant music before the alarm ruined it. Grandma's plane ticket, for the record, was only good through tomorrow morning.",False,hard,near_miss,long,False,queue,
N10_048,N10,noul,Has the main event described in the text already taken place?,true | false,"So Ines and Milo finally got married this past Saturday and honestly I don't think I've stopped moving since Thursday because between picking up my mother-in-law from the airport and ironing my son's one dress shirt that somehow got wrinkled in the garment bag we barely made it to the church on time, but we did, and the ceremony itself was actually beautifully simple, just twenty minutes, no readings that dragged on forever, and Ines cried the whole way down the aisle which set off half the room including me, and then we all drove out to the lake house for the reception where the kids ran wild on the lawn while the adults tried to look civilized during dinner, my youngest fell asleep face down in a plate of cake around nine which is basically a rite of passage at this point, the toasts were sweet if a little too long from the best man who apparently forgot he wasn't giving a TED talk, and the band played way past when they were supposed to stop because nobody wanted to leave, we didn't get back to the hotel until nearly two in the morning and I am still finding bobby pins in my bag from helping Ines get ready that morning, but seeing her and Milo dance their first dance while both sets of parents just stood there crying was worth every bit of the chaos leading up to it, and now I just need about three days of sleep to recover.",True,medium,,long,True,,
N10_049,N10,noul,Has the main event described in the text already taken place?,true | false,"You know, this whole bridge situation reminds me of when they redid the overpass near my childhood home back in the nineties, took forever too, but anyway — my neighbor Frank, who's on the town beautification committee for some reason nobody can quite explain, was telling me over the fence last weekend that the new pedestrian bridge across the creek behind the community center is still sitting there half-finished, missing its railings on one whole side, and the contractor apparently walked off the job back in August over a payment dispute with the town, which Frank says isn't even the first time this exact contractor has done that, there was apparently some incident with a parking structure two towns over a few years back that ended in actual litigation. The town council put out one of those vague statements last month saying they're 'exploring options to complete the project,' which Frank and I both agreed is code for absolutely nothing happening anytime soon, and meanwhile the whole thing is fenced off with those orange plastic barriers that are somehow always knocked over whenever I walk the dog past there in the morning. My daughter's been asking when she can ride her bike across it to get to the park without going the long way past the highway, and I honestly don't have a good answer for her at this point, could be spring, could be next year, Frank's betting on next year given the contractor history, and honestly I'm inclined to trust Frank's read on local construction drama more than anything the town website says, since the website still lists a completion date from eighteen months ago that nobody's bothered to update.",False,medium,,long,False,,
N10_050,N10,noul,Has the main event described in the text already taken place?,true | false,"still no word on when the new bridge opens, city keeps sayin 'soon' but its been like a year now lol",False,medium,,short,False,,
N10_051,N10,noul,Has the main event described in the text already taken place?,true | false,"Contrary to the swirl of speculation that had built up across industry forums over the past month — much of it fueled by an anonymous supplier who claimed the entire product line had been quietly killed after a failed internal review — the company did not, in fact, scrap the launch, and the flagship model shipped to its first wave of retail partners this past Wednesday exactly as the original roadmap from eight months ago had outlined. The rumors had been detailed enough to seem credible: specific claims about a canceled manufacturing contract, an internal memo supposedly leaked describing the project as 'on indefinite hold,' and even a purported photo of unused packaging being scrapped at a facility overseas. None of it, according to the company's own detailed statement issued alongside the launch, reflected what was actually happening internally, where the team had in fact been in the final stages of manufacturing ramp-up the entire time the rumors were circulating. Retailers who received early shipments confirmed receiving units on the originally communicated timeline, with several posting unboxing content within hours of the trucks arriving at their distribution centers. The company's chief product officer addressed the rumors directly in a launch-day interview, noting that the supplier at the center of the leaks had, as it turned out, been dropped from the project months earlier over an unrelated contract dispute and had no visibility into the manufacturing status by the time the claims began circulating. Customer response over the launch weekend was strong enough that two of the four color variants sold through their initial allocation within the first thirty-six hours, according to sales figures the company shared with press on Monday, effectively closing the book on a rumor cycle that, in hindsight, had gotten almost everything about the situation backward.",True,hard,negation,long,True,,
N10_052,N10,noul,Has the main event described in the text already taken place?,true | false,"Oh man, so my sister keeps texting me about this concert she's dying to go to next month — she already picked out three different outfits and has been listening to the setlist on repeat for weeks, and honestly I think she's more excited about it than she was for her own birthday, we still have to figure out where we're staying since it's a two hour drive from home.",False,easy,,medium,False,,
N10_053,N10,noul,Has the main event described in the text already taken place?,true | false,"After months of preparation from the organizing committee, the Saltmarsh Kite Festival finally welcomed its first wave of visitors this past weekend, with hundreds of kites of every shape imaginable filling the sky above the dunes from Friday afternoon through Sunday evening, and vendors reported selling out of hot cider before noon on the busiest day.",True,medium,,medium,True,,
N10_054,N10,noul,Has the main event described in the text already taken place?,true | false,"Half the internet was convinced this tour would implode after the singer lost her voice mid-rehearsal, and I'll admit I bought a backup ticket to a different show just in case, but she walked out right on time last night and somehow nailed all two hours without so much as a rasp.",True,hard,near_miss,medium,True,,
N10_055,N10,noul,Has the main event described in the text already taken place?,true | false,"Organizers had feared the heatwave would force an indoor relocation, but the outdoor commencement proceeded as scheduled and all 310 graduates received their diplomas without a single change to the program.",True,hard,hypothetical,short,True,,
