id,task_id,primitive,pregunta,opciones,texto,label,difficulty,hard_type,length,plan_label,review,label_in_text,n_levels,topup
S01_000,S01,score,How severe is the reported bug?,"0 = Cosmetic: a visual or wording problem; functionality is unaffected | 1 = Minor: a feature misbehaves in an edge case or is inconvenient, and an easy workaround exists | 2 = Major: a core feature is broken or gives wrong results for many users; workarounds are painful or partial | 3 = Critical: crash, data loss, security hole, or the whole product is unusable, with no workaround","Watching my son log his finished chapter on BrightPath LMS tonight, we noticed the completion badge renders lavender instead of green — the lesson still saved and unlocked the next chapter just fine.",0,medium,,short,0,,,4,
S01_001,S01,score,How severe is the reported bug?,"0 = Cosmetic: a visual or wording problem; functionality is unaffected | 1 = Minor: a feature misbehaves in an edge case or is inconvenient, and an easy workaround exists | 2 = Major: a core feature is broken or gives wrong results for many users; workarounds are painful or partial | 3 = Critical: crash, data loss, security hole, or the whole product is unusable, with no workaround","updated pulsetrack app last night and now three years of run history is just gone. tried logging out, reinstalling, restoring from the old phone backup too, nothing brings it back. support says theres no way to recover it rn so i guess its just deleted for good.",3,medium,,medium,3,,,4,
S01_002,S01,score,How severe is the reported bug?,"0 = Cosmetic: a visual or wording problem; functionality is unaffected | 1 = Minor: a feature misbehaves in an edge case or is inconvenient, and an easy workaround exists | 2 = Major: a core feature is broken or gives wrong results for many users; workarounds are painful or partial | 3 = Critical: crash, data loss, security hole, or the whole product is unusable, with no workaround","the sum formula in gridworks keeps returning wrong totals once a column passes 50 rows, and its happening to the whole team not just me.",2,medium,,short,2,,,4,
S01_003,S01,score,How severe is the reported bug?,"0 = Cosmetic: a visual or wording problem; functionality is unaffected | 1 = Minor: a feature misbehaves in an edge case or is inconvenient, and an easy workaround exists | 2 = Major: a core feature is broken or gives wrong results for many users; workarounds are painful or partial | 3 = Critical: crash, data loss, security hole, or the whole product is unusable, with no workaround","So I noticed that when I try to schedule a message to send later in ChatterBox it only works if I pick a time within the next 24 hours, anything further out just quietly reverts to 'send now,' and since I found that out I've just started typing the message right before I actually need it sent which is a bit annoying but honestly works fine as a backup.",1,easy,,medium,1,queue,,4,
S01_004,S01,score,How severe is the reported bug?,"0 = Cosmetic: a visual or wording problem; functionality is unaffected | 1 = Minor: a feature misbehaves in an edge case or is inconvenient, and an easy workaround exists | 2 = Major: a core feature is broken or gives wrong results for many users; workarounds are painful or partial | 3 = Critical: crash, data loss, security hole, or the whole product is unusable, with no workaround","After the 2.3 patch to Ember Legion, guild-versus-guild matchmaking fails to find any opponents for roughly 70% of players in the EU region, even at peak hours, leaving raid night effectively unplayable for most guilds.",2,easy,,short,2,queue,,4,
S01_005,S01,score,How severe is the reported bug?,"0 = Cosmetic: a visual or wording problem; functionality is unaffected | 1 = Minor: a feature misbehaves in an edge case or is inconvenient, and an easy workaround exists | 2 = Major: a core feature is broken or gives wrong results for many users; workarounds are painful or partial | 3 = Critical: crash, data loss, security hole, or the whole product is unusable, with no workaround","Checkout on CartNova is completely broken right now:
- Clicking 'Place Order' charges the card but never creates an order record
- No confirmation email, no order number, nothing shows up in order history
- Support says refunds take 10 business days, and the item is already gone from stock
- Every customer who has tried since this morning has hit the exact same wall",3,easy,,medium,3,,,4,
S01_006,S01,score,How severe is the reported bug?,"0 = Cosmetic: a visual or wording problem; functionality is unaffected | 1 = Minor: a feature misbehaves in an edge case or is inconvenient, and an easy workaround exists | 2 = Major: a core feature is broken or gives wrong results for many users; workarounds are painful or partial | 3 = Critical: crash, data loss, security hole, or the whole product is unusable, with no workaround","In LumaEdit 4.2, the clone-stamp tool ignores the feather setting only when the canvas has been rotated to a non-90-degree angle. Resetting rotation to zero before cloning, then rotating back afterward, produces the expected soft edge every time. The issue is isolated to that one tool state; all other editing operations behave normally.",1,medium,,medium,1,,,4,
S01_007,S01,score,How severe is the reported bug?,"0 = Cosmetic: a visual or wording problem; functionality is unaffected | 1 = Minor: a feature misbehaves in an edge case or is inconvenient, and an easy workaround exists | 2 = Major: a core feature is broken or gives wrong results for many users; workarounds are painful or partial | 3 = Critical: crash, data loss, security hole, or the whole product is unusable, with no workaround","I find that upon switching from my home Wi-Fi to mobile data, TalkStream ceases to display the little checkmarks beside my sent letters; toggling Airplane Mode for a moment and back sets things right again.",1,hard,implicit,short,1,,,4,
S01_008,S01,score,How severe is the reported bug?,"0 = Cosmetic: a visual or wording problem; functionality is unaffected | 1 = Minor: a feature misbehaves in an edge case or is inconvenient, and an easy workaround exists | 2 = Major: a core feature is broken or gives wrong results for many users; workarounds are painful or partial | 3 = Critical: crash, data loss, security hole, or the whole product is unusable, with no workaround","Applying any preset from the 'Portrait' pack in ShadeStudio corrupts the RAW color profile for roughly half of our beta testers, forcing a full re-import from the camera card since in-app undo does not restore it.",2,medium,,short,2,,,4,
S01_010,S01,score,How severe is the reported bug?,"0 = Cosmetic: a visual or wording problem; functionality is unaffected | 1 = Minor: a feature misbehaves in an edge case or is inconvenient, and an easy workaround exists | 2 = Major: a core feature is broken or gives wrong results for many users; workarounds are painful or partial | 3 = Critical: crash, data loss, security hole, or the whole product is unusable, with no workaround","I spent most of Saturday going through a shoot I did at my cousin's vineyard wedding — nearly six hundred frames across three cameras, a mix of a 35mm prime and an 85mm for the portraits, plus a handheld gimbal rig for the reception. I imported everything into FrameCraft in the evening, sorted by camera roll, and started building a culling pass using star ratings before doing any real editing. The catalog view is honestly still my favorite part of this software; being able to compare four frames side by side while deciding which take of the first dance to keep has saved me so much time over the years. I did notice, while comparing thumbnails in the filmstrip, that the little exposure-warning triangle icon in the corner of overexposed thumbnails is rendered in a slightly muddier orange than it used to be, more like a dull rust color than the bright amber from previous versions — purely a shade difference, the warning still appears on exactly the frames it should and clicking it still opens the histogram overlay as expected. Anyway, after the culling pass I moved on to color grading, matched white balance across the two camera bodies, and started stacking a soft film-grain preset over the ceremony shots before I realized it was already past midnight and I should probably finish the rest tomorrow with fresh eyes instead of pushing through tired.",0,hard,long_irrelevant,long,0,,,4,
S01_011,S01,score,How severe is the reported bug?,"0 = Cosmetic: a visual or wording problem; functionality is unaffected | 1 = Minor: a feature misbehaves in an edge case or is inconvenient, and an easy workaround exists | 2 = Major: a core feature is broken or gives wrong results for many users; workarounds are painful or partial | 3 = Critical: crash, data loss, security hole, or the whole product is unusable, with no workaround","the run icon turned orange instead of blue which bugs me more than it should, but since the ChronoFit 3.1 update heart-rate readings are off by 40 bpm for basically every user mid-run, useless for pacing.",2,hard,distractor,short,2,,,4,
S01_012,S01,score,How severe is the reported bug?,"0 = Cosmetic: a visual or wording problem; functionality is unaffected | 1 = Minor: a feature misbehaves in an edge case or is inconvenient, and an easy workaround exists | 2 = Major: a core feature is broken or gives wrong results for many users; workarounds are painful or partial | 3 = Critical: crash, data loss, security hole, or the whole product is unusable, with no workaround","Wavelink has apparently decided encryption is optional now: for two days straight, my group chat messages have been visible, in plain text, to a completely different group I'm not even a member of. I only found out because a total stranger replied to what I thought was a private conversation. Cool. There's no setting that reverses this, and support has gone conspicuously quiet since I reported it.",3,medium,,medium,3,,,4,
S01_013,S01,score,How severe is the reported bug?,"0 = Cosmetic: a visual or wording problem; functionality is unaffected | 1 = Minor: a feature misbehaves in an edge case or is inconvenient, and an easy workaround exists | 2 = Major: a core feature is broken or gives wrong results for many users; workarounds are painful or partial | 3 = Critical: crash, data loss, security hole, or the whole product is unusable, with no workaround","After yesterday's 'emergency hotfix' announcement for Ember Legion, which honestly sounded terrifying, all that actually changed is the mana bar's outline shifted from gold to a slightly duller bronze; combat, loot, and matchmaking all behave exactly as they did before.",0,hard,distractor,short,0,,,4,
S01_014,S01,score,How severe is the reported bug?,"0 = Cosmetic: a visual or wording problem; functionality is unaffected | 1 = Minor: a feature misbehaves in an edge case or is inconvenient, and an easy workaround exists | 2 = Major: a core feature is broken or gives wrong results for many users; workarounds are painful or partial | 3 = Critical: crash, data loss, security hole, or the whole product is unusable, with no workaround","submitted my final exam on scholaris and the page froze right after i hit submit, then it wiped all my answers. now it just shows the exam as 'submitted' with a blank score and theres no retake button anywhere. deadline was an hour ago and support isnt answering, so i think im just out of luck on this one.",3,easy,,medium,3,,,4,
S01_015,S01,score,How severe is the reported bug?,"0 = Cosmetic: a visual or wording problem; functionality is unaffected | 1 = Minor: a feature misbehaves in an edge case or is inconvenient, and an easy workaround exists | 2 = Major: a core feature is broken or gives wrong results for many users; workarounds are painful or partial | 3 = Critical: crash, data loss, security hole, or the whole product is unusable, with no workaround","Hey team! Small thing — the undo button in PixelForge doesn't work right after you crop an image, but pressing Ctrl+Z twice in a row does the trick just fine :)",1,easy,,short,1,,,4,
S01_016,S01,score,How severe is the reported bug?,"0 = Cosmetic: a visual or wording problem; functionality is unaffected | 1 = Minor: a feature misbehaves in an edge case or is inconvenient, and an easy workaround exists | 2 = Major: a core feature is broken or gives wrong results for many users; workarounds are painful or partial | 3 = Critical: crash, data loss, security hole, or the whole product is unusable, with no workaround","In ClassNest, when I submit quiz answer, the score is showing wrong number for almost all my classmates too, not only for me. This happen every quiz now.",2,easy,,short,2,,,4,
S01_017,S01,score,How severe is the reported bug?,"0 = Cosmetic: a visual or wording problem; functionality is unaffected | 1 = Minor: a feature misbehaves in an edge case or is inconvenient, and an easy workaround exists | 2 = Major: a core feature is broken or gives wrong results for many users; workarounds are painful or partial | 3 = Critical: crash, data loss, security hole, or the whole product is unusable, with no workaround","This term has honestly been a whirlwind — my daughter started at a new school in September, my son is finishing his last year before college applications, and somewhere in between I ended up volunteering to help our district's teachers get comfortable with Scholaris, the learning platform the school switched to over the summer. Most of the training has gone smoothly enough; teachers picked up the assignment builder in about an hour, and the calendar sync with their personal phones was a nice surprise nobody expected to work on the first try. We did a whole session last week on attendance tracking, which took a bit longer because half the room was more interested in comparing notes about the new cafeteria vendor than the software, understandably. The one thing that came up, almost as an aside near the end of Thursday's session, is that when a teacher exports report cards for an entire class, Scholaris deletes that class's full semester of recorded grades from the gradebook the moment the export starts, with no backup copy saved anywhere, and it has already happened to three different teachers this week alone, right before parent-teacher conferences start Monday. Everything else about the platform — messaging parents, posting homework, the calendar — has honestly been a pleasant surprise for a rollout this size, and I told the district office I'd keep collecting feedback through the end of the month before we decide whether to expand it to the middle school next year too.",3,hard,long_irrelevant,long,3,,,4,
S01_018,S01,score,How severe is the reported bug?,"0 = Cosmetic: a visual or wording problem; functionality is unaffected | 1 = Minor: a feature misbehaves in an edge case or is inconvenient, and an easy workaround exists | 2 = Major: a core feature is broken or gives wrong results for many users; workarounds are painful or partial | 3 = Critical: crash, data loss, security hole, or the whole product is unusable, with no workaround","Bulk export in ShadeStudio is broken for most users:
- Selecting more than 10 images and exporting as JPEG produces corrupted files about 8 times out of 10
- Exporting one image at a time still works, but that's not realistic for a 200-image wedding shoot
- Confirmed on three different machines on our team, not just one setup",2,easy,,medium,2,,,4,
S01_019,S01,score,How severe is the reported bug?,"0 = Cosmetic: a visual or wording problem; functionality is unaffected | 1 = Minor: a feature misbehaves in an edge case or is inconvenient, and an easy workaround exists | 2 = Major: a core feature is broken or gives wrong results for many users; workarounds are painful or partial | 3 = Critical: crash, data loss, security hole, or the whole product is unusable, with no workaround","ok so ever since the new season dropped on Nova Drift, ranked matches just straight up don't count half the time?? like i'll win the match, get the victory screen and everything, and then check my rank and literally nothing moved. it's happening to like everyone in my clan's discord right now, not just me lol, kinda ruins the whole point of grinding rank.",2,medium,,medium,2,,,4,
S01_020,S01,score,How severe is the reported bug?,"0 = Cosmetic: a visual or wording problem; functionality is unaffected | 1 = Minor: a feature misbehaves in an edge case or is inconvenient, and an easy workaround exists | 2 = Major: a core feature is broken or gives wrong results for many users; workarounds are painful or partial | 3 = Critical: crash, data loss, security hole, or the whole product is unusable, with no workaround","Since updating my VitalPace device last Tuesday, the daily step count has been recording roughly half of my actual steps, which I confirmed by counting manually during my afternoon walk around the park. My neighbour, who owns the identical model, reports the very same discrepancy since her update, so this does not appear to be limited to my device alone.",2,medium,,medium,2,,,4,
S01_021,S01,score,How severe is the reported bug?,"0 = Cosmetic: a visual or wording problem; functionality is unaffected | 1 = Minor: a feature misbehaves in an edge case or is inconvenient, and an easy workaround exists | 2 = Major: a core feature is broken or gives wrong results for many users; workarounds are painful or partial | 3 = Critical: crash, data loss, security hole, or the whole product is unusable, with no workaround","My father, bless him, insisted his new OrbitWatch could track his heart rate perfectly during his morning walks, so naturally I set the whole thing up for him last week. Two days ago it simply stopped turning on entirely, right after a routine firmware update pushed overnight, screen completely black, and neither the side-button reset nor an overnight charge on the dock has brought it back to life since.",3,medium,,medium,3,,,4,
S01_022,S01,score,How severe is the reported bug?,"0 = Cosmetic: a visual or wording problem; functionality is unaffected | 1 = Minor: a feature misbehaves in an edge case or is inconvenient, and an easy workaround exists | 2 = Major: a core feature is broken or gives wrong results for many users; workarounds are painful or partial | 3 = Critical: crash, data loss, security hole, or the whole product is unusable, with no workaround","so i was trying to check out on QuickBasket between packing lunches and getting the kids out the door and the total kept showing like triple what was actually sitting in my cart, so i removed items and re-added them and it still calculated wrong every single time, and when i mentioned it in the parent group chat turns out three other people hit the exact same thing just this week.",2,medium,,medium,2,queue,,4,
S01_023,S01,score,How severe is the reported bug?,"0 = Cosmetic: a visual or wording problem; functionality is unaffected | 1 = Minor: a feature misbehaves in an edge case or is inconvenient, and an easy workaround exists | 2 = Major: a core feature is broken or gives wrong results for many users; workarounds are painful or partial | 3 = Critical: crash, data loss, security hole, or the whole product is unusable, with no workaround","so TallySheet just... deleted an entire tab of my group project spreadsheet?? like it was there this morning, i open it just now and it's just GONE, no undo history, nothing in the trash folder either, and my teammates are seeing the exact same missing tab on their end too. we lost like three weeks of work istg and nobody can get it back.",3,easy,,medium,3,,,4,
S01_024,S01,score,How severe is the reported bug?,"0 = Cosmetic: a visual or wording problem; functionality is unaffected | 1 = Minor: a feature misbehaves in an edge case or is inconvenient, and an easy workaround exists | 2 = Major: a core feature is broken or gives wrong results for many users; workarounds are painful or partial | 3 = Critical: crash, data loss, security hole, or the whole product is unusable, with no workaround","Hi there! Hope you're having a good week. So we ran our autumn sale on Marketly this past weekend — 20% off everything, pretty standard stuff we've done three times before without a hitch. My co-founder Priya was watching the order dashboard Saturday morning and started noticing something odd: a bunch of orders were coming through at full price even though the customer's cart screenshot, which a few of them sent us on Instagram confused about their receipt, clearly showed the discount code applied and the reduced total displayed right before they hit pay. We pulled twenty random orders from that morning and eleven of them had this same mismatch between the price shown at checkout and the price actually charged. It's not every order, and it's not one customer's fault or a coupon typo, because the code shows as 'applied' in green on their screen the whole time. Priya spent about an hour manually crediting the difference back to each customer we could identify, which is doable for a weekend of maybe 40 orders but would be a nightmare during our holiday sale next month when we're expecting closer to a thousand. We've also had two customers just quietly not notice and pay full price, which honestly bothers me more than the ones who complained. Aside from that, the new product photo gallery you rolled out looks fantastic, way faster to scroll through than the old one, and our bounce rate on product pages actually dropped a bit this week according to the analytics panel. Let us know if you need the order numbers for the mismatched ones, happy to send the list over.",2,hard,implicit,long,2,queue,,4,
S01_025,S01,score,How severe is the reported bug?,"0 = Cosmetic: a visual or wording problem; functionality is unaffected | 1 = Minor: a feature misbehaves in an edge case or is inconvenient, and an easy workaround exists | 2 = Major: a core feature is broken or gives wrong results for many users; workarounds are painful or partial | 3 = Critical: crash, data loss, security hole, or the whole product is unusable, with no workaround","Wavelink is unusable as of this morning. Opening the app on any device — phone, tablet, desktop client — triggers an immediate crash within two seconds of the splash screen loading, before the conversation list even renders. I've tested this on four separate devices running three different operating system versions, and the result is identical every time: crash, no error message, no crash report generated locally that I can find. Force-quitting and relaunching does nothing. Restarting the device does nothing. Uninstalling and reinstalling the app does nothing, since the crash happens before login even completes, meaning there is no account-level setting or cache to clear that could plausibly be causing this. I checked the status page and there's no acknowledged outage listed, but three coworkers on different networks and device types are reporting the identical failure within the last hour, so this is not isolated to my account or my hardware. There is no fallback method to send or receive messages through this service right now — no web version, no desktop backup, nothing. For context, our whole team coordinates shift changes through this app, and with it fully down we've had to fall back to personal phone numbers and a shared paper log at the front desk, which is obviously not sustainable past today. This needs to be treated as top priority since there is currently no way to use the product at all.",3,easy,,long,3,,,4,
S01_026,S01,score,How severe is the reported bug?,"0 = Cosmetic: a visual or wording problem; functionality is unaffected | 1 = Minor: a feature misbehaves in an edge case or is inconvenient, and an easy workaround exists | 2 = Major: a core feature is broken or gives wrong results for many users; workarounds are painful or partial | 3 = Critical: crash, data loss, security hole, or the whole product is unusable, with no workaround","Hello, I want to write about my experience with Looply because I am using this app since almost two years, for talking with my family who is living in different country than me, also for my work colleagues we use this app for small talks not official one. I like very much the sticker feature, my sister she send me funny stickers every day and this make me happy in the morning before work. Also the voice message feature is very good quality, better than other app I try before, no noise problem even when I am in the metro station which is very loud normally. One thing I want to mention, since maybe four days, I am noticing that messages I send to my brother, they show only one gray tick for very long time, sometimes four hours or five hours, before it become two ticks, and he tell me he receive it very late also, not seeing on his phone until much later even when his phone is on and he is using other apps normally. I ask two of my colleagues also, they tell me the same problem is happening for them, not just me, so I think this is happening to many people not only my phone. Besides this, the group chat wallpaper feature I set for my family group is very nice, we chose a photo from our trip last summer and everyone in family really like how it look on their phone too.",2,hard,long_irrelevant,long,2,,,4,
S01_029,S01,score,How severe is the reported bug?,"0 = Cosmetic: a visual or wording problem; functionality is unaffected | 1 = Minor: a feature misbehaves in an edge case or is inconvenient, and an easy workaround exists | 2 = Major: a core feature is broken or gives wrong results for many users; workarounds are painful or partial | 3 = Critical: crash, data loss, security hole, or the whole product is unusable, with no workaround","In PingNest 6.1, the timestamp text beneath a delivered message renders in a font size roughly two points smaller than the sender's name above it, inconsistent with the type scale used in the rest of the interface. Delivery status, message ordering, and notification behavior are all unaffected; the discrepancy is purely typographic and reproducible on both the Android and desktop clients.",0,medium,,medium,0,,,4,
S01_030,S01,score,How severe is the reported bug?,"0 = Cosmetic: a visual or wording problem; functionality is unaffected | 1 = Minor: a feature misbehaves in an edge case or is inconvenient, and an easy workaround exists | 2 = Major: a core feature is broken or gives wrong results for many users; workarounds are painful or partial | 3 = Critical: crash, data loss, security hole, or the whole product is unusable, with no workaround","ok not to be dramatic but Ironhold Online kind of ruined my week lol. so first, small thing, whatever — they changed the loading screen art and now it's this weird purple gradient instead of the cool ember background we had before, everyone in chat is complaining about it and honestly yeah it's a downgrade aesthetically, i miss the old one. BUT that's not even the actual problem. the real thing is that after the 4.7 update dropped tuesday night, my main character — like 340 hours in, full gear, guild rank, everything — just isn't there anymore. i log in and it's asking me to create a new character like i just installed the game. i checked the forums and it's not just me, there's a whole megathread with like 600 replies of people missing entire characters since the same patch, some people lost their ONLY character which is insane. support's auto-reply says they're 'looking into save file issues' but there's no eta and no way to manually restore anything on our end, no backup slot, no rollback option in settings, nothing. so yeah the loading screen thing is annoying but i genuinely do not care about purple gradients right now when my whole account might just be gone for good. still waiting to hear back three days later.",3,hard,distractor,long,3,,,4,
S01_031,S01,score,How severe is the reported bug?,"0 = Cosmetic: a visual or wording problem; functionality is unaffected | 1 = Minor: a feature misbehaves in an edge case or is inconvenient, and an easy workaround exists | 2 = Major: a core feature is broken or gives wrong results for many users; workarounds are painful or partial | 3 = Critical: crash, data loss, security hole, or the whole product is unusable, with no workaround","The 'Order Confirmed' banner on CartNova's receipt page briefly flashes an unstyled fallback font for about 200 milliseconds before the correct typeface loads; the order is created, charged, and emailed correctly every time, with no delay in any of those steps.",0,hard,distractor,short,0,,,4,
S01_032,S01,score,How severe is the reported bug?,"0 = Cosmetic: a visual or wording problem; functionality is unaffected | 1 = Minor: a feature misbehaves in an edge case or is inconvenient, and an easy workaround exists | 2 = Major: a core feature is broken or gives wrong results for many users; workarounds are painful or partial | 3 = Critical: crash, data loss, security hole, or the whole product is unusable, with no workaround","NovaBand firmware 2.9 bricks the device on install: screen goes black permanently, the reset button does nothing, and there is no way to recover it without a factory replacement.",3,easy,,short,3,,,4,
S01_034,S01,score,How severe is the reported bug?,"0 = Cosmetic: a visual or wording problem; functionality is unaffected | 1 = Minor: a feature misbehaves in an edge case or is inconvenient, and an easy workaround exists | 2 = Major: a core feature is broken or gives wrong results for many users; workarounds are painful or partial | 3 = Critical: crash, data loss, security hole, or the whole product is unusable, with no workaround","On CartNova order page, the 'Thank you' text is little bit cut off by the box border on my phone screen. Order still complete normal and email arrive fine.",0,easy,,short,0,,,4,
S01_035,S01,score,How severe is the reported bug?,"0 = Cosmetic: a visual or wording problem; functionality is unaffected | 1 = Minor: a feature misbehaves in an edge case or is inconvenient, and an easy workaround exists | 2 = Major: a core feature is broken or gives wrong results for many users; workarounds are painful or partial | 3 = Critical: crash, data loss, security hole, or the whole product is unusable, with no workaround","ok so this isn't a big deal at all but i figured i'd mention it since i noticed it like three days in a row now lol. on my OrbitWatch, after i finish a workout and it shows me the little summary screen with calories and heart rate zones and all that, the border around the calories number is this bright pink color for like half a second before it settles into the normal white the rest of the screen uses. like a weird flash almost, kinda looks like the app glitching for a split second but it's literally just that one border, everything else on the summary is completely normal — the numbers are right, matches what my chest strap said too when i double checked, the workout saves to my history fine, syncs to the app on my phone with zero issues, the achievement badge popped up like normal when i hit my step goal later that day. it's honestly kind of funny more than annoying at this point, my roommate thought i was messing with theme settings when she saw it happen once. anyway just wanted to flag it in case nobody else noticed, not urgent at all obviously, just weird to look at.",0,medium,,long,0,,,4,
S01_037,S01,score,How severe is the reported bug?,"0 = Cosmetic: a visual or wording problem; functionality is unaffected | 1 = Minor: a feature misbehaves in an edge case or is inconvenient, and an easy workaround exists | 2 = Major: a core feature is broken or gives wrong results for many users; workarounds are painful or partial | 3 = Critical: crash, data loss, security hole, or the whole product is unusable, with no workaround",The rest-day icon on VitalPace's home screen is a slightly different shade of teal than the rest of the app's icons. No functional impact.,0,easy,,short,0,,,4,
S01_039,S01,score,How severe is the reported bug?,"0 = Cosmetic: a visual or wording problem; functionality is unaffected | 1 = Minor: a feature misbehaves in an edge case or is inconvenient, and an easy workaround exists | 2 = Major: a core feature is broken or gives wrong results for many users; workarounds are painful or partial | 3 = Critical: crash, data loss, security hole, or the whole product is unusable, with no workaround","So Marketly sent me an email titled 'Security Notice' about my last order, which — as you can imagine — got my heart rate up for about the four seconds it took to open it. Turns out the 'security notice' is that the gift-wrap checkbox on the checkout page doesn't stay checked if you go back to edit your shipping address afterward; you have to re-check it before submitting, otherwise your order goes through unwrapped. Riveting stuff. I only discovered this because my sister's birthday present arrived in the original shipping box, no ribbon, no tissue paper, nothing, and I spent a genuinely embarrassing amount of time convinced my account had been compromised before I retraced my steps and realized I'd just forgotten to recheck a box after fixing a typo in my zip code. Once you know it resets, it's a two-second fix — check the box last, after everything else on the page is finalized, and it sticks through to payment just fine. I've reordered three gift-wrapped things since figuring that out and it's worked every time. Still, calling an unchecked checkbox a 'security notice' feels like it's trying to get my blood pressure up over literally nothing, and I'd love it if the subject line matched the actual stakes involved here.",1,hard,distractor,long,1,,,4,
S01_040,S01,score,How severe is the reported bug?,"0 = Cosmetic: a visual or wording problem; functionality is unaffected | 1 = Minor: a feature misbehaves in an edge case or is inconvenient, and an easy workaround exists | 2 = Major: a core feature is broken or gives wrong results for many users; workarounds are painful or partial | 3 = Critical: crash, data loss, security hole, or the whole product is unusable, with no workaround","in nova drift the friend list sometimes shows people as offline when theyre actually in game, only happens after you alt tab out and back in a bunch of times. closing and reopening the friends panel fixes it right away tho, doesnt affect matchmaking or chat or anything else, just the little status dot being wrong for a bit.",1,medium,,medium,1,audit,,4,
S01_042,S01,score,How severe is the reported bug?,"0 = Cosmetic: a visual or wording problem; functionality is unaffected | 1 = Minor: a feature misbehaves in an edge case or is inconvenient, and an easy workaround exists | 2 = Major: a core feature is broken or gives wrong results for many users; workarounds are painful or partial | 3 = Critical: crash, data loss, security hole, or the whole product is unusable, with no workaround","The friendly-duel invite feature in Nova Drift fails silently about one in ten times, showing no error message and producing no invite notification on the recipient's screen at all. Resending the invite a second time resolves it without fail every time we've tested it this week. Ranked queues, party formation, and in-game chat all continue to work normally regardless.",1,medium,,medium,1,,,4,
S01_043,S01,score,How severe is the reported bug?,"0 = Cosmetic: a visual or wording problem; functionality is unaffected | 1 = Minor: a feature misbehaves in an edge case or is inconvenient, and an easy workaround exists | 2 = Major: a core feature is broken or gives wrong results for many users; workarounds are painful or partial | 3 = Critical: crash, data loss, security hole, or the whole product is unusable, with no workaround","I spent a good chunk of this afternoon reorganizing our department's expense tracker in GridWorks, moving three years of quarterly tabs into a cleaner folder structure and re-checking every formula reference along the way to make sure nothing had silently broken in the shuffle — nothing had, every total matched what I expected down to the cent. The only thing I noticed while doing all this clicking around is that the little folder icon in the sidebar now sits about a pixel lower than the tab label next to it, just barely enough to catch my eye once I'd stared at that sidebar for three straight hours.",0,hard,implicit,medium,0,audit,,4,
S01_044,S01,score,How severe is the reported bug?,"0 = Cosmetic: a visual or wording problem; functionality is unaffected | 1 = Minor: a feature misbehaves in an edge case or is inconvenient, and an easy workaround exists | 2 = Major: a core feature is broken or gives wrong results for many users; workarounds are painful or partial | 3 = Critical: crash, data loss, security hole, or the whole product is unusable, with no workaround","Funny thing happened during my run this morning — I was listening to a podcast about urban beekeeping, completely unrelated, when I glanced down and noticed PulseTrack had stopped updating my pace on the lock screen widget, just frozen on the same number for a good ten minutes even though the main app screen was updating fine the whole time. Turns out just unlocking the phone and locking it again refreshes the widget instantly, so now I just do that once around the halfway point out of habit.",1,medium,,medium,1,,,4,
S01_045,S01,score,How severe is the reported bug?,"0 = Cosmetic: a visual or wording problem; functionality is unaffected | 1 = Minor: a feature misbehaves in an edge case or is inconvenient, and an easy workaround exists | 2 = Major: a core feature is broken or gives wrong results for many users; workarounds are painful or partial | 3 = Critical: crash, data loss, security hole, or the whole product is unusable, with no workaround","ok weird one, if you copy a formula into TallySheet from a doc instead of typing it, it pastes as plain text first and you gotta hit enter twice for it to calculate. typing it manually works instantly, no issue.",1,hard,implicit,short,1,,,4,
S01_046,S01,score,How severe is the reported bug?,"0 = Cosmetic: a visual or wording problem; functionality is unaffected | 1 = Minor: a feature misbehaves in an edge case or is inconvenient, and an easy workaround exists | 2 = Major: a core feature is broken or gives wrong results for many users; workarounds are painful or partial | 3 = Critical: crash, data loss, security hole, or the whole product is unusable, with no workaround","During today's three-mile trail run, the workout-summary screen on my NovaBand displayed the pace figure in a font roughly one size smaller than every other stat on the same screen, though the pace value itself matched my GPS watch exactly.",0,medium,,short,0,,,4,
S01_048,S01,score,How severe is the reported bug?,"0 = Cosmetic: a visual or wording problem; functionality is unaffected | 1 = Minor: a feature misbehaves in an edge case or is inconvenient, and an easy workaround exists | 2 = Major: a core feature is broken or gives wrong results for many users; workarounds are painful or partial | 3 = Critical: crash, data loss, security hole, or the whole product is unusable, with no workaround","Was helping my mother order a birthday gift on QuickBasket and the gift-note field kept clearing itself whenever she changed the shipping option, so we learned to fill it in last, right before paying, and it stuck fine after that.",1,medium,,short,1,,,4,
S01_049,S01,score,How severe is the reported bug?,"0 = Cosmetic: a visual or wording problem; functionality is unaffected | 1 = Minor: a feature misbehaves in an edge case or is inconvenient, and an easy workaround exists | 2 = Major: a core feature is broken or gives wrong results for many users; workarounds are painful or partial | 3 = Critical: crash, data loss, security hole, or the whole product is unusable, with no workaround","Group chats on PingNest have been dropping roughly a third of all messages sent since yesterday's update — not delayed, just gone, never delivered to anyone. Cool feature, very intentional I'm sure.",3,easy,,short,2,queue,,4,
S01_050,S01,score,How severe is the reported bug?,"0 = Cosmetic: a visual or wording problem; functionality is unaffected | 1 = Minor: a feature misbehaves in an edge case or is inconvenient, and an easy workaround exists | 2 = Major: a core feature is broken or gives wrong results for many users; workarounds are painful or partial | 3 = Critical: crash, data loss, security hole, or the whole product is unusable, with no workaround","Visual notes from the Ironhold Online 5.2 client:
- The victory-screen confetti animation now renders slightly behind the rank-up banner instead of in front of it
- Match results, XP totals, and rank changes are all recorded correctly regardless
- Reproducible on every platform, purely a layering order issue in the animation",0,medium,,medium,0,,,4,
S01_051,S01,score,How severe is the reported bug?,"0 = Cosmetic: a visual or wording problem; functionality is unaffected | 1 = Minor: a feature misbehaves in an edge case or is inconvenient, and an easy workaround exists | 2 = Major: a core feature is broken or gives wrong results for many users; workarounds are painful or partial | 3 = Critical: crash, data loss, security hole, or the whole product is unusable, with no workaround","In BrightPath, when I try to upload my homework file that is bigger than 10MB, it show error message and file does not upload. But if I compress the file to zip first, it upload without any problem every time. This happen only for the big files, small ones upload normal always, so I just zip the big ones now before sending.",1,easy,,medium,1,,,4,
S01_052,S01,score,How severe is the reported bug?,"0 = Cosmetic: a visual or wording problem; functionality is unaffected | 1 = Minor: a feature misbehaves in an edge case or is inconvenient, and an easy workaround exists | 2 = Major: a core feature is broken or gives wrong results for many users; workarounds are painful or partial | 3 = Critical: crash, data loss, security hole, or the whole product is unusable, with no workaround","- The app icon badge count on PingNest uses a slightly darker red than the rest of the notification system
- All counts themselves are accurate, tapping the icon opens unread messages correctly",0,easy,,short,0,,,4,
S01_053,S01,score,How severe is the reported bug?,"0 = Cosmetic: a visual or wording problem; functionality is unaffected | 1 = Minor: a feature misbehaves in an edge case or is inconvenient, and an easy workaround exists | 2 = Major: a core feature is broken or gives wrong results for many users; workarounds are painful or partial | 3 = Critical: crash, data loss, security hole, or the whole product is unusable, with no workaround","Test report for VitalPace firmware build 4.12.3, run across our standard device panel (three units, two on iOS companion app v9.1, one on Android v9.0):

Battery drain over a 72-hour period averaged 11% per day across all three units with continuous heart-rate monitoring enabled, consistent with the previous build's baseline of 10-12%. Bluetooth reconnection time after leaving range and returning averaged 3.2 seconds, a slight improvement from 4.1 seconds in build 4.12.2. GPS cold-start time for outdoor runs averaged 14 seconds across six test runs, within expected variance. Barometric altitude readings during a known 220-meter elevation hike matched a reference altimeter within 4 meters, well within tolerance. Sleep tracking correctly identified three distinct sleep stages across all overnight tests, with stage transition timestamps aligning closely with a research-grade reference device worn simultaneously. One item worth flagging for the next patch: the manual water-lock toggle in the quick-settings menu requires two taps to activate instead of one, because the first tap only opens a confirmation tooltip rather than engaging the lock directly; a second tap on the same button is needed to actually enable it, which isn't how any other toggle in that menu behaves. Swiping down to dismiss and re-tapping also works as an alternative if the tooltip is dismissed accidentally. Aside from that, the double-tap-to-wake gesture continues to register reliably across all three test units, and screen brightness auto-adjustment in direct sunlight remains accurate.",1,hard,long_irrelevant,long,1,,,4,
S01_054,S01,score,How severe is the reported bug?,"0 = Cosmetic: a visual or wording problem; functionality is unaffected | 1 = Minor: a feature misbehaves in an edge case or is inconvenient, and an easy workaround exists | 2 = Major: a core feature is broken or gives wrong results for many users; workarounds are painful or partial | 3 = Critical: crash, data loss, security hole, or the whole product is unusable, with no workaround","My sister has a heart condition, which is exactly why she started wearing a VitalPace band in the first place, on her cardiologist's advice actually, to log irregular episodes between appointments. Last week the app's history tab just... reset, showing zero entries going back to when she first set it up eight months ago, right as she was preparing a printout for her doctor. She's tried logging out, back in, reinstalling on a new phone, and every time it opens to the same empty history, like the account was never used at all.",3,hard,implicit,medium,3,,,4,
S01_055,S01,score,How severe is the reported bug?,"0 = Cosmetic: a visual or wording problem; functionality is unaffected | 1 = Minor: a feature misbehaves in an edge case or is inconvenient, and an easy workaround exists | 2 = Major: a core feature is broken or gives wrong results for many users; workarounds are painful or partial | 3 = Critical: crash, data loss, security hole, or the whole product is unusable, with no workaround","I want to report some small problems I am seeing in BrightPath after last update, nothing that stop me from doing my study, just things that look not correct. First, on the dashboard page, the progress bar for my current course is showing in orange color, but before update it was always blue color like other courses still showing. Second thing, the teacher name under each lesson title is using different font than rest of the page, looks like maybe old font that forgot to update, it is more bold and bigger little bit compare to lesson title itself. Third, when I open my certificate page after finishing one module last week, the congratulations text is overlapping very small with the trophy picture, maybe five pixel overlap, but I can still read all words clearly and certificate download button work perfectly, I already download two certificate this month with no problem at all. Fourth small thing, in the calendar view, weekend days (Saturday Sunday) are showing in very light grey almost white, hard to see the number but I can still click on them and they open correctly showing what assignment is due that day. None of these problem stop me from submitting homework, watching video lesson, taking quiz, or getting my grade, everything works same as before, only how it look is little bit different now compare to before update. I just want to mention in case designer team want to fix for next version.",0,easy,,long,0,,,4,
S01_056,S01,score,How severe is the reported bug?,"0 = Cosmetic: a visual or wording problem; functionality is unaffected | 1 = Minor: a feature misbehaves in an edge case or is inconvenient, and an easy workaround exists | 2 = Major: a core feature is broken or gives wrong results for many users; workarounds are painful or partial | 3 = Critical: crash, data loss, security hole, or the whole product is unusable, with no workaround","The always-on display setting on OrbitWatch resets to off after any firmware update, regardless of what it was set to beforehand. This has now happened across three consecutive firmware releases (2.7, 2.8, and 2.9), each time silently, with no notification that the setting changed. The fix is a single toggle in the display menu, taking about five seconds once you know to check it, but the update process gives no indication that anything reset, so the display simply appears off until manually corrected. Tested across four units on our team, all four showed the identical behavior after each of the three updates, so this is consistent rather than intermittent. No other display settings are affected — brightness, raise-to-wake, and screen timeout all persist correctly through updates. Battery statistics, heart-rate logging, and workout tracking continue functioning normally throughout, with or without the always-on display active. Reported this after the 2.7 update assuming it was a one-time issue, then again after 2.8, and now a third time after 2.9, so flagging it as a pattern worth fixing at the source rather than something users should expect to re-toggle after every release going forward.",1,medium,,long,1,,,4,
S01_057,S01,score,How severe is the reported bug?,"0 = Cosmetic: a visual or wording problem; functionality is unaffected | 1 = Minor: a feature misbehaves in an edge case or is inconvenient, and an easy workaround exists | 2 = Major: a core feature is broken or gives wrong results for many users; workarounds are painful or partial | 3 = Critical: crash, data loss, security hole, or the whole product is unusable, with no workaround","The heart-rate sensor on ChronoFit firmware 5.0 is producing readings that are unreliable during any activity involving wrist rotation — cycling, weightlifting, and rowing all show erratic spikes and drops of 30-50 bpm within a single minute of otherwise steady effort, confirmed against a chest-strap reference monitor worn simultaneously across twelve separate test sessions. Resting heart-rate and step-based activities like walking or running are largely unaffected, showing accuracy within the expected 3-5 bpm margin, which isolates the fault specifically to wrist-rotation activities rather than the sensor as a whole. We've reproduced this on eight different physical units across two hardware revisions, so it is not limited to a single batch. Rolling back to firmware 4.8 resolves the issue completely, which confirms this is a regression introduced in 5.0 rather than a hardware limitation, but rolling back also removes the sleep-stage improvements that shipped in the same update, meaning users have to choose between accurate heart-rate data during strength or cycling workouts and better sleep tracking, since both cannot currently be had on the same firmware version. Support has been directing affected users to manually log estimated calorie burn instead of relying on the automatic heart-rate-based calculation for these workout types, which is a workable stopgap for the small fraction of our users who track calories manually, but the majority who rely on the automatic zone-based calorie estimate are currently getting numbers that are off by a wide and unpredictable margin during exactly the workout types most of our power users do most often.",2,easy,,long,2,,,4,
S02_000,S02,score,How frustrated is the customer?,"0 = Calm and neutral: no sign of annoyance | 1 = Mildly inconvenienced: slight annoyance but patient and friendly | 2 = Clearly frustrated: complains about the problem and expresses dissatisfaction | 3 = Very frustrated: mentions repeated failures, strong complaints, patience running out | 4 = Furious: hostile, threatens to leave or escalate, may use all caps or insults","I'm writing again about the washing machine I bought from you six weeks ago, and honestly I'm running out of patience. This is the third time a technician has come to my apartment and left without actually fixing anything. The first visit, the repair person said it just needed a new drain pump, but two weeks later it started leaking again. The second technician said the actual problem was the control board, ordered a part, and never followed up to schedule the install. When I called last Tuesday, the agent on the phone told me a specialist would call within 48 hours - that was eight days ago and nobody has called. Meanwhile I've spent close to two hundred dollars on laundromat visits because the machine still doesn't work. I've kept every case number from every call: 4471, 4502, 4589, and now this one. Every time I explain the whole history again from scratch because apparently none of it gets written down properly. I work full time and I've had to take three half-days off just to be home for appointments that didn't solve anything. At this point I don't want another promise that someone will 'look into it' - I want a real date when this will actually be fixed, or I want the machine replaced entirely. I've been about as patient as anyone could reasonably be for six weeks straight, but I'm getting close to just disputing the charge with my bank and buying a machine from a different company. Please have someone with actual authority call me, not another agent reading from a script.",3,easy,,long,3,,,5,
S02_002,S02,score,How frustrated is the customer?,"0 = Calm and neutral: no sign of annoyance | 1 = Mildly inconvenienced: slight annoyance but patient and friendly | 2 = Clearly frustrated: complains about the problem and expresses dissatisfaction | 3 = Very frustrated: mentions repeated failures, strong complaints, patience running out | 4 = Furious: hostile, threatens to leave or escalate, may use all caps or insults","I noticed I was charged twice for my guest pass again this month, which makes the second time this has happened since I joined the downtown location. I get that twelve dollars isn't going to break anyone, but that's not really the point - it means nobody actually fixed it after I raised it the first time, and now I have to go through the whole thing again just to get a small refund. I'd appreciate it if someone actually looked at the account this time instead of just telling me it's resolved when it clearly isn't.",2,hard,distractor,medium,2,queue,,5,
S02_003,S02,score,How frustrated is the customer?,"0 = Calm and neutral: no sign of annoyance | 1 = Mildly inconvenienced: slight annoyance but patient and friendly | 2 = Clearly frustrated: complains about the problem and expresses dissatisfaction | 3 = Very frustrated: mentions repeated failures, strong complaints, patience running out | 4 = Furious: hostile, threatens to leave or escalate, may use all caps or insults","My order arrived almost an hour past the estimated time, and when it finally showed up, the fries were stone cold and the burger I paid extra for was clearly just a regular one swapped in. This is the second time in three orders that something's been wrong, and I don't think it's unreasonable to expect what I actually paid for. I'd like a refund for the difference, and honestly I'm starting to wonder if I should just order from somewhere else that gets it right the first time.",2,medium,,medium,2,,,5,
S02_004,S02,score,How frustrated is the customer?,"0 = Calm and neutral: no sign of annoyance | 1 = Mildly inconvenienced: slight annoyance but patient and friendly | 2 = Clearly frustrated: complains about the problem and expresses dissatisfaction | 3 = Very frustrated: mentions repeated failures, strong complaints, patience running out | 4 = Furious: hostile, threatens to leave or escalate, may use all caps or insults","I am done waiting on hold for a TOASTER. Three separate calls, three separate people telling me my replacement is 'processing,' and it has been SEVENTEEN DAYS for a thirty-dollar appliance that takes five minutes to swap out of a warehouse. This is genuinely pathetic. Either someone ships the replacement today or I'm charging back the entire order and telling everyone I know to avoid this company. I am not calling a fourth time to get the same scripted non-answer.",4,hard,distractor,medium,4,,,5,
S02_005,S02,score,How frustrated is the customer?,"0 = Calm and neutral: no sign of annoyance | 1 = Mildly inconvenienced: slight annoyance but patient and friendly | 2 = Clearly frustrated: complains about the problem and expresses dissatisfaction | 3 = Very frustrated: mentions repeated failures, strong complaints, patience running out | 4 = Furious: hostile, threatens to leave or escalate, may use all caps or insults","Hi there! I wanted to check in about the blender I ordered last week - it arrived yesterday but unfortunately the pitcher lid doesn't seal properly, so it leaks a bit whenever I blend anything liquid. It's a little annoying since I was looking forward to using it for smoothies every morning, but it's not a huge deal, I've just been holding a towel under it in the meantime! I looked through the manual and it doesn't seem to be something I can fix myself, so I think it might just need a replacement part or a new unit altogether. No rush on my end at all - I know you're probably dealing with a lot of requests, and I'd rather you take the time to sort it properly than rush something out that has the same issue. If it's easier, I'm happy to send a photo of the lid so your team can see exactly what's going on. I've ordered from you a few times before and everything else has always worked out fine, so I'm not worried this will be any different. Whenever you get a chance, just let me know what the next step is - whether that's a replacement lid, a whole new blender, or something else you'd recommend. Thanks so much for your help, and I hope you're having a good week otherwise! Also, if there's a warranty registration I should fill out for the replacement, just point me to it and I'll take care of that on my end too.",1,easy,,long,1,,,5,
S02_006,S02,score,How frustrated is the customer?,"0 = Calm and neutral: no sign of annoyance | 1 = Mildly inconvenienced: slight annoyance but patient and friendly | 2 = Clearly frustrated: complains about the problem and expresses dissatisfaction | 3 = Very frustrated: mentions repeated failures, strong complaints, patience running out | 4 = Furious: hostile, threatens to leave or escalate, may use all caps or insults","Someone at your company charged my card $412 for a plan I cancelled two months ago, and this is the third time I've had to deal with unauthorized charges from you people. I already disputed this once and was told it was 'fixed.' It was not fixed. I'm done being polite about this - if this charge isn't reversed by tomorrow, I'm reporting this as fraud to my bank, filing a complaint with the state attorney general's office, and posting the entire email chain publicly so other people know what they're dealing with. Do not send me another form response telling me to 'allow 5-7 business days.'",4,medium,,medium,4,,,5,
S02_007,S02,score,How frustrated is the customer?,"0 = Calm and neutral: no sign of annoyance | 1 = Mildly inconvenienced: slight annoyance but patient and friendly | 2 = Clearly frustrated: complains about the problem and expresses dissatisfaction | 3 = Very frustrated: mentions repeated failures, strong complaints, patience running out | 4 = Furious: hostile, threatens to leave or escalate, may use all caps or insults","This is the fourth time I've called about the data overage charge that was never supposed to happen, and I'm really losing patience with this. Every representative tells me something different, nobody follows up like they promise, and I still haven't gotten a straight answer about when it'll actually be fixed. I've been a customer for six years and I don't think it's too much to ask for this to just get resolved instead of restarted every single time I call.",3,easy,,medium,3,,,5,
S02_008,S02,score,How frustrated is the customer?,"0 = Calm and neutral: no sign of annoyance | 1 = Mildly inconvenienced: slight annoyance but patient and friendly | 2 = Clearly frustrated: complains about the problem and expresses dissatisfaction | 3 = Very frustrated: mentions repeated failures, strong complaints, patience running out | 4 = Furious: hostile, threatens to leave or escalate, may use all caps or insults","My internet's been dropping out for a few minutes every couple of hours since yesterday evening - not constant, just often enough that it trips me up mid-task sometimes. I restarted the router twice already, which helped for a bit but it started again this morning. No huge rush, but whenever someone has a minute, could you take a look at whether there's an outage on your end in my area? Happy to try anything else in the meantime too.",1,medium,,medium,1,,,5,
S02_009,S02,score,How frustrated is the customer?,"0 = Calm and neutral: no sign of annoyance | 1 = Mildly inconvenienced: slight annoyance but patient and friendly | 2 = Clearly frustrated: complains about the problem and expresses dissatisfaction | 3 = Very frustrated: mentions repeated failures, strong complaints, patience running out | 4 = Furious: hostile, threatens to leave or escalate, may use all caps or insults","Cancel my membership immediately, remove my card from your system entirely, and expect to hear from my attorney about the three charges you were told twice to stop making.",4,hard,implicit,short,4,,,5,
S02_010,S02,score,How frustrated is the customer?,"0 = Calm and neutral: no sign of annoyance | 1 = Mildly inconvenienced: slight annoyance but patient and friendly | 2 = Clearly frustrated: complains about the problem and expresses dissatisfaction | 3 = Very frustrated: mentions repeated failures, strong complaints, patience running out | 4 = Furious: hostile, threatens to leave or escalate, may use all caps or insults","This is my second message about flight 482 being delayed for the third time today with zero real explanation - first it was weather, then a crew issue, now nothing on the board at all. I've already missed the connection I paid extra to protect, and the app still won't let me rebook without holding for over an hour. I've tried being reasonable about this all afternoon, but I really need someone to actually get on the phone and sort out a new itinerary, not another push notification telling me to 'check back later.'",3,medium,,medium,3,,,5,
S02_011,S02,score,How frustrated is the customer?,"0 = Calm and neutral: no sign of annoyance | 1 = Mildly inconvenienced: slight annoyance but patient and friendly | 2 = Clearly frustrated: complains about the problem and expresses dissatisfaction | 3 = Very frustrated: mentions repeated failures, strong complaints, patience running out | 4 = Furious: hostile, threatens to leave or escalate, may use all caps or insults","I noticed the locker room key fobs at the north location have stopped working twice this week, so I've had to ask the front desk to let me in with my things instead of just tapping like usual. It's a small thing and everyone there has been nice about sorting me out both times, but I figured it's worth flagging in case other members are running into the same thing. Whenever your maintenance team gets a chance to look at the reader, that'd be great - definitely not urgent on my end.",1,hard,implicit,medium,1,,,5,
S02_012,S02,score,How frustrated is the customer?,"0 = Calm and neutral: no sign of annoyance | 1 = Mildly inconvenienced: slight annoyance but patient and friendly | 2 = Clearly frustrated: complains about the problem and expresses dissatisfaction | 3 = Very frustrated: mentions repeated failures, strong complaints, patience running out | 4 = Furious: hostile, threatens to leave or escalate, may use all caps or insults",For the third time this month my order's arrived missing the drink I paid for - I'm about ready to just stop ordering from you if this keeps happening.,3,hard,distractor,short,3,queue,,5,
S02_013,S02,score,How frustrated is the customer?,"0 = Calm and neutral: no sign of annoyance | 1 = Mildly inconvenienced: slight annoyance but patient and friendly | 2 = Clearly frustrated: complains about the problem and expresses dissatisfaction | 3 = Very frustrated: mentions repeated failures, strong complaints, patience running out | 4 = Furious: hostile, threatens to leave or escalate, may use all caps or insults","The space heater I bought two weeks ago already stopped turning on, and honestly for something marketed as heavy-duty I expected it to at least make it through one cold snap before dying on me.",2,medium,,short,2,queue,,5,
S02_014,S02,score,How frustrated is the customer?,"0 = Calm and neutral: no sign of annoyance | 1 = Mildly inconvenienced: slight annoyance but patient and friendly | 2 = Clearly frustrated: complains about the problem and expresses dissatisfaction | 3 = Very frustrated: mentions repeated failures, strong complaints, patience running out | 4 = Furious: hostile, threatens to leave or escalate, may use all caps or insults","Just wanted to flag that my account shows a $340 charge from a phone number I don't recognize, on a device I don't own, billed to my plan last night. I imagine this might be some kind of mix-up on the account or possibly identity theft, so whenever your fraud team has a chance, could they take a look and let me know what they find? No particular timeline needed, just wanted it on your radar so it doesn't get overlooked.",0,hard,distractor,medium,0,,,5,
S02_015,S02,score,How frustrated is the customer?,"0 = Calm and neutral: no sign of annoyance | 1 = Mildly inconvenienced: slight annoyance but patient and friendly | 2 = Clearly frustrated: complains about the problem and expresses dissatisfaction | 3 = Very frustrated: mentions repeated failures, strong complaints, patience running out | 4 = Furious: hostile, threatens to leave or escalate, may use all caps or insults","I've now been rerouted twice through two different cities to get to a wedding that starts in five hours, and each gate agent has given me a different reason for why the original flight got cancelled. I get that things happen, but this is the third disruption this trip alone, and I don't have much give left in how I'm handling it today. If there's any seat on anything leaving in the next two hours, I need it - I really can't afford another delay today.",3,medium,,medium,3,audit,,5,
S02_016,S02,score,How frustrated is the customer?,"0 = Calm and neutral: no sign of annoyance | 1 = Mildly inconvenienced: slight annoyance but patient and friendly | 2 = Clearly frustrated: complains about the problem and expresses dissatisfaction | 3 = Very frustrated: mentions repeated failures, strong complaints, patience running out | 4 = Furious: hostile, threatens to leave or escalate, may use all caps or insults","Hi! Just wanted to let you know that when my order showed up tonight, the small fries I added were missing from the bag - everything else was there and correct, just not those. It's a bit of a bummer since I was looking forward to them, but it's really not a big deal in the scheme of things, these things happen sometimes when a kitchen is busy! I don't need a full refund or anything dramatic, maybe just a credit for the fries themselves would be more than enough if that's something you're able to do. I've ordered from this location probably a dozen times now and this is honestly the first time anything's been missing, so I'm not too worried about it being a pattern. The delivery driver was really friendly and got everything here quickly despite what looked like a pretty busy Friday night, so no complaints there at all. If it's easier for your team, I'm also totally fine just letting this one go - I mainly wanted to mention it in case it helps you catch a packing issue on busier nights. Either way, thanks for reading through this, and I hope the rest of your evening goes smoothly! Let me know if you need my order number to look into the credit, happy to send it over whenever works for you.",1,easy,,long,1,,,5,
S02_017,S02,score,How frustrated is the customer?,"0 = Calm and neutral: no sign of annoyance | 1 = Mildly inconvenienced: slight annoyance but patient and friendly | 2 = Clearly frustrated: complains about the problem and expresses dissatisfaction | 3 = Very frustrated: mentions repeated failures, strong complaints, patience running out | 4 = Furious: hostile, threatens to leave or escalate, may use all caps or insults","I switched to the new unlimited plan last week and noticed my data speed drops noticeably after around 30GB of use, which I hadn't seen mentioned anywhere when I signed up. It hasn't really messed up anything I do day to day, streaming still works fine even if it takes a second longer to load, but I was curious whether that's expected or if something on my end might be off. Either way, no complaints about the switch overall - just wanted to check.",0,medium,,medium,1,queue,,5,
S02_018,S02,score,How frustrated is the customer?,"0 = Calm and neutral: no sign of annoyance | 1 = Mildly inconvenienced: slight annoyance but patient and friendly | 2 = Clearly frustrated: complains about the problem and expresses dissatisfaction | 3 = Very frustrated: mentions repeated failures, strong complaints, patience running out | 4 = Furious: hostile, threatens to leave or escalate, may use all caps or insults","This is the sixth hour my internet has been down today, the third day this month this has happened, and your automated line keeps hanging up on me after the same useless troubleshooting script. I work from home and I've now missed two client calls because of this. I want a technician at my house tomorrow morning or I want this account cancelled and every dollar I've paid this month refunded - and if I have to call a seventh time to get either of those things, I'm taking this to every review site I can find.",4,medium,,medium,4,,,5,
S02_020,S02,score,How frustrated is the customer?,"0 = Calm and neutral: no sign of annoyance | 1 = Mildly inconvenienced: slight annoyance but patient and friendly | 2 = Clearly frustrated: complains about the problem and expresses dissatisfaction | 3 = Very frustrated: mentions repeated failures, strong complaints, patience running out | 4 = Furious: hostile, threatens to leave or escalate, may use all caps or insults","My package was supposed to arrive three days ago and the tracking still just says 'in transit' with no updates since then. I've already rearranged my schedule twice to be home for it, and it's honestly frustrating to keep waiting without any real information. Could someone actually check where it is and give me a straight answer instead of the generic tracking page?",2,easy,,medium,2,,,5,
S02_021,S02,score,How frustrated is the customer?,"0 = Calm and neutral: no sign of annoyance | 1 = Mildly inconvenienced: slight annoyance but patient and friendly | 2 = Clearly frustrated: complains about the problem and expresses dissatisfaction | 3 = Very frustrated: mentions repeated failures, strong complaints, patience running out | 4 = Furious: hostile, threatens to leave or escalate, may use all caps or insults","Oh fantastic, the internet's down again - what a wonderful surprise for the fourth time this month, right as I'm on a call that could've saved my job. Truly, bravo to whoever keeps 'fixing' this, because it clearly works great. At this point I'd love nothing more than to keep paying you every month for a service that doesn't function, so please, do take your time getting back to me - I'll just be here explaining to my boss why I keep dropping off calls. Actually, no - fix this today or cancel my account, because I am done.",4,hard,sarcasm,medium,4,,,5,
S02_023,S02,score,How frustrated is the customer?,"0 = Calm and neutral: no sign of annoyance | 1 = Mildly inconvenienced: slight annoyance but patient and friendly | 2 = Clearly frustrated: complains about the problem and expresses dissatisfaction | 3 = Very frustrated: mentions repeated failures, strong complaints, patience running out | 4 = Furious: hostile, threatens to leave or escalate, may use all caps or insults","Hi there, I'd like to add an international roaming pack to my plan before I travel to Portugal next month. Could you let me know which options are available, what they cost, and how they'd apply against my current plan's data allowance? Happy to provide my account number if that's helpful for pulling up the details. Thanks so much for the help!",0,easy,,medium,0,,,5,
S02_024,S02,score,How frustrated is the customer?,"0 = Calm and neutral: no sign of annoyance | 1 = Mildly inconvenienced: slight annoyance but patient and friendly | 2 = Clearly frustrated: complains about the problem and expresses dissatisfaction | 3 = Very frustrated: mentions repeated failures, strong complaints, patience running out | 4 = Furious: hostile, threatens to leave or escalate, may use all caps or insults","I've looked at my statement three times now and I'm still being billed for the equipment protection add-on I cancelled back in March. This is the second billing cycle it's shown up on despite the email confirming it was removed. I'd like this actually taken off for good this time and the two months refunded, because I shouldn't have to keep tracking this myself.",2,medium,,medium,2,queue,,5,
S02_025,S02,score,How frustrated is the customer?,"0 = Calm and neutral: no sign of annoyance | 1 = Mildly inconvenienced: slight annoyance but patient and friendly | 2 = Clearly frustrated: complains about the problem and expresses dissatisfaction | 3 = Very frustrated: mentions repeated failures, strong complaints, patience running out | 4 = Furious: hostile, threatens to leave or escalate, may use all caps or insults","My connecting flight got pushed back forty minutes, so I'll have a shorter layover than planned, but the app says I should still make it comfortably. Just wanted to double check there's nothing else I need to do on my end.",0,medium,,short,1,queue,,5,
S02_028,S02,score,How frustrated is the customer?,"0 = Calm and neutral: no sign of annoyance | 1 = Mildly inconvenienced: slight annoyance but patient and friendly | 2 = Clearly frustrated: complains about the problem and expresses dissatisfaction | 3 = Very frustrated: mentions repeated failures, strong complaints, patience running out | 4 = Furious: hostile, threatens to leave or escalate, may use all caps or insults",I've called about this same billing error four times now and nobody has fixed it. Reverse the charge today or I'm cancelling everything and disputing every payment I've ever made to you.,4,medium,,short,4,,,5,
S02_029,S02,score,How frustrated is the customer?,"0 = Calm and neutral: no sign of annoyance | 1 = Mildly inconvenienced: slight annoyance but patient and friendly | 2 = Clearly frustrated: complains about the problem and expresses dissatisfaction | 3 = Very frustrated: mentions repeated failures, strong complaints, patience running out | 4 = Furious: hostile, threatens to leave or escalate, may use all caps or insults",This is UNACCEPTABLE - my package has been 'out for delivery' for six days straight with no explanation. Refund me NOW or I'm done ordering from this company for good.,4,easy,,short,4,,,5,
S02_030,S02,score,How frustrated is the customer?,"0 = Calm and neutral: no sign of annoyance | 1 = Mildly inconvenienced: slight annoyance but patient and friendly | 2 = Clearly frustrated: complains about the problem and expresses dissatisfaction | 3 = Very frustrated: mentions repeated failures, strong complaints, patience running out | 4 = Furious: hostile, threatens to leave or escalate, may use all caps or insults","My delivery is tracking about a day behind the original estimate, which I saw happens sometimes around the holidays. No action needed on my end - I just wanted to check whether the new estimated date is likely to hold, since I'll plan to be home either way. Thanks for the update either way!",0,medium,,medium,0,,,5,
S02_031,S02,score,How frustrated is the customer?,"0 = Calm and neutral: no sign of annoyance | 1 = Mildly inconvenienced: slight annoyance but patient and friendly | 2 = Clearly frustrated: complains about the problem and expresses dissatisfaction | 3 = Very frustrated: mentions repeated failures, strong complaints, patience running out | 4 = Furious: hostile, threatens to leave or escalate, may use all caps or insults","This is the third delay announced for this flight in the last two hours, and every single explanation has been different from the last one. I've already missed my hotel check-in window and now I'm being told there might not be a crew available at all tonight. I want a supervisor at this gate in the next ten minutes, and if I'm rebooked on a flight tomorrow without a hotel voucher and meal credit, I will be filing a formal complaint with the aviation authority the second I land.",4,medium,,medium,4,,,5,
S02_032,S02,score,How frustrated is the customer?,"0 = Calm and neutral: no sign of annoyance | 1 = Mildly inconvenienced: slight annoyance but patient and friendly | 2 = Clearly frustrated: complains about the problem and expresses dissatisfaction | 3 = Very frustrated: mentions repeated failures, strong complaints, patience running out | 4 = Furious: hostile, threatens to leave or escalate, may use all caps or insults","Hello, I'm reaching out about a charge on my account from last week that I don't recognize - it's listed as $58.20 under a merchant code I'm not familiar with, dated the 14th. I've gone through my recent purchases and can't match it to anything I bought, so I wanted to check whether it might be related to a subscription renewal, a partner service bundled with my plan, or possibly something that needs a closer look on your end. I'm not too worried about it either way; these things usually turn out to have a simple explanation, whether that's a delayed charge from something I forgot about or a processing quirk on your side. If it does turn out to be something that needs correcting, that's completely fine, there's no rush at all - whenever your billing team has a chance to look into it works for me. I mostly just wanted to get this on record in case it's useful to flag early rather than waiting until it happens again, if it's actually a pattern rather than a one-off. Please let me know if you need any additional information from me, like a screenshot of the statement or the exact reference number listed next to the charge - happy to send whatever would help move things along. Thanks very much for taking a look, and have a great rest of your week.",0,easy,,long,0,,,5,
S02_033,S02,score,How frustrated is the customer?,"0 = Calm and neutral: no sign of annoyance | 1 = Mildly inconvenienced: slight annoyance but patient and friendly | 2 = Clearly frustrated: complains about the problem and expresses dissatisfaction | 3 = Very frustrated: mentions repeated failures, strong complaints, patience running out | 4 = Furious: hostile, threatens to leave or escalate, may use all caps or insults","The ice maker on the fridge I bought last month seems to only make about half the amount of ice the manual says it should, though everything else about the unit is working exactly as expected. I looked through the settings and don't see anything obviously misconfigured, so I thought I'd check whether that's just normal for this model or if there's a setting I might be missing. Not a big deal if it's expected behavior - just curious either way.",0,medium,,medium,0,,,5,
S02_037,S02,score,How frustrated is the customer?,"0 = Calm and neutral: no sign of annoyance | 1 = Mildly inconvenienced: slight annoyance but patient and friendly | 2 = Clearly frustrated: complains about the problem and expresses dissatisfaction | 3 = Very frustrated: mentions repeated failures, strong complaints, patience running out | 4 = Furious: hostile, threatens to leave or escalate, may use all caps or insults","I've emailed about the billing issue on my membership three separate times now, and I keep getting the same auto-reply saying someone will follow up within 48 hours, which has now stretched into almost three weeks with zero actual response from a person. The problem itself isn't even complicated - I was charged for the annual plan when I specifically selected monthly at sign-up, and I have the confirmation email showing exactly that, which I've now attached three separate times to three separate threads. Each time I follow up, I have to start over because whoever picks up the new email clearly hasn't read the previous ones, judging by the questions they ask me. I've tried calling twice as well, and both times I was on hold for over 40 minutes before getting disconnected without ever reaching anyone. At this point I've paid for four months of a membership tier I never agreed to, and I'm genuinely running out of ways to explain this that would get someone to actually look at the attached proof instead of asking me to describe the problem again from scratch. I'd like the difference refunded and the plan corrected to monthly going forward, and I'd really appreciate if this could be handled by one person who reads the whole thread instead of getting reset every time. If I don't hear something concrete this week, I'm going to have to dispute the charges directly with my card issuer, which I'd honestly rather not do if this can just get fixed the normal way.",3,medium,,long,3,queue,,5,
S02_038,S02,score,How frustrated is the customer?,"0 = Calm and neutral: no sign of annoyance | 1 = Mildly inconvenienced: slight annoyance but patient and friendly | 2 = Clearly frustrated: complains about the problem and expresses dissatisfaction | 3 = Very frustrated: mentions repeated failures, strong complaints, patience running out | 4 = Furious: hostile, threatens to leave or escalate, may use all caps or insults","Oh, I just love finding a surprise $95 'service fee' on my statement for the third month running - really keeps things exciting! I'm sure there's a perfectly good explanation, the same way there was the last two times someone told me it was 'already removed' and then it showed up again anyway. I'd be ever so grateful if someone could actually take it off for good this time, rather than telling me it's handled and having me discover otherwise next month like clockwork.",3,hard,sarcasm,medium,3,queue,,5,
S02_039,S02,score,How frustrated is the customer?,"0 = Calm and neutral: no sign of annoyance | 1 = Mildly inconvenienced: slight annoyance but patient and friendly | 2 = Clearly frustrated: complains about the problem and expresses dissatisfaction | 3 = Very frustrated: mentions repeated failures, strong complaints, patience running out | 4 = Furious: hostile, threatens to leave or escalate, may use all caps or insults","Wonderful, my 'unlimited' plan throttled me down to dial-up speeds again halfway through the month. Would be great if that word actually meant something on my bill.",2,hard,sarcasm,short,2,queue,,5,
S02_040,S02,score,How frustrated is the customer?,"0 = Calm and neutral: no sign of annoyance | 1 = Mildly inconvenienced: slight annoyance but patient and friendly | 2 = Clearly frustrated: complains about the problem and expresses dissatisfaction | 3 = Very frustrated: mentions repeated failures, strong complaints, patience running out | 4 = Furious: hostile, threatens to leave or escalate, may use all caps or insults","Quick question - does the veggie wrap on your lunch menu contain nuts? Just checking before I place an order, thanks!",0,easy,,short,0,,,5,
S02_042,S02,score,How frustrated is the customer?,"0 = Calm and neutral: no sign of annoyance | 1 = Mildly inconvenienced: slight annoyance but patient and friendly | 2 = Clearly frustrated: complains about the problem and expresses dissatisfaction | 3 = Very frustrated: mentions repeated failures, strong complaints, patience running out | 4 = Furious: hostile, threatens to leave or escalate, may use all caps or insults","This is the third replacement part your team has sent for the same dishwasher in six weeks, and I've now used up every vacation day I had left waiting home for technicians who keep showing up without the right tools.",3,hard,implicit,short,3,queue,,5,
S02_043,S02,score,How frustrated is the customer?,"0 = Calm and neutral: no sign of annoyance | 1 = Mildly inconvenienced: slight annoyance but patient and friendly | 2 = Clearly frustrated: complains about the problem and expresses dissatisfaction | 3 = Very frustrated: mentions repeated failures, strong complaints, patience running out | 4 = Furious: hostile, threatens to leave or escalate, may use all caps or insults",My flight has been delayed twice already today and nobody at the gate can tell me anything useful - it's honestly pretty frustrating trying to plan around updates that keep changing.,2,easy,,short,2,,,5,
S02_045,S02,score,How frustrated is the customer?,"0 = Calm and neutral: no sign of annoyance | 1 = Mildly inconvenienced: slight annoyance but patient and friendly | 2 = Clearly frustrated: complains about the problem and expresses dissatisfaction | 3 = Very frustrated: mentions repeated failures, strong complaints, patience running out | 4 = Furious: hostile, threatens to leave or escalate, may use all caps or insults","My connection has dropped three separate times during work calls this week, and each time I have to scramble to rejoin from my phone while everyone waits. I checked and it's not a device issue since it happens on every device in the house. I'd like someone to actually look into what's causing it rather than just telling me to restart the router again, since I've already done that more times than I can count.",3,medium,,medium,2,queue,,5,
S02_047,S02,score,How frustrated is the customer?,"0 = Calm and neutral: no sign of annoyance | 1 = Mildly inconvenienced: slight annoyance but patient and friendly | 2 = Clearly frustrated: complains about the problem and expresses dissatisfaction | 3 = Very frustrated: mentions repeated failures, strong complaints, patience running out | 4 = Furious: hostile, threatens to leave or escalate, may use all caps or insults","I am absolutely done with this. You charged me TWICE for the same order and when I called to fix it, the rep hung up on me mid-sentence. This is theft, plain and simple, and if I don't see both charges reversed by end of day, I'm reporting this to my bank as fraud and never using this company again.",4,easy,,medium,4,,,5,
S02_048,S02,score,How frustrated is the customer?,"0 = Calm and neutral: no sign of annoyance | 1 = Mildly inconvenienced: slight annoyance but patient and friendly | 2 = Clearly frustrated: complains about the problem and expresses dissatisfaction | 3 = Very frustrated: mentions repeated failures, strong complaints, patience running out | 4 = Furious: hostile, threatens to leave or escalate, may use all caps or insults","I ordered a large pepperoni pizza and got a small cheese one instead, which is frustrating because I specifically paid extra for the large size and the toppings I wanted. This is the second mix-up from this location in the past month, and I'd like either a correction or a refund - it shouldn't be this hard to get the right order.",2,easy,,medium,2,,,5,
S02_051,S02,score,How frustrated is the customer?,"0 = Calm and neutral: no sign of annoyance | 1 = Mildly inconvenienced: slight annoyance but patient and friendly | 2 = Clearly frustrated: complains about the problem and expresses dissatisfaction | 3 = Very frustrated: mentions repeated failures, strong complaints, patience running out | 4 = Furious: hostile, threatens to leave or escalate, may use all caps or insults","I have had it with this gym completely. This is the SIXTH time I've been charged for a personal training package I cancelled back in June, and every single time I call, someone tells me it's 'been removed' and then it shows up again the very next month like nothing happened. I have the cancellation confirmation email sitting right in front of me with a date, a confirmation number, and a name, and somehow that still isn't enough for anyone there to actually fix this. I have wasted literal hours of my life on hold, repeating the same story to person after person who clearly cannot do anything except apologize and transfer me to someone else who also cannot do anything. At this point I don't believe a single word anyone from this company tells me, because I've been told it's fixed at least four times now and it has never once actually been fixed. I want every single one of these charges refunded immediately, I want my membership cancelled effective today, and I want it in writing, because clearly a phone call means absolutely nothing here. If this isn't resolved by tomorrow, I am disputing every charge with my bank, reporting this company to consumer protection, and telling every single person I know who mentioned joining this gym to run in the other direction. I have never in my life dealt with a company this incompetent, and at this point I'm not even asking nicely anymore.",4,easy,,long,4,,,5,
S02_052,S02,score,How frustrated is the customer?,"0 = Calm and neutral: no sign of annoyance | 1 = Mildly inconvenienced: slight annoyance but patient and friendly | 2 = Clearly frustrated: complains about the problem and expresses dissatisfaction | 3 = Very frustrated: mentions repeated failures, strong complaints, patience running out | 4 = Furious: hostile, threatens to leave or escalate, may use all caps or insults","The espresso machine's steam wand seems to need a firmer twist than the manual describes to lock into place - works fine once it's seated, just noting it in case that's useful for the next version of the manual.",0,hard,implicit,short,0,,,5,
S02_053,S02,score,How frustrated is the customer?,"0 = Calm and neutral: no sign of annoyance | 1 = Mildly inconvenienced: slight annoyance but patient and friendly | 2 = Clearly frustrated: complains about the problem and expresses dissatisfaction | 3 = Very frustrated: mentions repeated failures, strong complaints, patience running out | 4 = Furious: hostile, threatens to leave or escalate, may use all caps or insults","This is the second time this week a package has shown as delivered when nothing was actually left at my door, and both times I've had to file a claim and wait days for any response. I've got security footage proving nothing was dropped off either time, which I've already sent twice now. I really need this resolved without having to explain the whole thing a third time, because at this point I'm not sure what else I can do to prove packages aren't showing up.",3,medium,,medium,3,queue,,5,
S02_054,S02,score,How frustrated is the customer?,"0 = Calm and neutral: no sign of annoyance | 1 = Mildly inconvenienced: slight annoyance but patient and friendly | 2 = Clearly frustrated: complains about the problem and expresses dissatisfaction | 3 = Very frustrated: mentions repeated failures, strong complaints, patience running out | 4 = Furious: hostile, threatens to leave or escalate, may use all caps or insults","Hi! I noticed a small charge on my statement this month for $4.99 labeled as a 'service fee' that I don't remember seeing on previous statements. It's not a huge amount by any means, so I'm not too worried about it, but I figured it was worth asking about since I couldn't immediately place what it was for. I looked back through my recent settings changes and emails and didn't see anything obvious that would explain a new fee being added, so I thought I'd just check with you all directly rather than guess. If it turns out to be something new that got added to my plan, that's completely fine, I just want to understand what it covers so I know what I'm paying for going forward. And if it's some kind of billing error, no worries at all either, these things happen and I'm sure it's a quick fix on your end. Either way, there's genuinely no rush on my part, I mostly just wanted to flag it while it was fresh in my mind rather than let it slip and forget to ask next month. Feel free to just reply whenever you get a chance, and let me know if you need my account number or the exact date of the charge to look into it - happy to send over whatever's useful. Thanks so much for your help, and hope you're having a good week!",0,easy,,long,1,queue,,5,
S02_055,S02,score,How frustrated is the customer?,"0 = Calm and neutral: no sign of annoyance | 1 = Mildly inconvenienced: slight annoyance but patient and friendly | 2 = Clearly frustrated: complains about the problem and expresses dissatisfaction | 3 = Very frustrated: mentions repeated failures, strong complaints, patience running out | 4 = Furious: hostile, threatens to leave or escalate, may use all caps or insults","Hi, quick question about my plan - I upgraded to the 15GB tier last week but I'm still seeing throttled speeds once I hit around 8GB, which is a bit annoying since that's half of what I'm supposedly paying for now. Not a huge deal, I can work around it for now, just wanted to flag it in case something didn't switch over properly on your end. Would appreciate a check whenever someone has a minute!",1,medium,,medium,1,,,5,True
S02_056,S02,score,How frustrated is the customer?,"0 = Calm and neutral: no sign of annoyance | 1 = Mildly inconvenienced: slight annoyance but patient and friendly | 2 = Clearly frustrated: complains about the problem and expresses dissatisfaction | 3 = Very frustrated: mentions repeated failures, strong complaints, patience running out | 4 = Furious: hostile, threatens to leave or escalate, may use all caps or insults",Kind of annoying that my new plan still shows the old data cap in the app even though support confirmed the upgrade went through - could someone take a look when you get a chance?,1,medium,,short,1,,,5,True
S02_057,S02,score,How frustrated is the customer?,"0 = Calm and neutral: no sign of annoyance | 1 = Mildly inconvenienced: slight annoyance but patient and friendly | 2 = Clearly frustrated: complains about the problem and expresses dissatisfaction | 3 = Very frustrated: mentions repeated failures, strong complaints, patience running out | 4 = Furious: hostile, threatens to leave or escalate, may use all caps or insults","A bit frustrating that my package has been sitting at 'out for delivery' since yesterday morning with no update since, but I know these things happen - just wanted to check if there's an actual estimate.",1,medium,,short,1,,,5,True
S02_059,S02,score,How frustrated is the customer?,"0 = Calm and neutral: no sign of annoyance | 1 = Mildly inconvenienced: slight annoyance but patient and friendly | 2 = Clearly frustrated: complains about the problem and expresses dissatisfaction | 3 = Very frustrated: mentions repeated failures, strong complaints, patience running out | 4 = Furious: hostile, threatens to leave or escalate, may use all caps or insults","So I switched my billing date like you suggested, and it mostly worked, except now my autopay ran a day early and overlapped with another payment, which was a little annoying to sort out with my bank. Nothing major, I got it fixed on my end, I just wanted to mention it in case the date change is causing the same hiccup for other people too. Thanks for your help earlier, by the way - that part went smoothly!",1,medium,,medium,1,,,5,True
S02_061,S02,score,How frustrated is the customer?,"0 = Calm and neutral: no sign of annoyance | 1 = Mildly inconvenienced: slight annoyance but patient and friendly | 2 = Clearly frustrated: complains about the problem and expresses dissatisfaction | 3 = Very frustrated: mentions repeated failures, strong complaints, patience running out | 4 = Furious: hostile, threatens to leave or escalate, may use all caps or insults",Kind of annoying that the departure board still says 'on time' when the gate agent already told us it's running about thirty minutes late - any chance the app could just get updated to match?,1,medium,,short,1,,,5,True
S02_062,S02,score,How frustrated is the customer?,"0 = Calm and neutral: no sign of annoyance | 1 = Mildly inconvenienced: slight annoyance but patient and friendly | 2 = Clearly frustrated: complains about the problem and expresses dissatisfaction | 3 = Very frustrated: mentions repeated failures, strong complaints, patience running out | 4 = Furious: hostile, threatens to leave or escalate, may use all caps or insults","My delivery window came and went yesterday without the package showing up, and it's still just sitting at the same status this morning, which is mildly frustrating since I took the afternoon off to be home for it. I'm sure it'll turn up, I just wanted to see if you have any more specific timing than what the tracking page shows. Appreciate you looking into it whenever you can!",1,medium,,medium,1,,,5,True
S02_063,S02,score,How frustrated is the customer?,"0 = Calm and neutral: no sign of annoyance | 1 = Mildly inconvenienced: slight annoyance but patient and friendly | 2 = Clearly frustrated: complains about the problem and expresses dissatisfaction | 3 = Very frustrated: mentions repeated failures, strong complaints, patience running out | 4 = Furious: hostile, threatens to leave or escalate, may use all caps or insults","My delivery was marked as complete yesterday but nothing was actually left at my door, and now I'm out the cost of the order with no idea how to resolve it. This isn't good enough for something I paid for in advance.",2,medium,,short,2,,,5,True
S02_064,S02,score,How frustrated is the customer?,"0 = Calm and neutral: no sign of annoyance | 1 = Mildly inconvenienced: slight annoyance but patient and friendly | 2 = Clearly frustrated: complains about the problem and expresses dissatisfaction | 3 = Very frustrated: mentions repeated failures, strong complaints, patience running out | 4 = Furious: hostile, threatens to leave or escalate, may use all caps or insults",I'm pretty unhappy that my package arrived three days past the delivery window with zero explanation or update the entire time. At the very least I'd expect some kind of notice when something's running that late.,2,medium,,short,2,,,5,True
S03_000,S03,score,How formal is the language of this text?,"0 = Very informal: slang, abbreviations, emojis, no capitalization, chat-style | 1 = Casual: relaxed everyday language with contractions and a friendly tone | 2 = Neutral: standard, clear language suitable for most contexts | 3 = Formal: professional register, complete sentences, polite conventions, few contractions | 4 = Very formal: ceremonial or legalistic language, elaborate courtesy, rigid structure","yo bday bash is this sat at my place, pull up around 8ish. bring whoever, i got snacks n drinks covered but if u wanna bring a bottle thats cool too. gonna have some tunes going and maybe a fire pit if it doesnt rain lol. lmk if ur coming so i know how much ice to grab, dont be that person who ghosts the group chat",0,medium,,medium,0,,,5,
S03_001,S03,score,How formal is the language of this text?,"0 = Very informal: slang, abbreviations, emojis, no capitalization, chat-style | 1 = Casual: relaxed everyday language with contractions and a friendly tone | 2 = Neutral: standard, clear language suitable for most contexts | 3 = Formal: professional register, complete sentences, polite conventions, few contractions | 4 = Very formal: ceremonial or legalistic language, elaborate courtesy, rigid structure","Quick note: the shared drive folder for the Q3 report has been reorganized, so the file you were looking for is now under Reports > 2026 > Q3. Let me know if you still can't find it.",2,medium,,short,2,,,5,
S03_002,S03,score,How formal is the language of this text?,"0 = Very informal: slang, abbreviations, emojis, no capitalization, chat-style | 1 = Casual: relaxed everyday language with contractions and a friendly tone | 2 = Neutral: standard, clear language suitable for most contexts | 3 = Formal: professional register, complete sentences, polite conventions, few contractions | 4 = Very formal: ceremonial or legalistic language, elaborate courtesy, rigid structure","Hey! Sorry for the random message, it's been such a chaotic week over here. We finally got the new couch delivered on Tuesday and it barely fit through the door, my roommate and I were sweating trying to angle it around the hallway corner for like twenty minutes straight. Anyway, it looks great now that it's in, way comfier than the old one.

Also, funny story, I tried a new recipe over the weekend, some kind of baked ziti thing, and I totally forgot to add the ricotta until it was already in the oven, so I had to pull it back out halfway through and mix it in. Still turned out decent somehow, my friends said it was actually pretty good, which honestly surprised me.

Oh, one thing though, that blender I bought from your store last month totally konked out on me, it just stopped working out of nowhere after barely a few uses, and I'm pretty bummed about it since it wasn't cheap. Figured I'd mention it in case there's an easy fix or a swap I can do.

Anyway, other than that, things have been pretty good. We're thinking about doing a little trip next month if the weather cooperates, nothing fancy, maybe just a couple days somewhere with a lake. I'll keep you posted on that. Let me know if you want to grab lunch sometime this week, it's been way too long since we caught up properly!",1,hard,long_irrelevant,long,1,,,5,
S03_003,S03,score,How formal is the language of this text?,"0 = Very informal: slang, abbreviations, emojis, no capitalization, chat-style | 1 = Casual: relaxed everyday language with contractions and a friendly tone | 2 = Neutral: standard, clear language suitable for most contexts | 3 = Formal: professional register, complete sentences, polite conventions, few contractions | 4 = Very formal: ceremonial or legalistic language, elaborate courtesy, rigid structure","Dear Mr. Alvarez, I am writing to apologize for the delay in submitting the revised contract you requested last week. The oversight was due to an internal scheduling error on our end, and I take full responsibility for the inconvenience it may have caused. Please find the corrected document attached for your review. I would be happy to discuss any further changes at your earliest convenience. Thank you for your patience and understanding in this matter.",3,easy,,medium,3,,,5,
S03_004,S03,score,How formal is the language of this text?,"0 = Very informal: slang, abbreviations, emojis, no capitalization, chat-style | 1 = Casual: relaxed everyday language with contractions and a friendly tone | 2 = Neutral: standard, clear language suitable for most contexts | 3 = Formal: professional register, complete sentences, polite conventions, few contractions | 4 = Very formal: ceremonial or legalistic language, elaborate courtesy, rigid structure","Hey team, just a quick heads-up that we're moving Friday's happy hour to the rooftop bar instead of the usual spot since it's supposed to be nice out. Same time, 5:30, and drinks are on the department budget as always. Feel free to bring a plus-one if you want, we've got the space reserved till 8. Let me know if you've got any food allergies so I can sort out snacks.",1,easy,,medium,1,,,5,
S03_005,S03,score,How formal is the language of this text?,"0 = Very informal: slang, abbreviations, emojis, no capitalization, chat-style | 1 = Casual: relaxed everyday language with contractions and a friendly tone | 2 = Neutral: standard, clear language suitable for most contexts | 3 = Formal: professional register, complete sentences, polite conventions, few contractions | 4 = Very formal: ceremonial or legalistic language, elaborate courtesy, rigid structure","I wanted to reach out regarding the miscommunication about the shipment schedule that occurred last Thursday. Upon reviewing the correspondence, it is clear the error originated from our logistics team, and I recognize the disruption this caused to your operations. Arrangements have been made to expedite the replacement order at no additional cost, and it should arrive within the next three business days. I appreciate your continued patience as we resolve this matter.",3,medium,,medium,3,,,5,
S03_006,S03,score,How formal is the language of this text?,"0 = Very informal: slang, abbreviations, emojis, no capitalization, chat-style | 1 = Casual: relaxed everyday language with contractions and a friendly tone | 2 = Neutral: standard, clear language suitable for most contexts | 3 = Formal: professional register, complete sentences, polite conventions, few contractions | 4 = Very formal: ceremonial or legalistic language, elaborate courtesy, rigid structure","Due to a scheduling conflict, I must request that we move our meeting originally set for Tuesday at 10 a.m. to Thursday at the same time, if that is convenient for you. I apologize for any inconvenience this change may cause and am happy to adjust further should the new time not suit your calendar. Please confirm at your earliest convenience so I can update the invitation accordingly. Thank you for your flexibility.",3,medium,,medium,3,,,5,
S03_008,S03,score,How formal is the language of this text?,"0 = Very informal: slang, abbreviations, emojis, no capitalization, chat-style | 1 = Casual: relaxed everyday language with contractions and a friendly tone | 2 = Neutral: standard, clear language suitable for most contexts | 3 = Formal: professional register, complete sentences, polite conventions, few contractions | 4 = Very formal: ceremonial or legalistic language, elaborate courtesy, rigid structure","So sorry about missing your call earlier, I was stuck in back-to-back stuff all afternoon. I know you were waiting on an answer about the trip, so my bad for leaving you hanging. Please accept my sincere apologies for the delay. Anyway, I'm free tonight if you want to hash it out over pizza, just say the word.",1,hard,mixed_signals,medium,1,queue,,5,
S03_009,S03,score,How formal is the language of this text?,"0 = Very informal: slang, abbreviations, emojis, no capitalization, chat-style | 1 = Casual: relaxed everyday language with contractions and a friendly tone | 2 = Neutral: standard, clear language suitable for most contexts | 3 = Formal: professional register, complete sentences, polite conventions, few contractions | 4 = Very formal: ceremonial or legalistic language, elaborate courtesy, rigid structure","To All Staff,

I am writing to inform you of an update to our office attendance policy, effective the first of next month. Following a review of workplace flexibility conducted over the past quarter, the leadership team has decided to adopt a hybrid schedule that will apply across all departments.

Employees will be expected to be present in the office on Tuesdays, Wednesdays, and Thursdays, with the option to work remotely on Mondays and Fridays, provided that operational needs are met. Team leads will coordinate scheduling within their groups to ensure adequate coverage during the transition period.

This decision reflects feedback gathered through the recent employee survey, in which a majority of respondents expressed a preference for a structured hybrid arrangement over either a fully remote or fully in-office model. We believe this approach balances collaboration with the flexibility that many of you have come to value.

Further details, including guidance on booking desks and updated building access hours, will be circulated by the facilities team in the coming days. Managers are encouraged to discuss any individual circumstances with their direct reports and to escalate questions to Human Resources where necessary.

We appreciate your patience as we implement this change and remain committed to refining the policy based on your continued feedback. Should you have any immediate concerns, please do not hesitate to contact your department head.",3,medium,,long,3,,,5,
S03_011,S03,score,How formal is the language of this text?,"0 = Very informal: slang, abbreviations, emojis, no capitalization, chat-style | 1 = Casual: relaxed everyday language with contractions and a friendly tone | 2 = Neutral: standard, clear language suitable for most contexts | 3 = Formal: professional register, complete sentences, polite conventions, few contractions | 4 = Very formal: ceremonial or legalistic language, elaborate courtesy, rigid structure","It is with great pleasure that the board announces the appointment of Ms. Helena Cortez as Director of Public Affairs, effective the first of January. The board extends its warmest congratulations and every confidence in her continued service to the institution.",4,medium,,short,4,,,5,
S03_012,S03,score,How formal is the language of this text?,"0 = Very informal: slang, abbreviations, emojis, no capitalization, chat-style | 1 = Casual: relaxed everyday language with contractions and a friendly tone | 2 = Neutral: standard, clear language suitable for most contexts | 3 = Formal: professional register, complete sentences, polite conventions, few contractions | 4 = Very formal: ceremonial or legalistic language, elaborate courtesy, rigid structure","cant make the 3pm anymore, can we push to later today? lmk",0,easy,,short,0,audit,,5,
S03_014,S03,score,How formal is the language of this text?,"0 = Very informal: slang, abbreviations, emojis, no capitalization, chat-style | 1 = Casual: relaxed everyday language with contractions and a friendly tone | 2 = Neutral: standard, clear language suitable for most contexts | 3 = Formal: professional register, complete sentences, polite conventions, few contractions | 4 = Very formal: ceremonial or legalistic language, elaborate courtesy, rigid structure",hey my sink is leaking again lol can u send someone this week? kinda annoying now,0,easy,,short,0,,,5,
S03_016,S03,score,How formal is the language of this text?,"0 = Very informal: slang, abbreviations, emojis, no capitalization, chat-style | 1 = Casual: relaxed everyday language with contractions and a friendly tone | 2 = Neutral: standard, clear language suitable for most contexts | 3 = Formal: professional register, complete sentences, polite conventions, few contractions | 4 = Very formal: ceremonial or legalistic language, elaborate courtesy, rigid structure","Please be advised that the board meeting shall henceforth be convened on the 10th of October rather than the 3rd (sorry for the late notice!), and kindly confirm your attendance by return correspondence at your earliest convenience.",4,hard,mixed_signals,short,4,queue,,5,
S03_017,S03,score,How formal is the language of this text?,"0 = Very informal: slang, abbreviations, emojis, no capitalization, chat-style | 1 = Casual: relaxed everyday language with contractions and a friendly tone | 2 = Neutral: standard, clear language suitable for most contexts | 3 = Formal: professional register, complete sentences, polite conventions, few contractions | 4 = Very formal: ceremonial or legalistic language, elaborate courtesy, rigid structure","okay so weekend was WILD lol. friday night we ended up at that new taco place downtown, the one with the neon sign, and honestly the guac was mid but the tacos slapped. saturday i just chilled, watched like 4 episodes of that show everyone's obsessed with rn, still don't get the hype tbh. then sunday my sis dragged me to brunch w her friends who i dont even know like that, awkward vibes for sure lol.

oh also lowkey forgot to mention, that blender i ordered off that site last week? total garbage, broke after like two smoothies, the blade thing just stopped spinning n now it makes this weird grinding noise. gonna have to deal w customer service which is always a whole thing. anyway ignore that lol.

back to the weekend tho, sunday night we just ordered pizza and played mario kart till like 1am, my roommate is scary good at rainbow road istg. mondays are always rough after a weekend like that ngl, coffee isnt even hitting today. anyway hbu, what'd u get up to this weekend? we should hang soon, its been forever",0,hard,long_irrelevant,long,0,,,5,
S03_018,S03,score,How formal is the language of this text?,"0 = Very informal: slang, abbreviations, emojis, no capitalization, chat-style | 1 = Casual: relaxed everyday language with contractions and a friendly tone | 2 = Neutral: standard, clear language suitable for most contexts | 3 = Formal: professional register, complete sentences, polite conventions, few contractions | 4 = Very formal: ceremonial or legalistic language, elaborate courtesy, rigid structure",Just a heads-up: the client meeting notes are up on the shared drive if you want to take a look before tomorrow. Let me know if anything's missing!,1,medium,,short,1,,,5,
S03_019,S03,score,How formal is the language of this text?,"0 = Very informal: slang, abbreviations, emojis, no capitalization, chat-style | 1 = Casual: relaxed everyday language with contractions and a friendly tone | 2 = Neutral: standard, clear language suitable for most contexts | 3 = Formal: professional register, complete sentences, polite conventions, few contractions | 4 = Very formal: ceremonial or legalistic language, elaborate courtesy, rigid structure","yo party's moved to sat instead of fri, same place same time lol spread the word",0,easy,,short,0,,,5,
S03_020,S03,score,How formal is the language of this text?,"0 = Very informal: slang, abbreviations, emojis, no capitalization, chat-style | 1 = Casual: relaxed everyday language with contractions and a friendly tone | 2 = Neutral: standard, clear language suitable for most contexts | 3 = Formal: professional register, complete sentences, polite conventions, few contractions | 4 = Very formal: ceremonial or legalistic language, elaborate courtesy, rigid structure","It is with genuine regret that I acknowledge the shortcomings in the service you received during your recent visit to our establishment. Such an experience falls well below the standard to which we hold ourselves, and for this I offer my most sincere and heartfelt apologies. Rest assured that the matter has been brought to the attention of senior management and that measures are being undertaken to ensure it is not repeated. We would be most honored if you would permit us the opportunity to restore your confidence in us.",4,medium,,medium,4,,,5,
S03_021,S03,score,How formal is the language of this text?,"0 = Very informal: slang, abbreviations, emojis, no capitalization, chat-style | 1 = Casual: relaxed everyday language with contractions and a friendly tone | 2 = Neutral: standard, clear language suitable for most contexts | 3 = Formal: professional register, complete sentences, polite conventions, few contractions | 4 = Very formal: ceremonial or legalistic language, elaborate courtesy, rigid structure","I'm reaching out about an issue with my last two invoices, which both list the wrong billing address despite my request to update it in March. This has caused some confusion with my accounting records, so I'd like it corrected before the next billing cycle. Could you confirm once the change has been made? I'd appreciate a quick update either way.",2,medium,,medium,2,,,5,
S03_022,S03,score,How formal is the language of this text?,"0 = Very informal: slang, abbreviations, emojis, no capitalization, chat-style | 1 = Casual: relaxed everyday language with contractions and a friendly tone | 2 = Neutral: standard, clear language suitable for most contexts | 3 = Formal: professional register, complete sentences, polite conventions, few contractions | 4 = Very formal: ceremonial or legalistic language, elaborate courtesy, rigid structure",The partners of Whitmore & Sons request the honor of your presence at the firm's fortieth anniversary gala at the Grand Pavilion on the evening of June 12th; black tie attire is kindly requested.,4,easy,,short,4,,,5,
S03_023,S03,score,How formal is the language of this text?,"0 = Very informal: slang, abbreviations, emojis, no capitalization, chat-style | 1 = Casual: relaxed everyday language with contractions and a friendly tone | 2 = Neutral: standard, clear language suitable for most contexts | 3 = Formal: professional register, complete sentences, polite conventions, few contractions | 4 = Very formal: ceremonial or legalistic language, elaborate courtesy, rigid structure",The office will be closed on Monday for the public holiday and will reopen as usual on Tuesday morning. Please plan accordingly.,2,easy,,short,2,,,5,
S03_024,S03,score,How formal is the language of this text?,"0 = Very informal: slang, abbreviations, emojis, no capitalization, chat-style | 1 = Casual: relaxed everyday language with contractions and a friendly tone | 2 = Neutral: standard, clear language suitable for most contexts | 3 = Formal: professional register, complete sentences, polite conventions, few contractions | 4 = Very formal: ceremonial or legalistic language, elaborate courtesy, rigid structure","hey so real talk we gotta talk about this mold thing in the bathroom bc its been like 3 weeks since i texted u about it and nothing happened yet. i kno u prob busy but like this is getting kinda serious now, my roommate's allergies are going off the rails and honestly i looked it up n apparently landlords can get in legal trouble for ignoring stuff like this for too long lol not trying to threaten u or anything just saying.

anyway can u pls send someone out this week, like actually this week not next month lol. i took some pics of the wall, its spreading past the tile now which is gross ngl. also lowkey the exhaust fan in there hasnt worked since we moved in so that prob isnt helping either, just a thought.

i get that ur juggling like 5 buildings or whatever but this ones kinda urgent imo. if u can just shoot me a text back letting me know when someone's coming that'd be great, even just a heads up. dont want this to turn into a whole thing w lawyers n stuff, i just want it fixed lol. thanks in advance, appreciate u",0,hard,distractor,long,0,,,5,
S03_026,S03,score,How formal is the language of this text?,"0 = Very informal: slang, abbreviations, emojis, no capitalization, chat-style | 1 = Casual: relaxed everyday language with contractions and a friendly tone | 2 = Neutral: standard, clear language suitable for most contexts | 3 = Formal: professional register, complete sentences, polite conventions, few contractions | 4 = Very formal: ceremonial or legalistic language, elaborate courtesy, rigid structure",It is with considerable disappointment that I must report the unacceptable conduct of your staff during my visit yesterday; I trust this matter will be addressed with the seriousness it warrants.,3,easy,,short,4,queue,,5,
S03_028,S03,score,How formal is the language of this text?,"0 = Very informal: slang, abbreviations, emojis, no capitalization, chat-style | 1 = Casual: relaxed everyday language with contractions and a friendly tone | 2 = Neutral: standard, clear language suitable for most contexts | 3 = Formal: professional register, complete sentences, polite conventions, few contractions | 4 = Very formal: ceremonial or legalistic language, elaborate courtesy, rigid structure","Hey Priya, just wanted to give you a heads-up that I moved our 1:1 to Thursday since I've got a dentist appointment Wednesday morning. Also, I finally finished up the slides for the client deck, they're in the shared folder if you want to take a peek before we send them out. Let me know if anything looks off, otherwise I think we're good to go!",1,easy,,medium,1,,,5,
S03_029,S03,score,How formal is the language of this text?,"0 = Very informal: slang, abbreviations, emojis, no capitalization, chat-style | 1 = Casual: relaxed everyday language with contractions and a friendly tone | 2 = Neutral: standard, clear language suitable for most contexts | 3 = Formal: professional register, complete sentences, polite conventions, few contractions | 4 = Very formal: ceremonial or legalistic language, elaborate courtesy, rigid structure","Dear Sir,

I trust this letter finds you in good health and continued prosperity. It has been a genuine pleasure to have been a patron of your establishment these past several years, and I have, on many occasions, commended your enterprise to friends and colleagues alike as a model of reliability within the industry. The autumn season has, as ever, brought with it a renewed sense of purpose to our household, and I find myself reflecting with gratitude upon the many satisfactory transactions we have shared.

It is, however, with a measure of regret that I must bring to your attention a matter of some concern arising from my most recent order, reference number 48213, which arrived considerably later than the date promised and in a condition that fell short of the standard to which I have become accustomed. I trust this was merely an isolated oversight rather than any indication of a broader decline in the quality of your service.

Notwithstanding this unfortunate circumstance, I remain hopeful that our long-standing association shall continue undiminished, and I look forward to the resumption of the excellent service for which your establishment has long been renowned. Should you wish to discuss the matter further, I would be most obliged if you could arrange a suitable time at your earliest convenience.

I remain, as ever, your most faithful and grateful customer, and I extend to you and your staff my warmest regards for the season ahead.

Yours most sincerely,
Reginald Ashworth-Pryce",4,hard,long_irrelevant,long,4,,,5,
S03_030,S03,score,How formal is the language of this text?,"0 = Very informal: slang, abbreviations, emojis, no capitalization, chat-style | 1 = Casual: relaxed everyday language with contractions and a friendly tone | 2 = Neutral: standard, clear language suitable for most contexts | 3 = Formal: professional register, complete sentences, polite conventions, few contractions | 4 = Very formal: ceremonial or legalistic language, elaborate courtesy, rigid structure","We're hosting a small get-together at our place this Saturday at 6pm to celebrate Maria's promotion, and we'd love for you to join us if you're free.",1,medium,,short,2,queue,,5,
S03_031,S03,score,How formal is the language of this text?,"0 = Very informal: slang, abbreviations, emojis, no capitalization, chat-style | 1 = Casual: relaxed everyday language with contractions and a friendly tone | 2 = Neutral: standard, clear language suitable for most contexts | 3 = Formal: professional register, complete sentences, polite conventions, few contractions | 4 = Very formal: ceremonial or legalistic language, elaborate courtesy, rigid structure","Dear Colleague,

I trust this note finds you well as we approach the conclusion of another demanding quarter. It has been a privilege to work alongside such a dedicated team throughout these past months, and I wished to take a moment, before turning to more pressing matters, to express my appreciation for the collegial spirit that has characterized our department's efforts of late.

The autumn conference, as you may recall, proved to be a resounding success, and I have heard nothing but favorable remarks from those who attended on our behalf. It is heartening to know that our collective labors continue to be recognized by those beyond our immediate circle.

I did wish, however, to bring to your attention a matter requiring your consideration at your earliest convenience: the archive of client correspondence for the Hemsworth account appears to be incomplete, and I would be most grateful if you could undertake a review of the relevant files before Friday's committee meeting, so that the discrepancy might be resolved in good time.

In closing, I look forward to our continued collaboration in the weeks ahead, and I remain confident that, as ever, our department shall rise to whatever challenges the coming quarter may present. Should any questions arise regarding the matter above, please do not hesitate to correspond with me directly.

With sincere regards and continued esteem,
Winifred Okafor",4,hard,long_irrelevant,long,4,,,5,
S03_032,S03,score,How formal is the language of this text?,"0 = Very informal: slang, abbreviations, emojis, no capitalization, chat-style | 1 = Casual: relaxed everyday language with contractions and a friendly tone | 2 = Neutral: standard, clear language suitable for most contexts | 3 = Formal: professional register, complete sentences, polite conventions, few contractions | 4 = Very formal: ceremonial or legalistic language, elaborate courtesy, rigid structure","Dear Team,

I hope this message finds everyone well as we move further into the fourth quarter. Before addressing the matter at hand, I would like to thank everyone for their contributions to last week's client presentation, which was, by all accounts, very well received. The positive feedback from the Meridian account team in particular has been encouraging, and I know a great deal of preparation went into making that meeting a success.

I am writing today to let you know that, due to a conflict that has arisen on the executive calendar, our planning meeting originally scheduled for Wednesday, October 7th at 2:00 p.m. will need to be moved to Friday, October 9th at the same time. I apologize for any inconvenience this may cause and ask that you update your calendars accordingly. The meeting room booking has already been adjusted, and an updated invitation will follow shortly.

In the meantime, please continue to submit your quarterly summaries by the original deadline, as that timeline remains unaffected by this change. I would also like to remind everyone that the annual review process will begin later this month, and further details regarding scheduling will be shared once they are finalized by Human Resources.

Thank you for your understanding and continued flexibility. Please do not hesitate to reach out if the new date presents a conflict for you, and we will do our best to accommodate accordingly.",3,hard,long_irrelevant,long,3,,,5,
S03_033,S03,score,How formal is the language of this text?,"0 = Very informal: slang, abbreviations, emojis, no capitalization, chat-style | 1 = Casual: relaxed everyday language with contractions and a friendly tone | 2 = Neutral: standard, clear language suitable for most contexts | 3 = Formal: professional register, complete sentences, polite conventions, few contractions | 4 = Very formal: ceremonial or legalistic language, elaborate courtesy, rigid structure",You are warmly invited to a retirement dinner in honor of Professor Lin on Friday evening at the Oakwood Room; please RSVP by Monday to confirm your attendance.,3,easy,,short,3,,,5,
S03_034,S03,score,How formal is the language of this text?,"0 = Very informal: slang, abbreviations, emojis, no capitalization, chat-style | 1 = Casual: relaxed everyday language with contractions and a friendly tone | 2 = Neutral: standard, clear language suitable for most contexts | 3 = Formal: professional register, complete sentences, polite conventions, few contractions | 4 = Very formal: ceremonial or legalistic language, elaborate courtesy, rigid structure","Hey everyone!

So it's officially happening, we're throwing a big get-together at our place on the 19th to celebrate finally finishing the backyard renovation (only took us like a year and a half, ha). We'd love for you all to come hang out, eat some good food, and check out the new deck we've been talking about forever.

Things'll probably kick off around 4pm with some drinks and snacks, and then we're planning to fire up the grill once more people show up, so no need to rush over right at 4 if that doesn't work for you. We're doing burgers and a couple veggie options, but honestly bring whatever you're in the mood for if you want to add to the spread, totally not required though.

There's a firepit out back too, so once it cools down we'll probably end up sitting around that for a while, maybe with some music going. Feel free to bring a chair if you've got a comfy one you like, we don't have a ton of seating yet since we're still furnishing the place.

Parking can be a little tight on our street, so if you're driving, it might be easier to park a block over near the little park and just walk down. Or carpool if you can, that always helps too.

Anyway, we're really excited to finally show off the space and catch up with everyone, it's been way too long since we all got together. Let us know if you can make it whenever you get a chance, no pressure on an exact headcount, just curious roughly how many people to expect!",1,medium,,long,1,,,5,
S03_036,S03,score,How formal is the language of this text?,"0 = Very informal: slang, abbreviations, emojis, no capitalization, chat-style | 1 = Casual: relaxed everyday language with contractions and a friendly tone | 2 = Neutral: standard, clear language suitable for most contexts | 3 = Formal: professional register, complete sentences, polite conventions, few contractions | 4 = Very formal: ceremonial or legalistic language, elaborate courtesy, rigid structure","hey so quick update on the marketing stuff bc i kno u asked earlier. basically the client came back w a bunch of changes again lol, like the third round this month at this point. they want the logo bigger (again), different color for the cta button, and now suddenly they want a video too which wasnt even in the original scope lmao. anyway i already flagged it to sarah so hopefully she can push back a lil on scope creep before we just eat the extra hours.

on the plus side the social posts went out fine, engagement's actually looking decent so far, way better than last months numbers ngl. i think the meme-y ones are doing better than the polished ones which is kinda funny tbh, guess ppl just want stuff that feels less corporate.

oh also heads up the printer on our floor is busted again, jason from IT said hes looking into it but no eta yet so maybe dont send anything big to print rn unless u wanna deal w that jam thing again lol.

anyway lmk if u have time later today to hop on a call abt the client stuff, dont think it needs to be long, just wanna get on the same page before we respond to them. no rush tho if ur slammed, tmrw works too. thanks!!",0,medium,,long,0,,,5,
S03_037,S03,score,How formal is the language of this text?,"0 = Very informal: slang, abbreviations, emojis, no capitalization, chat-style | 1 = Casual: relaxed everyday language with contractions and a friendly tone | 2 = Neutral: standard, clear language suitable for most contexts | 3 = Formal: professional register, complete sentences, polite conventions, few contractions | 4 = Very formal: ceremonial or legalistic language, elaborate courtesy, rigid structure","Quick one, I know the calendar invite says 'per standard scheduling policy,' but really I just need to push our 2pm to tomorrow, something came up. That okay with you?",1,hard,distractor,short,1,,,5,
S03_038,S03,score,How formal is the language of this text?,"0 = Very informal: slang, abbreviations, emojis, no capitalization, chat-style | 1 = Casual: relaxed everyday language with contractions and a friendly tone | 2 = Neutral: standard, clear language suitable for most contexts | 3 = Formal: professional register, complete sentences, polite conventions, few contractions | 4 = Very formal: ceremonial or legalistic language, elaborate courtesy, rigid structure","I am writing to request that the broken heater in my apartment be repaired as soon as possible, as the unit has been without heat since Monday. Please let me know when a technician might be available.",3,easy,,short,3,,,5,
S03_039,S03,score,How formal is the language of this text?,"0 = Very informal: slang, abbreviations, emojis, no capitalization, chat-style | 1 = Casual: relaxed everyday language with contractions and a friendly tone | 2 = Neutral: standard, clear language suitable for most contexts | 3 = Formal: professional register, complete sentences, polite conventions, few contractions | 4 = Very formal: ceremonial or legalistic language, elaborate courtesy, rigid structure","The replacement part I received doesn't match the model number I ordered, so I wasn't able to install it as planned. Could you send the correct part or let me know how to proceed?",2,medium,,short,2,,,5,
S03_040,S03,score,How formal is the language of this text?,"0 = Very informal: slang, abbreviations, emojis, no capitalization, chat-style | 1 = Casual: relaxed everyday language with contractions and a friendly tone | 2 = Neutral: standard, clear language suitable for most contexts | 3 = Formal: professional register, complete sentences, polite conventions, few contractions | 4 = Very formal: ceremonial or legalistic language, elaborate courtesy, rigid structure",I wish to express my most sincere and heartfelt gratitude for the kindness you extended to me over coffee last Tuesday; such thoughtfulness on your part shall long be remembered and warmly cherished.,4,hard,distractor,short,4,,,5,
S03_041,S03,score,How formal is the language of this text?,"0 = Very informal: slang, abbreviations, emojis, no capitalization, chat-style | 1 = Casual: relaxed everyday language with contractions and a friendly tone | 2 = Neutral: standard, clear language suitable for most contexts | 3 = Formal: professional register, complete sentences, polite conventions, few contractions | 4 = Very formal: ceremonial or legalistic language, elaborate courtesy, rigid structure","Thanks again for covering my shift on such short notice last weekend, seriously saved me. I know it wasn't exactly a fun trade, but you didn't even hesitate when I asked, and that means a lot. I owe you one for real, so let me know whenever you need a favor back, whether it's a shift swap or just grabbing coffee sometime. Seriously, thank you.",1,medium,,medium,1,,,5,
S03_044,S03,score,How formal is the language of this text?,"0 = Very informal: slang, abbreviations, emojis, no capitalization, chat-style | 1 = Casual: relaxed everyday language with contractions and a friendly tone | 2 = Neutral: standard, clear language suitable for most contexts | 3 = Formal: professional register, complete sentences, polite conventions, few contractions | 4 = Very formal: ceremonial or legalistic language, elaborate courtesy, rigid structure","omg thank u so much for covering me today, ur a legend fr, i owe u big time",0,medium,,short,0,audit,,5,
S03_045,S03,score,How formal is the language of this text?,"0 = Very informal: slang, abbreviations, emojis, no capitalization, chat-style | 1 = Casual: relaxed everyday language with contractions and a friendly tone | 2 = Neutral: standard, clear language suitable for most contexts | 3 = Formal: professional register, complete sentences, polite conventions, few contractions | 4 = Very formal: ceremonial or legalistic language, elaborate courtesy, rigid structure","lol ok so the calendar thing keeps saying 'per standing appointment protocol' whenever i try to move stuff which is so extra for a random tuesday meeting lmao. anyway can we just push our 2pm to like 3:30 instead? i got stuck in a whole thing that's running late and i dont think ill make it in time. lmk if that works or if u need to just do it another day altogether, im pretty flexible this week tbh",0,hard,distractor,medium,0,,,5,
S03_046,S03,score,How formal is the language of this text?,"0 = Very informal: slang, abbreviations, emojis, no capitalization, chat-style | 1 = Casual: relaxed everyday language with contractions and a friendly tone | 2 = Neutral: standard, clear language suitable for most contexts | 3 = Formal: professional register, complete sentences, polite conventions, few contractions | 4 = Very formal: ceremonial or legalistic language, elaborate courtesy, rigid structure",Kindly note that the quarterly figures you requested have been compiled and are enclosed herewith for your review; please confirm receipt when convenient.,4,easy,,short,4,,,5,
S03_047,S03,score,How formal is the language of this text?,"0 = Very informal: slang, abbreviations, emojis, no capitalization, chat-style | 1 = Casual: relaxed everyday language with contractions and a friendly tone | 2 = Neutral: standard, clear language suitable for most contexts | 3 = Formal: professional register, complete sentences, polite conventions, few contractions | 4 = Very formal: ceremonial or legalistic language, elaborate courtesy, rigid structure","I wanted to let you know that the revised budget figures are now available in the shared folder for your review. Please take a look when you have a moment and let me know if you have any questions or concerns. I would appreciate your feedback by Wednesday, if possible, so that we can finalize the report on schedule. Thank you for your continued assistance with this project.",3,easy,,medium,3,,,5,
S03_048,S03,score,How formal is the language of this text?,"0 = Very informal: slang, abbreviations, emojis, no capitalization, chat-style | 1 = Casual: relaxed everyday language with contractions and a friendly tone | 2 = Neutral: standard, clear language suitable for most contexts | 3 = Formal: professional register, complete sentences, polite conventions, few contractions | 4 = Very formal: ceremonial or legalistic language, elaborate courtesy, rigid structure","so i gotta apologize for totally flaking on ur birthday dinner last week, i feel really bad about it ngl. i kno i said id be there n then just never showed which is such a jerk move, im sorry. basically what happened is i got a flat tire literally on my way out the door n by the time i sorted it out w the tow truck n everything it was already like 9pm n i figured showing up that late would just be awkward for everyone so i just... didnt. which i realize now was probably the wrong call, shouldve just texted u at least.

I should also mention that I deeply regret any inconvenience this may have caused you and your other guests that evening. anyway besides that, i feel super bad bc i kno u were looking forward to everyone being there n i straight up ruined that. my b for real.

i wanna make it up to u somehow, maybe i can take u out for a belated bday thing this weekend? my treat obviously, wherever u wanna go. or if ur still annoyed at me thats fair too, i get it, i wouldve been annoyed too tbh. just lmk whenever ur ready to talk, no rush or anything, take ur time. again im really sorry, i feel like garbage abt the whole thing lol",0,hard,mixed_signals,long,0,queue,,5,
S03_049,S03,score,How formal is the language of this text?,"0 = Very informal: slang, abbreviations, emojis, no capitalization, chat-style | 1 = Casual: relaxed everyday language with contractions and a friendly tone | 2 = Neutral: standard, clear language suitable for most contexts | 3 = Formal: professional register, complete sentences, polite conventions, few contractions | 4 = Very formal: ceremonial or legalistic language, elaborate courtesy, rigid structure",Our 10 a.m. meeting on Thursday needs to move to 1 p.m. due to a scheduling conflict. Please let me know if that time works for you.,2,easy,,short,2,,,5,
S03_050,S03,score,How formal is the language of this text?,"0 = Very informal: slang, abbreviations, emojis, no capitalization, chat-style | 1 = Casual: relaxed everyday language with contractions and a friendly tone | 2 = Neutral: standard, clear language suitable for most contexts | 3 = Formal: professional register, complete sentences, polite conventions, few contractions | 4 = Very formal: ceremonial or legalistic language, elaborate courtesy, rigid structure","Just a heads-up that we're pushing the launch to next Monday instead of Friday since we need more testing time — kindly note for the record that all stakeholders are expected to adjust their calendars accordingly, but no biggie, we'll get there!",1,hard,mixed_signals,short,1,queue,,5,
S03_051,S03,score,How formal is the language of this text?,"0 = Very informal: slang, abbreviations, emojis, no capitalization, chat-style | 1 = Casual: relaxed everyday language with contractions and a friendly tone | 2 = Neutral: standard, clear language suitable for most contexts | 3 = Formal: professional register, complete sentences, polite conventions, few contractions | 4 = Very formal: ceremonial or legalistic language, elaborate courtesy, rigid structure","I am writing to express my concern regarding the repeated delays with my order, reference number 7734. While I understand that, as your support agent put it in her note, 'these things can just be super annoying sometimes,' I would appreciate a clear update on the current status of the shipment. Given that this is now the third delay without explanation, I would ask that you provide a firm delivery date at your earliest convenience. Thank you for your attention to this matter.",3,hard,distractor,medium,3,queue,,5,
S03_053,S03,score,How formal is the language of this text?,"0 = Very informal: slang, abbreviations, emojis, no capitalization, chat-style | 1 = Casual: relaxed everyday language with contractions and a friendly tone | 2 = Neutral: standard, clear language suitable for most contexts | 3 = Formal: professional register, complete sentences, polite conventions, few contractions | 4 = Very formal: ceremonial or legalistic language, elaborate courtesy, rigid structure","The garage door has been sticking and takes a few tries to close properly, and it's been like this for about two weeks now without any sign of improving on its own. Would it be possible to have someone take a look sometime in the next week or two? Happy to be home whenever works best for the appointment.",2,medium,,medium,2,,,5,
S03_054,S03,score,How formal is the language of this text?,"0 = Very informal: slang, abbreviations, emojis, no capitalization, chat-style | 1 = Casual: relaxed everyday language with contractions and a friendly tone | 2 = Neutral: standard, clear language suitable for most contexts | 3 = Formal: professional register, complete sentences, polite conventions, few contractions | 4 = Very formal: ceremonial or legalistic language, elaborate courtesy, rigid structure","The committee wishes to announce that, following extensive deliberation, the annual founders' ceremony shall this year be held at Kingsley Hall on the twenty-second of November. Members and their guests are respectfully requested to arrive no later than half past six, at which hour the proceedings shall commence in earnest. A structured program, including remarks from several distinguished guests, has been prepared for the occasion, and the committee trusts that all in attendance shall find the evening a fitting tribute to the institution's long and distinguished history.",4,medium,,medium,4,,,5,
S03_057,S03,score,How formal is the language of this text?,"0 = Very informal: slang, abbreviations, emojis, no capitalization, chat-style | 1 = Casual: relaxed everyday language with contractions and a friendly tone | 2 = Neutral: standard, clear language suitable for most contexts | 3 = Formal: professional register, complete sentences, polite conventions, few contractions | 4 = Very formal: ceremonial or legalistic language, elaborate courtesy, rigid structure",The package I received on Tuesday was missing two of the items listed on the order confirmation. I have attached photos of the contents for reference. Please advise on the process for receiving the missing items or a partial refund. I would like this resolved within the next week.,2,medium,,medium,2,,,5,True
S03_058,S03,score,How formal is the language of this text?,"0 = Very informal: slang, abbreviations, emojis, no capitalization, chat-style | 1 = Casual: relaxed everyday language with contractions and a friendly tone | 2 = Neutral: standard, clear language suitable for most contexts | 3 = Formal: professional register, complete sentences, polite conventions, few contractions | 4 = Very formal: ceremonial or legalistic language, elaborate courtesy, rigid structure",The refund for my returned order has not appeared on my account after ten business days. Please confirm the current status of the transaction.,2,medium,,short,2,,,5,True
S03_059,S03,score,How formal is the language of this text?,"0 = Very informal: slang, abbreviations, emojis, no capitalization, chat-style | 1 = Casual: relaxed everyday language with contractions and a friendly tone | 2 = Neutral: standard, clear language suitable for most contexts | 3 = Formal: professional register, complete sentences, polite conventions, few contractions | 4 = Very formal: ceremonial or legalistic language, elaborate courtesy, rigid structure",Thank you for the information you provided during our call yesterday. It clarified the next steps for the application process.,2,medium,,short,2,queue,,5,True
S03_060,S03,score,How formal is the language of this text?,"0 = Very informal: slang, abbreviations, emojis, no capitalization, chat-style | 1 = Casual: relaxed everyday language with contractions and a friendly tone | 2 = Neutral: standard, clear language suitable for most contexts | 3 = Formal: professional register, complete sentences, polite conventions, few contractions | 4 = Very formal: ceremonial or legalistic language, elaborate courtesy, rigid structure",I appreciate you taking the time to review the proposal before the deadline. Your comments were useful for the final revision.,2,medium,,short,2,queue,,5,True
S03_061,S03,score,How formal is the language of this text?,"0 = Very informal: slang, abbreviations, emojis, no capitalization, chat-style | 1 = Casual: relaxed everyday language with contractions and a friendly tone | 2 = Neutral: standard, clear language suitable for most contexts | 3 = Formal: professional register, complete sentences, polite conventions, few contractions | 4 = Very formal: ceremonial or legalistic language, elaborate courtesy, rigid structure","It is with the utmost regret that I must bring to your attention a series of deficiencies encountered during my recent engagement with your establishment. Pursuant to the terms outlined in your customer service policy, I hereby request a full and formal review of the matter. I trust that this correspondence shall receive the careful consideration it warrants, and I look forward to a prompt and satisfactory resolution.",4,medium,,medium,4,,,5,True
S04_000,S04,score,"What audience is this explanation written for, based on its technical complexity?","0 = For a young child: everyday words and analogies, no technical terms | 1 = For a general adult audience: a few technical terms, each explained | 2 = For a knowledgeable hobbyist or student: uses field terminology without explaining the basics | 3 = For experts: dense jargon, formulas or specialized notation, assumes deep background","My dear child, imagine the ground beneath us is like a great, thick blanket made of giant puzzle pieces. Most days those pieces sit still, snug against one another. But every so often, two pieces give a little shove and jostle past each other, and that sudden shake we feel is what grown-ups call an earthquake. It is rather like when you jump off the last stair and the whole floor gives a wobble, only very much bigger.",0,medium,,medium,0,,,4,
S04_002,S04,score,"What audience is this explanation written for, based on its technical complexity?","0 = For a young child: everyday words and analogies, no technical terms | 1 = For a general adult audience: a few technical terms, each explained | 2 = For a knowledgeable hobbyist or student: uses field terminology without explaining the basics | 3 = For experts: dense jargon, formulas or specialized notation, assumes deep background","One notes that a rainbow's radius holds near forty-two degrees, as each droplet refracts and internally reflects sunlight once, dispersing it by wavelength; the fainter secondary bow comes from a second reflection, reversing the colour order.",2,hard,implicit,short,2,queue,,4,
S04_003,S04,score,"What audience is this explanation written for, based on its technical complexity?","0 = For a young child: everyday words and analogies, no technical terms | 1 = For a general adult audience: a few technical terms, each explained | 2 = For a knowledgeable hobbyist or student: uses field terminology without explaining the basics | 3 = For experts: dense jargon, formulas or specialized notation, assumes deep background",vaccines wrk by showing yr immune system a weakened or dead version of a germ (called an antigen) so it learns to fight the real thing later.,1,medium,,short,1,,,4,
S04_004,S04,score,"What audience is this explanation written for, based on its technical complexity?","0 = For a young child: everyday words and analogies, no technical terms | 1 = For a general adult audience: a few technical terms, each explained | 2 = For a knowledgeable hobbyist or student: uses field terminology without explaining the basics | 3 = For experts: dense jargon, formulas or specialized notation, assumes deep background","Handout draft, pediatric immunization clinic: mRNA-1273 encodes a prefusion-stabilized spike glycoprotein via two proline substitutions (S-2P); following intramuscular delivery, host ribosomes translate the construct, and the antigen is presented via MHC class I and II to prime both CD8+ cytotoxic and CD4+ helper T-cell responses, alongside germinal-center-driven affinity maturation of neutralizing IgG.",3,hard,distractor,medium,3,,,4,
S04_005,S04,score,"What audience is this explanation written for, based on its technical complexity?","0 = For a young child: everyday words and analogies, no technical terms | 1 = For a general adult audience: a few technical terms, each explained | 2 = For a knowledgeable hobbyist or student: uses field terminology without explaining the basics | 3 = For experts: dense jargon, formulas or specialized notation, assumes deep background","Plants eat sunlight like food. They take the light from the sun and the air, and this become their food to grow big and green.",0,medium,,short,0,audit,,4,
S04_006,S04,score,"What audience is this explanation written for, based on its technical complexity?","0 = For a young child: everyday words and analogies, no technical terms | 1 = For a general adult audience: a few technical terms, each explained | 2 = For a knowledgeable hobbyist or student: uses field terminology without explaining the basics | 3 = For experts: dense jargon, formulas or specialized notation, assumes deep background","Packets traverse the network via hop-by-hop BGP path selection across autonomous systems, with each router performing longest-prefix-match lookups against its FIB before forwarding based on next-hop MED and AS-path length metrics.",3,easy,,short,3,,,4,
S04_007,S04,score,"What audience is this explanation written for, based on its technical complexity?","0 = For a young child: everyday words and analogies, no technical terms | 1 = For a general adult audience: a few technical terms, each explained | 2 = For a knowledgeable hobbyist or student: uses field terminology without explaining the basics | 3 = For experts: dense jargon, formulas or specialized notation, assumes deep background","Black holes form when a massive star collapses into an incredibly dense point called a singularity, and nothing, not even light, can escape once it crosses the point of no return around it, the event horizon.",1,hard,distractor,short,1,,,4,
S04_008,S04,score,"What audience is this explanation written for, based on its technical complexity?","0 = For a young child: everyday words and analogies, no technical terms | 1 = For a general adult audience: a few technical terms, each explained | 2 = For a knowledgeable hobbyist or student: uses field terminology without explaining the basics | 3 = For experts: dense jargon, formulas or specialized notation, assumes deep background","Weekly engineering sync notes, Thursday.

Sprint 14 closed out with all committed tickets moved to Done except INFRA-482, which slipped to next week pending a review from the platform team. The migration of the logging pipeline to the new cluster went smoothly; latency on the ingest side dropped from around 40ms to 12ms after we bumped the replica count. We should revisit the on-call rotation calendar before the holidays; Priya and Tomas both requested the same week off, so we'll need a third person to cover.

On the compiler project: I finished converting the register allocator from a naive linear-scan pass to Chaitin-Briggs graph coloring with live-range splitting and rematerialization, which cut spill code in the hot loop benchmark by roughly 12%; the SSA form is now pruned before allocation to reduce phi-node overhead. That change is on branch feature/regalloc-v2 and ready for review once CI finishes.

Facilities sent a reminder that the third-floor kitchen will be closed Monday for repairs, so plan accordingly for coffee. Also, the vendor for the new monitors finally confirmed a delivery date of the 14th, two weeks later than originally promised, which pushes back the desk-refresh project slightly.

Next week's agenda: finalize the Q3 roadmap slide, close out the remaining code-review backlog, and schedule the postmortem for last Tuesday's brief outage in the staging environment, which turned out to be an expired TLS certificate rather than anything more serious.",3,hard,long_irrelevant,long,3,queue,,4,
S04_009,S04,score,"What audience is this explanation written for, based on its technical complexity?","0 = For a young child: everyday words and analogies, no technical terms | 1 = For a general adult audience: a few technical terms, each explained | 2 = For a knowledgeable hobbyist or student: uses field terminology without explaining the basics | 3 = For experts: dense jargon, formulas or specialized notation, assumes deep background",So the kids asked why rainbows are curved and basically its light bending as it goes into each little water droplet (that's called refraction) and then bouncing back out at us.,1,medium,,short,1,,,4,
S04_010,S04,score,"What audience is this explanation written for, based on its technical complexity?","0 = For a young child: everyday words and analogies, no technical terms | 1 = For a general adult audience: a few technical terms, each explained | 2 = For a knowledgeable hobbyist or student: uses field terminology without explaining the basics | 3 = For experts: dense jargon, formulas or specialized notation, assumes deep background","Between packing lunches and finding a missing cleat I somehow also helped Mateo redo his earthquake poster last night, and once you get past the panic of a poster due tomorrow it's kind of interesting, his section on wave arrivals shows the P-waves outrunning the S-waves by a good margin at the seismograph, and there's a whole diagram of the local strike-slip boundary where the plates grind past each other sideways instead of the head-on collision you get at a convergent margin; he kept mixing up epicenter and hypocenter on the first draft, and I made him fix the bit where he'd written that a 6.0 and a 7.0 are only a little different, since he'd forgotten the scale is logarithmic and each whole step is something like thirty times more energy; we also had to redo the cross-section because he'd drawn the fault plane dipping the wrong direction, and by the time we glued the last piece onto the board it was almost eleven and I still hadn't packed my own bag for the morning, which is basically how every science fair week goes around here now that both kids are old enough to need help with 'just a little bit' of everything at the last possible minute.",2,medium,,long,2,audit,,4,
S04_011,S04,score,"What audience is this explanation written for, based on its technical complexity?","0 = For a young child: everyday words and analogies, no technical terms | 1 = For a general adult audience: a few technical terms, each explained | 2 = For a knowledgeable hobbyist or student: uses field terminology without explaining the basics | 3 = For experts: dense jargon, formulas or specialized notation, assumes deep background","GPS receivers solve for position by trilaterating pseudorange measurements from at least four satellites, correcting for clock bias, ionospheric delay, and relativistic time dilation via the broadcast ephemeris.",3,easy,,short,3,,,4,
S04_012,S04,score,"What audience is this explanation written for, based on its technical complexity?","0 = For a young child: everyday words and analogies, no technical terms | 1 = For a general adult audience: a few technical terms, each explained | 2 = For a knowledgeable hobbyist or student: uses field terminology without explaining the basics | 3 = For experts: dense jargon, formulas or specialized notation, assumes deep background","Turns out the internet isn't some cloud, it's just data split into packets, tiny chunks of information, hopping between routers (basically traffic cops for data) until they land at your screen.",1,medium,,short,1,,,4,
S04_013,S04,score,"What audience is this explanation written for, based on its technical complexity?","0 = For a young child: everyday words and analogies, no technical terms | 1 = For a general adult audience: a few technical terms, each explained | 2 = For a knowledgeable hobbyist or student: uses field terminology without explaining the basics | 3 = For experts: dense jargon, formulas or specialized notation, assumes deep background","Newsletter blurb (draft, needs trimming): adenoviral-vector platforms deliver a transgene encoding the target antigen under a CMV promoter; following endosomal escape and nuclear import, host RNA Pol II transcribes the insert, and the translated protein undergoes proteasomal processing for MHC-I cross-presentation, priming a Th1-skewed CD8+ response, while pre-existing vector immunity can blunt second-dose immunogenicity via neutralizing anti-capsid antibodies.",3,hard,distractor,medium,3,,,4,
S04_014,S04,score,"What audience is this explanation written for, based on its technical complexity?","0 = For a young child: everyday words and analogies, no technical terms | 1 = For a general adult audience: a few technical terms, each explained | 2 = For a knowledgeable hobbyist or student: uses field terminology without explaining the basics | 3 = For experts: dense jargon, formulas or specialized notation, assumes deep background","Okay so Ben asked me at breakfast why he still needs a shot for something he's never even had, and I did my best but I'm not a doctor so bear with me, basically a vaccine gives your immune system, which is your body's built-in defense team, a safe preview of a germ, like a weakened or partial version of it, so your body can practice fighting it without you actually getting sick; your immune system then makes antibodies, these are like little tags your body creates that grab onto a specific germ so your defense cells know exactly what to attack, and it also keeps some memory cells around afterward, which is basically your body's way of remembering the recipe for those antibodies so if the real germ ever shows up years later, it can pump them out fast instead of starting from scratch; that's why some vaccines need a booster, which is just a second or third dose to remind the immune system and strengthen that memory, especially if the first response wasn't strong enough on its own. I was mid-explanation when the toaster started smoking and the dog needed to go out, so I'm not sure how much of that actually landed, but he seemed satisfied enough to finish his cereal and stop asking, which honestly is a win most mornings around here.",1,medium,,long,1,queue,,4,
S04_015,S04,score,"What audience is this explanation written for, based on its technical complexity?","0 = For a young child: everyday words and analogies, no technical terms | 1 = For a general adult audience: a few technical terms, each explained | 2 = For a knowledgeable hobbyist or student: uses field terminology without explaining the basics | 3 = For experts: dense jargon, formulas or specialized notation, assumes deep background","so basicaly for my bio final review, photosynthesis notes. light reactions happen in the thylakoid membrane, photosystem II grabs photons and kicks electrons down the ETC to photosystem I, thats where the proton gradient forms and drives atp synthase. water splitting at the OEC releases o2 as a byproduct, thats why plants breathe out oxygen basically as trash.

calvin cycle runs in the stroma, doesnt need light directly but needs the atp and nadph from the light reactions so it stalls if you turn the lights off for too long. rubisco fixes co2 onto RuBP, makes two 3-PGA molecules, then a bunch of reduction and regeneration steps cycle back to RuBP so the cycle keeps going.

c3 plants lose efficiency in hot dry weather bc rubisco starts fixing o2 instead of co2, thats photorespiration and its wasteful. c4 and cam plants evolved workarounds, c4 uses PEP carboxylase in mesophyll cells to concentrate co2 before handing it to bundle sheath cells, cam plants just fix carbon at night and store it as malate.

anyway thats the gist, gonna quiz myself on the electron transport chain steps tommorow since i keep mixing up where the proton gradient actually builds up.",2,medium,,long,2,,,4,
S04_016,S04,score,"What audience is this explanation written for, based on its technical complexity?","0 = For a young child: everyday words and analogies, no technical terms | 1 = For a general adult audience: a few technical terms, each explained | 2 = For a knowledgeable hobbyist or student: uses field terminology without explaining the basics | 3 = For experts: dense jargon, formulas or specialized notation, assumes deep background","Today was one of those days where the minivan practically drove itself between school pickup and swim practice and I'm pretty sure I drank the same cup of coffee three separate times because I kept losing it and finding it again, first on the roof of the car which thankfully I noticed before pulling out of the driveway, and then wedged in the cup holder under a granola bar wrapper, and honestly by the time we got to the dentist appointment I was running on fumes and a granola bar of my own; Mia had a meltdown in the waiting room because her tooth chart sticker was purple instead of pink and I had to trade three stickers off my own sheet from a totally unrelated appointment just to calm her down, and then on the drive to her brother's soccer game she asked me how the map on my phone always knows where we are, and I told her there are a bunch of friendly satellites way up past the clouds that are always calling out their location like a game of Marco Polo, and her phone just listens for a few of those voices and figures out where it's standing based on who sounds closest, which seemed to satisfy her enough that she went back to arguing with her brother about whose turn it was to pick the radio station; we got to the game twenty minutes late anyway because of construction on Birch Street, and I spent the whole first half hunting for my other shoe which had somehow ended up under the driver's seat.",0,hard,long_irrelevant,long,0,,,4,
S04_017,S04,score,"What audience is this explanation written for, based on its technical complexity?","0 = For a young child: everyday words and analogies, no technical terms | 1 = For a general adult audience: a few technical terms, each explained | 2 = For a knowledgeable hobbyist or student: uses field terminology without explaining the basics | 3 = For experts: dense jargon, formulas or specialized notation, assumes deep background","When sunlight hits a raindrop, the light bends as it enters, a process called refraction, and different colors bend by slightly different amounts, which is why they spread apart into a band. Some of that light also bounces off the inside back of the droplet before exiting, a step known as internal reflection, sending it back out at a slightly different angle for each color. Because millions of droplets are doing this at once, we see the whole arc rather than a single point, and that's really all a rainbow amounts to, sunlight sorted into its component colors by water acting like tiny prisms.",1,medium,,medium,1,,,4,
S04_018,S04,score,"What audience is this explanation written for, based on its technical complexity?","0 = For a young child: everyday words and analogies, no technical terms | 1 = For a general adult audience: a few technical terms, each explained | 2 = For a knowledgeable hobbyist or student: uses field terminology without explaining the basics | 3 = For experts: dense jargon, formulas or specialized notation, assumes deep background","a rechargable battery is like a little water bucket for power, you use it up and then you fill it back up agian with the charger instead of throwing it away.",0,easy,,short,0,,,4,
S04_019,S04,score,"What audience is this explanation written for, based on its technical complexity?","0 = For a young child: everyday words and analogies, no technical terms | 1 = For a general adult audience: a few technical terms, each explained | 2 = For a knowledgeable hobbyist or student: uses field terminology without explaining the basics | 3 = For experts: dense jargon, formulas or specialized notation, assumes deep background","Neighborhood Association Notes - Week 12

- Trash pickup is moving to Thursdays starting next month; recycling stays on Tuesdays.
- The community garden plot lottery closes this Friday, five plots still open.
- Mrs. Alvarez's book club is reading a mystery novel next, meeting moved to the library basement since the usual room is booked for a wedding.
- Sprinkler repairs on the north lawn are done; please keep off the grass until Saturday.
- Kids' corner: during the after-school program, one of the volunteers explained to the younger kids why the little dot on their parent's phone map moves around, saying it's like the phone has invisible friends way up in the sky who are always shouting out where they are, and the phone just listens to a few of those shouts to figure out where it must be standing, sort of like guessing where you are in a big field by how loud three friends sound calling your name from different directions.
- Parking on Elm Street will be restricted during the block party on the 19th.
- The potluck sign-up sheet is posted on the community board; please bring a dish that serves at least eight.
- Reminder that quiet hours run from 9pm to 7am, especially with the new patio furniture noise carrying further than expected.
- Next meeting is the second Tuesday of next month, same time, same place.",0,hard,long_irrelevant,long,0,,,4,
S04_020,S04,score,"What audience is this explanation written for, based on its technical complexity?","0 = For a young child: everyday words and analogies, no technical terms | 1 = For a general adult audience: a few technical terms, each explained | 2 = For a knowledgeable hobbyist or student: uses field terminology without explaining the basics | 3 = For experts: dense jargon, formulas or specialized notation, assumes deep background","so a rechargeable battery is basically a tiny box that stores power like a water tank stores water. when you use your toy or phone it drains the tank, and when you plug it into the charger it fills the tank back up agian. you can do this hundreds of times before the tank gets old and cant hold as much water anymore, thats why old phone batteries dont last as long as when they were new.",0,easy,,medium,0,,,4,
S04_021,S04,score,"What audience is this explanation written for, based on its technical complexity?","0 = For a young child: everyday words and analogies, no technical terms | 1 = For a general adult audience: a few technical terms, each explained | 2 = For a knowledgeable hobbyist or student: uses field terminology without explaining the basics | 3 = For experts: dense jargon, formulas or specialized notation, assumes deep background","While hunting for matching socks for both kids at once, my youngest asked how her tablet calls grandma who lives so far away, and without a spare brain cell that early I just said to think of it like a long game of pass-the-note, where her message breaks into tiny notes that get handed from one kid to the next down a whole line of kids until they reach grandma's house, and grandma's tablet glues all the little notes back together into the picture and sound, which was apparently answer enough because she wandered off to fight her brother over the last waffle.",0,hard,implicit,medium,0,,,4,
S04_023,S04,score,"What audience is this explanation written for, based on its technical complexity?","0 = For a young child: everyday words and analogies, no technical terms | 1 = For a general adult audience: a few technical terms, each explained | 2 = For a knowledgeable hobbyist or student: uses field terminology without explaining the basics | 3 = For experts: dense jargon, formulas or specialized notation, assumes deep background","I remember standing in my kitchen in Portland back in '09 when the whole house gave this long, rolling shudder, and afterward a neighbor who used to work for the state explained it to me over the fence: apparently the ground nearby is cut by a fault, basically a crack where two chunks of the earth's crust grind past each other, and all that grinding stores up strain the way a rubber band stores stretch, until it finally slips and releases as the shaking we feel. He said the spot underground where it lets go is called the focus, while the point straight above it on the surface, the one you'll hear about on the news, is the epicenter. I still think about that fence conversation every time the house creaks a little too much in the wind.",1,hard,implicit,medium,1,,,4,
S04_026,S04,score,"What audience is this explanation written for, based on its technical complexity?","0 = For a young child: everyday words and analogies, no technical terms | 1 = For a general adult audience: a few technical terms, each explained | 2 = For a knowledgeable hobbyist or student: uses field terminology without explaining the basics | 3 = For experts: dense jargon, formulas or specialized notation, assumes deep background","Plants make their own food through photosynthesis, using sunlight to turn water and carbon dioxide, that's the gas we breathe out, into sugar and oxygen!",1,easy,,short,1,,,4,
S04_027,S04,score,"What audience is this explanation written for, based on its technical complexity?","0 = For a young child: everyday words and analogies, no technical terms | 1 = For a general adult audience: a few technical terms, each explained | 2 = For a knowledgeable hobbyist or student: uses field terminology without explaining the basics | 3 = For experts: dense jargon, formulas or specialized notation, assumes deep background","Jake asked me on the drive home why the airplane outside the window doesn't just fall out of the sky, and even though his uncle is an actual aerospace engineer and could probably draw him a diagram with equations and everything, I just told him the wings are shaped so the air rushing over the top has to hurry more than the air underneath, kind of like how you can feel a push on your hand if you cup it just right out the car window, and that push is strong enough to hold the whole heavy plane up in the air once it's going fast enough down the runway, which satisfied him enough to go back to counting cows out the window.",0,hard,distractor,medium,0,,,4,
S04_028,S04,score,"What audience is this explanation written for, based on its technical complexity?","0 = For a young child: everyday words and analogies, no technical terms | 1 = For a general adult audience: a few technical terms, each explained | 2 = For a knowledgeable hobbyist or student: uses field terminology without explaining the basics | 3 = For experts: dense jargon, formulas or specialized notation, assumes deep background","bgp advertises reachability between autonomous systems, routers pick best path by as-path length n local pref, then do lpm lookups against the fib to forward each packet.",3,easy,,short,3,,,4,
S04_029,S04,score,"What audience is this explanation written for, based on its technical complexity?","0 = For a young child: everyday words and analogies, no technical terms | 1 = For a general adult audience: a few technical terms, each explained | 2 = For a knowledgeable hobbyist or student: uses field terminology without explaining the basics | 3 = For experts: dense jargon, formulas or specialized notation, assumes deep background","ok so ur code is in human-ish words but the computer only understands its own language, so theres a program that translates it into computer-speak before it can run, kinda like an interpreter at the UN lol",0,medium,,short,0,,,4,
S04_030,S04,score,"What audience is this explanation written for, based on its technical complexity?","0 = For a young child: everyday words and analogies, no technical terms | 1 = For a general adult audience: a few technical terms, each explained | 2 = For a knowledgeable hobbyist or student: uses field terminology without explaining the basics | 3 = For experts: dense jargon, formulas or specialized notation, assumes deep background","Back when I was setting up wifi for my grandmother's house, of all things, I ended up learning more than I ever wanted to about how data actually travels. Turns out your message doesn't go straight to its destination in one piece; it gets chopped into small chunks called packets, and each one can take a different route through a chain of routers, machines that read where the packet needs to go and pass it along to the next one, before everything gets reassembled on the other end. I remember feeling oddly proud explaining that to her, like I'd finally learned something useful from all those hours spent troubleshooting her router.",1,medium,,medium,1,,,4,
S04_032,S04,score,"What audience is this explanation written for, based on its technical complexity?","0 = For a young child: everyday words and analogies, no technical terms | 1 = For a general adult audience: a few technical terms, each explained | 2 = For a knowledgeable hobbyist or student: uses field terminology without explaining the basics | 3 = For experts: dense jargon, formulas or specialized notation, assumes deep background","The Kerr-Newman solution generalizes the Schwarzschild metric to account for both angular momentum and charge, yielding an outer event horizon at r+ = M + sqrt(M² - a² - Q²) in geometrized units. Rotation introduces frame dragging, quantified by the metric's off-diagonal g_tφ term, and produces an ergosphere outside the horizon where no observer can remain static relative to infinity. Within this region, the Penrose process permits extraction of rotational energy by splitting an infalling particle such that one fragment carries negative energy across the horizon, reducing the hole's angular momentum while the other escapes with more energy than the original particle possessed. Superradiant scattering of bosonic fields achieves an analogous amplification without particle infall, relevant to constraints on ultralight axion-like particles via black hole spin-down measurements. At the quantum level, Hawking radiation arises from vacuum-mode mixing across the horizon, with a Hawking temperature inversely proportional to mass; for a solar-mass hole this yields a temperature many orders of magnitude below the cosmic microwave background, meaning net absorption dominates until the universe cools further. The information paradox concerns whether the resulting thermal-looking radiation is truly information-free, in apparent tension with unitary evolution, a tension partially addressed by recent replica wormhole calculations of the entanglement entropy via the Page curve.",3,medium,,long,3,,,4,
S04_033,S04,score,"What audience is this explanation written for, based on its technical complexity?","0 = For a young child: everyday words and analogies, no technical terms | 1 = For a general adult audience: a few technical terms, each explained | 2 = For a knowledgeable hobbyist or student: uses field terminology without explaining the basics | 3 = For experts: dense jargon, formulas or specialized notation, assumes deep background","Lab notebook, entry 47.

Continued calibration of the environmental chamber used for the thermal cycling tests; ambient sensor drift was traced to a loose connector on channel 3, resolved by reseating the cable and re-running the baseline for two hours before restarting the test matrix. Ordered replacement thermocouples from the usual supplier, lead time quoted at nine business days, which will push the humidity-chamber tests into next month if the backorder on gaskets doesn't clear first.

On the side project, went ahead and swapped the hobby drone's stock battery pack for an 18650-based 4S2P pack, keeping an eye on the C-rating so it can handle the peak draw during aggressive maneuvers without the BMS tripping on overcurrent; also added a low-voltage cutoff so I stop draining individual cells below 3.2V, since I already flattened one pack over the summer and had to recycle it. Balance charging takes longer than I'd like but it beats dealing with cell drift again.

Back to the main project: the vibration test rig needs new mounting brackets, current ones are showing fatigue cracking near the bolt holes after about three months of continuous operation. Submitted a purchase order for aluminum stock to machine replacements in-house rather than waiting on the outside vendor again. Also need to schedule the annual calibration check for the load cells before the certification audit next quarter, and the audit checklist itself still needs review since two items reference a procedure that was deprecated last year.

Reminder to self: follow up with facilities about the chamber's backup power, the UPS alarm went off twice this week for reasons unclear.",2,hard,long_irrelevant,long,2,,,4,
S04_034,S04,score,"What audience is this explanation written for, based on its technical complexity?","0 = For a young child: everyday words and analogies, no technical terms | 1 = For a general adult audience: a few technical terms, each explained | 2 = For a knowledgeable hobbyist or student: uses field terminology without explaining the basics | 3 = For experts: dense jargon, formulas or specialized notation, assumes deep background","wing angle of attack plus camber shape generates the pressure differential across the airfoil, and lift roughly scales with the square of airspeed so takeoff speed realy matters. flaps just increase camber n surface area for extra lift at low speed durring landing n takeoff, and stall happens once aoa gets too steep n the airflow seperates from the top of the wing.",2,medium,,medium,2,,,4,
S04_035,S04,score,"What audience is this explanation written for, based on its technical complexity?","0 = For a young child: everyday words and analogies, no technical terms | 1 = For a general adult audience: a few technical terms, each explained | 2 = For a knowledgeable hobbyist or student: uses field terminology without explaining the basics | 3 = For experts: dense jargon, formulas or specialized notation, assumes deep background","As any aeronautical engineer well knows, lift is generated per the equation L = ½ρv²SC_L, wherein air density, velocity squared, wing area, and the coefficient of lift, itself a function of angle of attack, combine to produce the requisite force, while induced drag arises as a consequence of wingtip vortices shed at the trailing edge.",3,easy,,medium,3,,,4,
S04_036,S04,score,"What audience is this explanation written for, based on its technical complexity?","0 = For a young child: everyday words and analogies, no technical terms | 1 = For a general adult audience: a few technical terms, each explained | 2 = For a knowledgeable hobbyist or student: uses field terminology without explaining the basics | 3 = For experts: dense jargon, formulas or specialized notation, assumes deep background","GPS units lock onto four or more satellites and triangulate your position from the signal timing, factoring in clock drift and atmospheric lag to sharpen the fix.",2,medium,,short,2,,,4,
S04_037,S04,score,"What audience is this explanation written for, based on its technical complexity?","0 = For a young child: everyday words and analogies, no technical terms | 1 = For a general adult audience: a few technical terms, each explained | 2 = For a knowledgeable hobbyist or student: uses field terminology without explaining the basics | 3 = For experts: dense jargon, formulas or specialized notation, assumes deep background","Okay but doesn't it just melt your brain a little that the primary bow sits at ~42° from the antisolar point because of minimized angular deviation from two refractions and one internal reflection, per Descartes' ray-tracing solution to Snell's law?",3,medium,,short,3,,,4,
S04_039,S04,score,"What audience is this explanation written for, based on its technical complexity?","0 = For a young child: everyday words and analogies, no technical terms | 1 = For a general adult audience: a few technical terms, each explained | 2 = For a knowledgeable hobbyist or student: uses field terminology without explaining the basics | 3 = For experts: dense jargon, formulas or specialized notation, assumes deep background","Wings are curved so air moves faster over the top than underneath, creating lower pressure above the wing, this difference in pressure, called lift, is what holds the plane up.",1,easy,,short,1,,,4,
S04_040,S04,score,"What audience is this explanation written for, based on its technical complexity?","0 = For a young child: everyday words and analogies, no technical terms | 1 = For a general adult audience: a few technical terms, each explained | 2 = For a knowledgeable hobbyist or student: uses field terminology without explaining the basics | 3 = For experts: dense jargon, formulas or specialized notation, assumes deep background","My nephew asked me at dinner last week what would happen if our sun turned into a black hole, and after I stopped laughing at the idea I told him to picture space like a stretched-out trampoline sheet, and a black hole is just a spot where something got so heavy and squeezed so small that it pokes a bottomless dent in the sheet, so deep that anything rolling too close, even light, just slides in and can never roll back out. He thought about it for a second and then asked if it would eat the trampoline too, which, fair question.",0,medium,,medium,0,,,4,
S04_041,S04,score,"What audience is this explanation written for, based on its technical complexity?","0 = For a young child: everyday words and analogies, no technical terms | 1 = For a general adult audience: a few technical terms, each explained | 2 = For a knowledgeable hobbyist or student: uses field terminology without explaining the basics | 3 = For experts: dense jargon, formulas or specialized notation, assumes deep background","Sorry replying between soccer pickup and burnt spaghetti but yes the pack's capacity fade is mostly SEI layer growth cycling at 1C, if we drop the charge cutoff from 4.2V to 4.1V per cell we trade some initial capacity for meaningfully lower degradation, and thermal runaway risk drops too since we're not pushing cells as close to the edge of the voltage window, anyway have to go someone just started screaming about a missing cleat.",3,medium,,medium,3,,,4,
S04_042,S04,score,"What audience is this explanation written for, based on its technical complexity?","0 = For a young child: everyday words and analogies, no technical terms | 1 = For a general adult audience: a few technical terms, each explained | 2 = For a knowledgeable hobbyist or student: uses field terminology without explaining the basics | 3 = For experts: dense jargon, formulas or specialized notation, assumes deep background","Compiler pipeline notes, study guide

- Lexer: tokenizes raw source text into a stream of tokens (identifiers, literals, keywords, punctuation), stripping whitespace and comments along the way.
- Parser: consumes the token stream and builds an abstract syntax tree according to the language's grammar, typically using recursive descent or an LR-style table-driven approach.
- Semantic analysis: walks the AST to check types, resolve identifiers against scope, and catch errors like undeclared variables or mismatched argument counts.
- IR generation: lowers the AST into an intermediate representation, often something like three-address code or SSA form, which is easier to analyze and transform than the original syntax tree.
- Optimization passes: run over the IR doing things like constant folding, dead code elimination, common subexpression elimination, and loop-invariant code motion, usually iterated until a fixed point or a pass budget is hit.
- Register allocation: maps the IR's virtual registers onto the target machine's limited physical registers, spilling to memory when there aren't enough to go around; graph coloring is the classic approach here.
- Code generation: emits actual machine instructions for the target architecture, handling instruction selection and scheduling.
- Linking: combines object files and resolves external symbol references into a final executable.

Still need to review how SSA's phi nodes actually get eliminated during the lowering to machine code, that part never quite stuck from lecture.",2,easy,,long,2,,,4,
S04_043,S04,score,"What audience is this explanation written for, based on its technical complexity?","0 = For a young child: everyday words and analogies, no technical terms | 1 = For a general adult audience: a few technical terms, each explained | 2 = For a knowledgeable hobbyist or student: uses field terminology without explaining the basics | 3 = For experts: dense jargon, formulas or specialized notation, assumes deep background","Plants convert sunlight, water, and carbon dioxide, the gas we exhale, into glucose for energy and oxygen as a byproduct, a process called photosynthesis that occurs mainly in the leaves.",1,easy,,short,1,,,4,
S04_044,S04,score,"What audience is this explanation written for, based on its technical complexity?","0 = For a young child: everyday words and analogies, no technical terms | 1 = For a general adult audience: a few technical terms, each explained | 2 = For a knowledgeable hobbyist or student: uses field terminology without explaining the basics | 3 = For experts: dense jargon, formulas or specialized notation, assumes deep background","Not bedtime-story material: mRNA vaccines hand your cells the blueprint for a spike antigen, your immune system flags it as foreign and starts churning out antibodies and memory cells, no live virus required.",2,hard,distractor,short,2,,,4,
S04_045,S04,score,"What audience is this explanation written for, based on its technical complexity?","0 = For a young child: everyday words and analogies, no technical terms | 1 = For a general adult audience: a few technical terms, each explained | 2 = For a knowledgeable hobbyist or student: uses field terminology without explaining the basics | 3 = For experts: dense jargon, formulas or specialized notation, assumes deep background","Rechargeable batteries store energy using a reversible chemical reaction: when you charge them, electricity pushes ions, charged particles, from one electrode to the other, and when you use the device, those ions flow back, releasing energy as they go. Lithium-ion batteries, the type in most phones, use lithium ions for this and can be recharged hundreds of times before they wear out.",1,medium,,medium,1,,,4,
S04_046,S04,score,"What audience is this explanation written for, based on its technical complexity?","0 = For a young child: everyday words and analogies, no technical terms | 1 = For a general adult audience: a few technical terms, each explained | 2 = For a knowledgeable hobbyist or student: uses field terminology without explaining the basics | 3 = For experts: dense jargon, formulas or specialized notation, assumes deep background","In my day we called it 'parsing the source', the compiler tokenizes the input, builds a parse tree, runs it through several optimization passes, then emits assembly for the target architecture.",2,easy,,short,2,,,4,
S04_047,S04,score,"What audience is this explanation written for, based on its technical complexity?","0 = For a young child: everyday words and analogies, no technical terms | 1 = For a general adult audience: a few technical terms, each explained | 2 = For a knowledgeable hobbyist or student: uses field terminology without explaining the basics | 3 = For experts: dense jargon, formulas or specialized notation, assumes deep background","Let me explain this the way I'd explain it to my own grandchildren, taking my time over every part of it, because I think it deserves a careful, gentle explanation rather than a rushed one. Imagine your body has its very own little army inside it, an army whose only job is to protect you from tiny troublemakers called germs, the kind of germs that make you cough or get a fever. Most of the time this army doesn't know what a brand new troublemaker looks like, so if a nasty germ shows up for the first time, the army takes a while to figure out how to fight it, and that's often when you feel really sick. A vaccine is like showing your army a wanted poster of the troublemaker ahead of time, except the poster is actually a tiny, harmless piece or a weakened copy of the germ, not the real dangerous thing at all, so it can't make you sick the way the real germ would. Once your army studies that poster, it learns exactly what the troublemaker looks like and practices building the perfect tools to catch it, tools we can just think of as little sticky nets. Then if the real germ ever sneaks in later, your army already recognizes it right away, pulls out the nets it already built, and fights it off fast, often before you even notice you were sick at all. That's really the whole trick behind a vaccine: a safe practice round so your body's army is ready long before the real fight ever happens, and I think that's rather a wonderful thing when you stop to think about it.",0,easy,,long,0,,,4,
S04_048,S04,score,"What audience is this explanation written for, based on its technical complexity?","0 = For a young child: everyday words and analogies, no technical terms | 1 = For a general adult audience: a few technical terms, each explained | 2 = For a knowledgeable hobbyist or student: uses field terminology without explaining the basics | 3 = For experts: dense jargon, formulas or specialized notation, assumes deep background","ok tryin to explain this to my roommate since he kept asking after that last shake. so basically most quakes happen along faults, those are just cracks in the earths crust where two big rock slabs are pushed against each other. they dont slide smoothly, they kinda stick due to friction and stress just builds up over years, sometimes decades, like bending a stick further n further. eventually the stress gets bigger than the friction holding it n the rocks suddenly slip, releasing all that stored energy at once as seismic waves, those are just vibrations that travel through the ground n shake everything on top.

theres two main kinds that matter for what you feel, p waves get there first, theyre faster but usually less violent, then s waves show up a bit after and do most of the actual shaking damage. scientists use the gap between when each wave arrives at different stations to figure out roughly where the whole thing started underground.

also ppl mix up magnitude n intensity a lot, magnitude is just one number for the whole event based on how much energy got released, but intensity is about how strong the shaking actually felt in a specific spot, so the same quake can feel way different in two towns depending how close n what kind of ground theyre on, soft soil shakes way more than solid rock.

anyway hes still convinced our apartment building is gonna fall down which, fair given the year it was built i guess.",1,hard,implicit,long,1,,,4,
S04_049,S04,score,"What audience is this explanation written for, based on its technical complexity?","0 = For a young child: everyday words and analogies, no technical terms | 1 = For a general adult audience: a few technical terms, each explained | 2 = For a knowledgeable hobbyist or student: uses field terminology without explaining the basics | 3 = For experts: dense jargon, formulas or specialized notation, assumes deep background","Position fixes come from multilateration across the satellite constellation: the receiver compares pseudorange measurements from several birds, corrects for ionospheric and tropospheric delay, and treats clock bias as a fourth unknown alongside the three spatial coordinates. Fix accuracy also depends a lot on the current satellite geometry overhead, not just signal quality.",3,medium,,medium,2,queue,,4,
S04_050,S04,score,"What audience is this explanation written for, based on its technical complexity?","0 = For a young child: everyday words and analogies, no technical terms | 1 = For a general adult audience: a few technical terms, each explained | 2 = For a knowledgeable hobbyist or student: uses field terminology without explaining the basics | 3 = For experts: dense jargon, formulas or specialized notation, assumes deep background","Let me really dig into this one because it's worth getting right: stellar-mass black holes form when a massive star exhausts its fusion fuel and the core collapses past the neutron degeneracy limit, collapsing all the way past the Schwarzschild radius. Once something crosses that event horizon, escape velocity there exceeds light speed, so nothing gets back out, and past a certain point the physics just funnels down into the singularity where general relativity stops giving useful answers.",2,easy,,medium,2,,,4,
S04_051,S04,score,"What audience is this explanation written for, based on its technical complexity?","0 = For a young child: everyday words and analogies, no technical terms | 1 = For a general adult audience: a few technical terms, each explained | 2 = For a knowledgeable hobbyist or student: uses field terminology without explaining the basics | 3 = For experts: dense jargon, formulas or specialized notation, assumes deep background","Apparently there's a program that reads what programmers type and turns it into a long list of very literal yes-or-no instructions a computer chip can actually follow, because computers, for all the hype, can't just understand plain English typed at them. Riveting stuff, I know, but my nephew wouldn't stop asking, so there it is: humans write in words, the machine turns those words into something dumber but exact enough for a box of switches to run.",0,medium,,medium,0,queue,,4,
S04_053,S04,score,"What audience is this explanation written for, based on its technical complexity?","0 = For a young child: everyday words and analogies, no technical terms | 1 = For a general adult audience: a few technical terms, each explained | 2 = For a knowledgeable hobbyist or student: uses field terminology without explaining the basics | 3 = For experts: dense jargon, formulas or specialized notation, assumes deep background","Sure, let's demystify the universe's favorite drain. A black hole is just a spot where so much stuff got crushed into such a tiny space that its pull becomes stronger than anything, even light, can wiggle out of, kind of like a plughole so deep that the water never actually reaches the bottom, it just keeps disappearing. Very reassuring for anyone trying to sleep at night, I know.",0,medium,,medium,0,queue,,4,
S04_054,S04,score,"What audience is this explanation written for, based on its technical complexity?","0 = For a young child: everyday words and analogies, no technical terms | 1 = For a general adult audience: a few technical terms, each explained | 2 = For a knowledgeable hobbyist or student: uses field terminology without explaining the basics | 3 = For experts: dense jargon, formulas or specialized notation, assumes deep background","was rerunning the moment tensor inversion again, greens functions still noisy near the free surface so the deviatoric component keeps drifting. Mw comes out around 6.1 depending on which velocity model i grid the hypocenter against, and the CLVD fraction is annoyingly high for what shouldve been a clean strike-slip rupture, gonna check if its a site effect or an actual non-double-couple source before i trust the moment tensor.",3,hard,implicit,medium,3,,,4,
S04_056,S04,score,"What audience is this explanation written for, based on its technical complexity?","0 = For a young child: everyday words and analogies, no technical terms | 1 = For a general adult audience: a few technical terms, each explained | 2 = For a knowledgeable hobbyist or student: uses field terminology without explaining the basics | 3 = For experts: dense jargon, formulas or specialized notation, assumes deep background","Hi all! Hope everyone's week is going well, quick life update before I get to the point I promise is coming. So my sourdough starter finally died after three brave months, RIP Gerald, and in completely unrelated news I also killed my second houseplant this year, the fiddle leaf fig, apparently they're way more dramatic about humidity than anyone warns you about. Anyway! On the hobby drone build front, since a couple of you asked, I ended up going with an 18650 4S pack instead of the stock LiPo, mostly for the better cycle life, just gotta keep an eye on the discharge C-rating so I don't trip the BMS during hard maneuvers, and I added a low-voltage cutoff after I babied a pack too low over the summer and basically turned it into a paperweight. Anyway, besides that, book club picked a new mystery novel for next month, meeting's moved to Thursday because the usual room is booked, and I'm bringing snacks since I definitely owe everyone after last time's soggy brownies situation. Also does anyone have a recommendation for a good dog groomer near the east side, mine's overdue and getting a little feral looking honestly. That's basically it from me, hope to see people at trivia this week if schedules allow, we've been in a slump lately and could use the win.",2,hard,long_irrelevant,long,2,queue,,4,
S04_057,S04,score,"What audience is this explanation written for, based on its technical complexity?","0 = For a young child: everyday words and analogies, no technical terms | 1 = For a general adult audience: a few technical terms, each explained | 2 = For a knowledgeable hobbyist or student: uses field terminology without explaining the basics | 3 = For experts: dense jargon, formulas or specialized notation, assumes deep background","Gotta run but quick answer since you asked: routers just forward packets based on the destination IP and whatever's in their routing table, it's basically hop by hop till it hits the target subnet, nothing fancier than that most of the time.",2,easy,,short,2,queue,,4,
S05_001,S05,score,How polite is this email request?,"0 = Rude: demanding, insulting, or dismissive | 1 = Curt: blunt demand with no greeting or thanks | 2 = Neutral: plain request with basic courtesy | 3 = Polite: greeting, please/thank you, considerate tone | 4 = Very polite: highly deferential, apologizes for imposing, elaborate gratitude","I'm so sorry to bother you again about this, Priya, but would you possibly have a moment to resend the onboarding checklist? I'd be endlessly grateful and promise not to make a habit of pestering you.",4,medium,,short,4,,,5,
S05_002,S05,score,How polite is this email request?,"0 = Rude: demanding, insulting, or dismissive | 1 = Curt: blunt demand with no greeting or thanks | 2 = Neutral: plain request with basic courtesy | 3 = Polite: greeting, please/thank you, considerate tone | 4 = Very polite: highly deferential, apologizes for imposing, elaborate gratitude","Shocking, I know, but I still don't have the final spec doc — could you send it over when you get a chance?",2,hard,sarcasm,short,2,queue,,5,
S05_004,S05,score,How polite is this email request?,"0 = Rude: demanding, insulting, or dismissive | 1 = Curt: blunt demand with no greeting or thanks | 2 = Neutral: plain request with basic courtesy | 3 = Polite: greeting, please/thank you, considerate tone | 4 = Very polite: highly deferential, apologizes for imposing, elaborate gratitude","Dear Mr. Ibarra, I'm so sorry to impose on your very busy schedule, but I would be immensely grateful if you could spare a few minutes to share your thoughts on the draft proposal I sent last week. Please don't hesitate to tell me if now isn't a good time — I completely understand. Thank you so very much for considering this; your feedback means the world to me.",4,easy,,medium,4,,,5,
S05_005,S05,score,How polite is this email request?,"0 = Rude: demanding, insulting, or dismissive | 1 = Curt: blunt demand with no greeting or thanks | 2 = Neutral: plain request with basic courtesy | 3 = Polite: greeting, please/thank you, considerate tone | 4 = Very polite: highly deferential, apologizes for imposing, elaborate gratitude",Need you in the conference room at 3pm Thursday to go over the Q3 budget numbers. Bring the vendor contracts and the revised timeline. We're behind schedule so don't plan on this running short. I'll send the room number once it's booked.,1,easy,,medium,1,,,5,
S05_007,S05,score,How polite is this email request?,"0 = Rude: demanding, insulting, or dismissive | 1 = Curt: blunt demand with no greeting or thanks | 2 = Neutral: plain request with basic courtesy | 3 = Polite: greeting, please/thank you, considerate tone | 4 = Very polite: highly deferential, apologizes for imposing, elaborate gratitude","Hi Ms. Alvarado, I hope your week is going well. I'm writing to ask if it might be possible to extend the deadline for the Hendricks report by three days — a family matter has taken more time than expected. I'd really appreciate the extra time, and please let me know if that works on your end. Thank you so much for understanding.",3,easy,,medium,3,,,5,
S05_008,S05,score,How polite is this email request?,"0 = Rude: demanding, insulting, or dismissive | 1 = Curt: blunt demand with no greeting or thanks | 2 = Neutral: plain request with basic courtesy | 3 = Polite: greeting, please/thank you, considerate tone | 4 = Very polite: highly deferential, apologizes for imposing, elaborate gratitude","I'm terribly sorry to add to your plate, but whenever you have a free moment, would you mind granting me access to the shared drive? I'd be endlessly grateful for your help.",4,medium,,short,4,,,5,
S05_009,S05,score,How polite is this email request?,"0 = Rude: demanding, insulting, or dismissive | 1 = Curt: blunt demand with no greeting or thanks | 2 = Neutral: plain request with basic courtesy | 3 = Polite: greeting, please/thank you, considerate tone | 4 = Very polite: highly deferential, apologizes for imposing, elaborate gratitude","Dear Professor Whitfield,

I hope this message finds you well and that the semester has been treating you kindly. I am writing with a rather large request, and I want to say upfront how sorry I am to even ask given how full your calendar must already be.

Would it be at all possible to schedule a short meeting sometime in the next two weeks to discuss my thesis proposal? I know your time is extraordinarily valuable, and I promise to keep the conversation as brief and focused as you need it to be. I am happy to work entirely around your schedule, including early mornings, evenings, or even a quick call if that would be easier than finding room on your calendar.

I want to say how deeply grateful I already am for the guidance you've given me this term — it has made an enormous difference, and I would not presume to ask for more of your time if I did not think it truly mattered for the project. If a meeting simply isn't feasible right now, please don't feel any obligation; I would be just as thankful for a few written thoughts whenever it's convenient.

Thank you so much, again, for everything. I know how fortunate I am to have your support, and I will happily adjust to whatever works best for you.

With sincere gratitude and respect,
Marcus Devereaux",4,easy,,long,4,,,5,
S05_010,S05,score,How polite is this email request?,"0 = Rude: demanding, insulting, or dismissive | 1 = Curt: blunt demand with no greeting or thanks | 2 = Neutral: plain request with basic courtesy | 3 = Polite: greeting, please/thank you, considerate tone | 4 = Very polite: highly deferential, apologizes for imposing, elaborate gratitude","I already told you the meeting is at 9, not 9:30 — figure out your calendar before you waste everyone else's time.",0,medium,,short,0,,,5,
S05_013,S05,score,How polite is this email request?,"0 = Rude: demanding, insulting, or dismissive | 1 = Curt: blunt demand with no greeting or thanks | 2 = Neutral: plain request with basic courtesy | 3 = Polite: greeting, please/thank you, considerate tone | 4 = Very polite: highly deferential, apologizes for imposing, elaborate gratitude","This is the fourth email I've sent about the deposit from the Ashworth event, and each time I get nothing back but silence. I'm done waiting on whatever internal process you people apparently don't have. Transfer the $1,200 to the account on file by end of day, or I'm disputing the charge with my bank and posting about this everywhere I can. Don't bother replying unless the money's already moved.",0,hard,implicit,medium,0,,,5,
S05_014,S05,score,How polite is this email request?,"0 = Rude: demanding, insulting, or dismissive | 1 = Curt: blunt demand with no greeting or thanks | 2 = Neutral: plain request with basic courtesy | 3 = Polite: greeting, please/thank you, considerate tone | 4 = Very polite: highly deferential, apologizes for imposing, elaborate gratitude","I know this is already the second time I've flagged the invoice error, which is frustrating, but I'd really appreciate it if you could take one more look — thank you for your patience with me on this.",3,hard,mixed_signals,short,3,,,5,
S05_016,S05,score,How polite is this email request?,"0 = Rude: demanding, insulting, or dismissive | 1 = Curt: blunt demand with no greeting or thanks | 2 = Neutral: plain request with basic courtesy | 3 = Polite: greeting, please/thank you, considerate tone | 4 = Very polite: highly deferential, apologizes for imposing, elaborate gratitude","I know refund requests must pile up endlessly on your end, so whatever time you can spare for mine, whenever that might be, would mean more than I can say.",4,hard,implicit,short,4,queue,,5,
S05_019,S05,score,How polite is this email request?,"0 = Rude: demanding, insulting, or dismissive | 1 = Curt: blunt demand with no greeting or thanks | 2 = Neutral: plain request with basic courtesy | 3 = Polite: greeting, please/thank you, considerate tone | 4 = Very polite: highly deferential, apologizes for imposing, elaborate gratitude","Hi Mr. Donahue, I wanted to follow up on the deposit refund for the Lindqvist venue booking from last month. It's been about three weeks since the event, so I wanted to check on the status when you have a chance. Please send the refund to the account on file once it's processed. Thanks for your help with this.",3,easy,,medium,2,queue,,5,
S05_020,S05,score,How polite is this email request?,"0 = Rude: demanding, insulting, or dismissive | 1 = Curt: blunt demand with no greeting or thanks | 2 = Neutral: plain request with basic courtesy | 3 = Polite: greeting, please/thank you, considerate tone | 4 = Very polite: highly deferential, apologizes for imposing, elaborate gratitude","Need three more days on the Kessler deliverable. The scope changed twice after the brief was sent, and the revised data set from your side only came in yesterday, so the original Friday deadline isn't realistic anymore.

Here's where things stand. The first two sections are done and reviewed. The third section depends entirely on the vendor numbers you're supposed to be sending, which still haven't shown up. Until those numbers are in, there's nothing more I can do on that part, regardless of the original date.

New deadline: next Monday, end of day. That gives me the weekend if the vendor numbers come in by Thursday, which they need to. If they're late again, Monday won't hold either, and I'm not the one who'll answer for that.

Send confirmation that Monday works. If it doesn't, say so today, not Sunday night, so I can plan around it instead of finding out at the last minute like last time.

I'll keep working on what I can in the meantime, but I'm not redoing the first two sections again if the scope changes a third time. Lock it in now or we're back here next week having the same conversation.",1,easy,,long,1,queue,,5,
S05_021,S05,score,How polite is this email request?,"0 = Rude: demanding, insulting, or dismissive | 1 = Curt: blunt demand with no greeting or thanks | 2 = Neutral: plain request with basic courtesy | 3 = Polite: greeting, please/thank you, considerate tone | 4 = Very polite: highly deferential, apologizes for imposing, elaborate gratitude","Marcus,

I'll give you credit for one thing — you're consistent. Every single deadline for the vendor compliance document gets missed by you, without fail, for three months running now. I get that things come up, sure, and I'm not trying to pile on, but at some point 'things come up' stops being an excuse and starts being a pattern, and I think we're well past that point.

I need the compliance document today. Not a draft, not 'almost there,' the finished version, formatted the way it was specified back in July, which somehow still hasn't happened despite being asked for it in writing at least six times.

I do appreciate that you've had a lot on your plate this quarter — genuinely, I'm not blind to that. But so has everyone else on this team, and somehow they've managed to hit their deadlines without turning it into a running joke. If this document isn't in my inbox by 5pm, I'm escalating to your manager and copying the compliance lead, and frankly I should have done that two months ago instead of continuing to be patient about something that clearly wasn't earning it.

Get it done. I'm done working around this.",0,hard,mixed_signals,long,0,,,5,
S05_022,S05,score,How polite is this email request?,"0 = Rude: demanding, insulting, or dismissive | 1 = Curt: blunt demand with no greeting or thanks | 2 = Neutral: plain request with basic courtesy | 3 = Polite: greeting, please/thank you, considerate tone | 4 = Very polite: highly deferential, apologizes for imposing, elaborate gratitude","The numbers on the Harrow report are off again — column D doesn't match the source file, same issue as last week. Redo the calculations and send the corrected version by noon. Double check against the source file this time before sending it back. I need this closed out before the client call at 1, no exceptions.",1,medium,,medium,1,queue,,5,
S05_023,S05,score,How polite is this email request?,"0 = Rude: demanding, insulting, or dismissive | 1 = Curt: blunt demand with no greeting or thanks | 2 = Neutral: plain request with basic courtesy | 3 = Polite: greeting, please/thank you, considerate tone | 4 = Very polite: highly deferential, apologizes for imposing, elaborate gratitude","Friday, not Monday — that's the new date. Send whatever you have by end of day, finished or not.",1,hard,implicit,short,1,,,5,
S05_024,S05,score,How polite is this email request?,"0 = Rude: demanding, insulting, or dismissive | 1 = Curt: blunt demand with no greeting or thanks | 2 = Neutral: plain request with basic courtesy | 3 = Polite: greeting, please/thank you, considerate tone | 4 = Very polite: highly deferential, apologizes for imposing, elaborate gratitude","Still haven't received the deposit refund from the Fenwick booking — it's been three weeks now, well past the ten-day window your policy states. Send it to the account on file today. I shouldn't have to follow up on this a second time. Confirm by email once it's done so I have it in writing.",1,medium,,medium,1,queue,,5,
S05_025,S05,score,How polite is this email request?,"0 = Rude: demanding, insulting, or dismissive | 1 = Curt: blunt demand with no greeting or thanks | 2 = Neutral: plain request with basic courtesy | 3 = Polite: greeting, please/thank you, considerate tone | 4 = Very polite: highly deferential, apologizes for imposing, elaborate gratitude","I know I'm asking at an awful time, right before your conference deadline, and I feel terrible adding to your plate — but if you could still write the letter, I'd be more grateful than words can say.",4,hard,mixed_signals,short,4,,,5,
S05_027,S05,score,How polite is this email request?,"0 = Rude: demanding, insulting, or dismissive | 1 = Curt: blunt demand with no greeting or thanks | 2 = Neutral: plain request with basic courtesy | 3 = Polite: greeting, please/thank you, considerate tone | 4 = Very polite: highly deferential, apologizes for imposing, elaborate gratitude","Hi Professor Klein, would you be able to write a recommendation letter for my graduate application? The deadline is October 20th. Thanks.",3,easy,,short,2,queue,,5,
S05_028,S05,score,How polite is this email request?,"0 = Rude: demanding, insulting, or dismissive | 1 = Curt: blunt demand with no greeting or thanks | 2 = Neutral: plain request with basic courtesy | 3 = Polite: greeting, please/thank you, considerate tone | 4 = Very polite: highly deferential, apologizes for imposing, elaborate gratitude",Read through the draft you sent. The intro runs too long and the data section is missing a citation for the survey numbers you cited. Fix both of those and send the revised version back by tomorrow morning. Hold off on any other changes until those two things are sorted — I don't want to review a moving target.,1,medium,,medium,1,,,5,
S05_030,S05,score,How polite is this email request?,"0 = Rude: demanding, insulting, or dismissive | 1 = Curt: blunt demand with no greeting or thanks | 2 = Neutral: plain request with basic courtesy | 3 = Polite: greeting, please/thank you, considerate tone | 4 = Very polite: highly deferential, apologizes for imposing, elaborate gratitude",You still haven't sent my recommendation letter and the deadline was yesterday — this is exactly the kind of carelessness I'd expect from you at this point.,0,easy,,short,0,audit,,5,
S05_031,S05,score,How polite is this email request?,"0 = Rude: demanding, insulting, or dismissive | 1 = Curt: blunt demand with no greeting or thanks | 2 = Neutral: plain request with basic courtesy | 3 = Polite: greeting, please/thank you, considerate tone | 4 = Very polite: highly deferential, apologizes for imposing, elaborate gratitude","Hi Mr. Castillo, I hope you're doing well. Would you mind taking a look at the attached draft and sharing your feedback sometime this week, whenever works for you? I know things are busy on your end, so there's no rush at all. Thank you so much for taking the time — I really value your input on this one.",3,easy,,medium,3,queue,,5,
S05_032,S05,score,How polite is this email request?,"0 = Rude: demanding, insulting, or dismissive | 1 = Curt: blunt demand with no greeting or thanks | 2 = Neutral: plain request with basic courtesy | 3 = Polite: greeting, please/thank you, considerate tone | 4 = Very polite: highly deferential, apologizes for imposing, elaborate gratitude",I've asked three times now for access to the deployment console and nothing's happened — either grant it today or explain to me why this team can't handle something this basic.,0,medium,,short,0,,,5,
S05_033,S05,score,How polite is this email request?,"0 = Rude: demanding, insulting, or dismissive | 1 = Curt: blunt demand with no greeting or thanks | 2 = Neutral: plain request with basic courtesy | 3 = Polite: greeting, please/thank you, considerate tone | 4 = Very polite: highly deferential, apologizes for imposing, elaborate gratitude","Hi Elena, would you have a few minutes to look over my draft and share some feedback? I'd really appreciate your thoughts whenever it's convenient — thanks so much.",3,medium,,short,3,audit,,5,
S05_034,S05,score,How polite is this email request?,"0 = Rude: demanding, insulting, or dismissive | 1 = Curt: blunt demand with no greeting or thanks | 2 = Neutral: plain request with basic courtesy | 3 = Polite: greeting, please/thank you, considerate tone | 4 = Very polite: highly deferential, apologizes for imposing, elaborate gratitude","Dear Dr. Nkemelu, I hope this email finds you well. I'm applying to the environmental policy program at Ridgeview University, and I was wondering if you would be willing to write a recommendation letter on my behalf. The deadline is November 15th, and I'd be happy to send over my resume and personal statement if that would help. Thank you so much for considering it.",3,easy,,medium,3,,,5,
S05_035,S05,score,How polite is this email request?,"0 = Rude: demanding, insulting, or dismissive | 1 = Curt: blunt demand with no greeting or thanks | 2 = Neutral: plain request with basic courtesy | 3 = Polite: greeting, please/thank you, considerate tone | 4 = Very polite: highly deferential, apologizes for imposing, elaborate gratitude","This is the third time I've had to chase you down about the deposit refund for the Brannigan wedding venue, and frankly I'm losing patience with how this is being handled. The money should have been back in our account two weeks ago per your own policy, yet somehow it's still 'being processed.' Either send it today or I'll be taking this up with your manager and leaving a review that reflects exactly how this was handled.",0,medium,,medium,0,,,5,
S05_038,S05,score,How polite is this email request?,"0 = Rude: demanding, insulting, or dismissive | 1 = Curt: blunt demand with no greeting or thanks | 2 = Neutral: plain request with basic courtesy | 3 = Polite: greeting, please/thank you, considerate tone | 4 = Very polite: highly deferential, apologizes for imposing, elaborate gratitude","I need three more days on the Pemberton deliverable, no discussion needed — the unrealistic timeline you set in the first place is the reason we're behind, not me.",0,medium,,short,0,queue,,5,
S05_039,S05,score,How polite is this email request?,"0 = Rude: demanding, insulting, or dismissive | 1 = Curt: blunt demand with no greeting or thanks | 2 = Neutral: plain request with basic courtesy | 3 = Polite: greeting, please/thank you, considerate tone | 4 = Very polite: highly deferential, apologizes for imposing, elaborate gratitude",Add me to the deployment server today. I need it before the 2pm release.,1,easy,,short,1,,,5,
S05_040,S05,score,How polite is this email request?,"0 = Rude: demanding, insulting, or dismissive | 1 = Curt: blunt demand with no greeting or thanks | 2 = Neutral: plain request with basic courtesy | 3 = Polite: greeting, please/thank you, considerate tone | 4 = Very polite: highly deferential, apologizes for imposing, elaborate gratitude",I still don't have access to the server after asking twice — figure it out or I'm escalating this to your boss today.,0,easy,,short,0,,,5,
S05_041,S05,score,How polite is this email request?,"0 = Rude: demanding, insulting, or dismissive | 1 = Curt: blunt demand with no greeting or thanks | 2 = Neutral: plain request with basic courtesy | 3 = Polite: greeting, please/thank you, considerate tone | 4 = Very polite: highly deferential, apologizes for imposing, elaborate gratitude","Need the recommendation letter by Friday. Send it straight to the admissions portal, not to me.",1,easy,,short,1,,,5,
S05_042,S05,score,How polite is this email request?,"0 = Rude: demanding, insulting, or dismissive | 1 = Curt: blunt demand with no greeting or thanks | 2 = Neutral: plain request with basic courtesy | 3 = Polite: greeting, please/thank you, considerate tone | 4 = Very polite: highly deferential, apologizes for imposing, elaborate gratitude","Hi Soraya, I know I already pushed this deadline back once, which I realize isn't great timing on my part. That said, could I get two more days on the compliance summary? The vendor data came in late again and I'd rather submit something accurate than rush it. Let me know if that works.",3,hard,mixed_signals,medium,2,queue,,5,
S05_043,S05,score,How polite is this email request?,"0 = Rude: demanding, insulting, or dismissive | 1 = Curt: blunt demand with no greeting or thanks | 2 = Neutral: plain request with basic courtesy | 3 = Polite: greeting, please/thank you, considerate tone | 4 = Very polite: highly deferential, apologizes for imposing, elaborate gratitude","Oh, take your time fixing the invoice error — it's only been costing us money for two weeks, no big deal at all.",0,hard,sarcasm,short,0,,,5,
S05_045,S05,score,How polite is this email request?,"0 = Rude: demanding, insulting, or dismissive | 1 = Curt: blunt demand with no greeting or thanks | 2 = Neutral: plain request with basic courtesy | 3 = Polite: greeting, please/thank you, considerate tone | 4 = Very polite: highly deferential, apologizes for imposing, elaborate gratitude","Dear Professor Alberts, I'm so sorry to impose on your time, especially so close to finals week, but I was wondering if you might be willing to write a letter of recommendation for my scholarship application. I would completely understand if your schedule doesn't allow it. If you're able to help, I would be endlessly grateful and would happily provide anything that might make it easier, like my transcript or a summary of our work together. Thank you so much, either way, for even considering it.",4,easy,,medium,4,,,5,
S05_046,S05,score,How polite is this email request?,"0 = Rude: demanding, insulting, or dismissive | 1 = Curt: blunt demand with no greeting or thanks | 2 = Neutral: plain request with basic courtesy | 3 = Polite: greeting, please/thank you, considerate tone | 4 = Very polite: highly deferential, apologizes for imposing, elaborate gratitude","Dear Mr. Castellanos,

I feel like I should just set up a recurring calendar reminder titled 'Ingrid asks for more time again,' because at this rate you probably have my name memorized for all the wrong reasons. I promise I'm not usually this person, though it's becoming harder to prove that with each passing quarter.

All jokes aside, I'm writing to ask, with as much humility as I can manage at this point, whether it might be possible to extend the deadline on the Castellanos merger summary by four more days. The additional due-diligence documents from the other side only arrived yesterday, and I want to make sure I do the analysis justice rather than rushing something incomplete just to hit the original date.

I know how much you've already accommodated me this year, and I genuinely don't take that for granted, even when my emails might suggest I'm developing a bad habit. If four days isn't workable, I completely understand, and I'll find a way to make the original deadline work rather than ask for anything further.

Whatever you decide, I want to say how grateful I am for your patience with me throughout this project. It has meant more than I think I've properly expressed, and I don't want that to get lost underneath my ongoing, slightly embarrassing tendency to ask for extra time.

Thank you again, truly, for even reading this far.

Warmly,
Ingrid Solano",4,hard,sarcasm,long,4,,,5,
S05_047,S05,score,How polite is this email request?,"0 = Rude: demanding, insulting, or dismissive | 1 = Curt: blunt demand with no greeting or thanks | 2 = Neutral: plain request with basic courtesy | 3 = Polite: greeting, please/thank you, considerate tone | 4 = Very polite: highly deferential, apologizes for imposing, elaborate gratitude","Dear Mr. Okafor,

I want to start by saying I'm genuinely embarrassed to be writing this email, and I've rewritten it three times trying to find a way to bring this up that doesn't sound like I'm making excuses, because I'm not trying to.

I made an error in the shipment count I sent you last Tuesday for the Delacroix order — I listed 400 units when the correct number, confirmed against our warehouse records this morning, is actually 340. I know this kind of mistake can cause real problems on your end, especially if you've already adjusted your own inventory planning or communicated the higher number to your team, and I am so sorry for any trouble this may cause you.

Would it be possible for you to update your records to reflect the corrected count of 340 units? I completely understand if this creates complications, and I want you to know I'm available at any hour this week, including evenings, if it would help to talk through how to minimize the disruption on your side.

I also want to say, even though this email is about a mistake I made, how much I've valued working with you and your team over the past year. Your patience with me today, and honestly with our team in general, does not go unnoticed, and I am more grateful for it than this email probably conveys.

Thank you again for your understanding, and please don't hesitate to reach out if there's anything at all I can do to make this easier on your end.

With sincere apologies and gratitude,
Naledi Osei",4,hard,mixed_signals,long,4,,,5,
S05_048,S05,score,How polite is this email request?,"0 = Rude: demanding, insulting, or dismissive | 1 = Curt: blunt demand with no greeting or thanks | 2 = Neutral: plain request with basic courtesy | 3 = Polite: greeting, please/thank you, considerate tone | 4 = Very polite: highly deferential, apologizes for imposing, elaborate gratitude","Hi Dr. Sanderson, I'm applying to the Whitmore fellowship with a December 1st deadline — could you write a recommendation letter for me? Happy to send my CV if useful.",2,hard,implicit,short,2,queue,,5,
S05_049,S05,score,How polite is this email request?,"0 = Rude: demanding, insulting, or dismissive | 1 = Curt: blunt demand with no greeting or thanks | 2 = Neutral: plain request with basic courtesy | 3 = Polite: greeting, please/thank you, considerate tone | 4 = Very polite: highly deferential, apologizes for imposing, elaborate gratitude",Your 'feedback' on my report was completely useless — two vague sentences after I waited a week for it. Next time either do it properly or don't bother.,0,easy,,short,0,,,5,
S05_050,S05,score,How polite is this email request?,"0 = Rude: demanding, insulting, or dismissive | 1 = Curt: blunt demand with no greeting or thanks | 2 = Neutral: plain request with basic courtesy | 3 = Polite: greeting, please/thank you, considerate tone | 4 = Very polite: highly deferential, apologizes for imposing, elaborate gratitude","I'm sorry to ask for more of your time, but would it be possible to grab fifteen minutes this week to go over the rollout plan? I'd be really grateful, whenever suits you best.",4,medium,,short,4,queue,,5,
S05_051,S05,score,How polite is this email request?,"0 = Rude: demanding, insulting, or dismissive | 1 = Curt: blunt demand with no greeting or thanks | 2 = Neutral: plain request with basic courtesy | 3 = Polite: greeting, please/thank you, considerate tone | 4 = Very polite: highly deferential, apologizes for imposing, elaborate gratitude","Hi Jonas, would you be available for a quick meeting sometime this week to go over the onboarding timeline? I'm free Tuesday afternoon or Thursday morning, but happy to work around your schedule. Please let me know what works, and thanks in advance for making time.",3,medium,,medium,3,,,5,
S05_052,S05,score,How polite is this email request?,"0 = Rude: demanding, insulting, or dismissive | 1 = Curt: blunt demand with no greeting or thanks | 2 = Neutral: plain request with basic courtesy | 3 = Polite: greeting, please/thank you, considerate tone | 4 = Very polite: highly deferential, apologizes for imposing, elaborate gratitude","Got the draft, and the formatting's better this time — but the appendix is still missing. Send the complete version by noon, no more partial files.",1,hard,mixed_signals,short,1,queue,,5,
S05_053,S05,score,How polite is this email request?,"0 = Rude: demanding, insulting, or dismissive | 1 = Curt: blunt demand with no greeting or thanks | 2 = Neutral: plain request with basic courtesy | 3 = Polite: greeting, please/thank you, considerate tone | 4 = Very polite: highly deferential, apologizes for imposing, elaborate gratitude","Hi Rashid, could you set me up with access to the inventory system when you get a chance? I'll need it to run the month-end reports starting next week. Let me know if you need a manager approval or anything else from me to process the request. Thanks.",3,easy,,medium,2,queue,,5,
S05_054,S05,score,How polite is this email request?,"0 = Rude: demanding, insulting, or dismissive | 1 = Curt: blunt demand with no greeting or thanks | 2 = Neutral: plain request with basic courtesy | 3 = Polite: greeting, please/thank you, considerate tone | 4 = Very polite: highly deferential, apologizes for imposing, elaborate gratitude","Hi Talia, are you free for a quick call this week to go over the budget? Let me know what time works.",2,easy,,short,2,,,5,
S05_055,S05,score,How polite is this email request?,"0 = Rude: demanding, insulting, or dismissive | 1 = Curt: blunt demand with no greeting or thanks | 2 = Neutral: plain request with basic courtesy | 3 = Polite: greeting, please/thank you, considerate tone | 4 = Very polite: highly deferential, apologizes for imposing, elaborate gratitude",The reference number on invoice 4471 is one digit off — could you correct it and send an updated copy?,2,medium,,short,2,,,5,True
S05_056,S05,score,How polite is this email request?,"0 = Rude: demanding, insulting, or dismissive | 1 = Curt: blunt demand with no greeting or thanks | 2 = Neutral: plain request with basic courtesy | 3 = Polite: greeting, please/thank you, considerate tone | 4 = Very polite: highly deferential, apologizes for imposing, elaborate gratitude","The booking for October 14 was cancelled before the cutoff, so the $250 deposit needs to go back to the card on file this week.",1,medium,,short,2,queue,,5,True
S05_057,S05,score,How polite is this email request?,"0 = Rude: demanding, insulting, or dismissive | 1 = Curt: blunt demand with no greeting or thanks | 2 = Neutral: plain request with basic courtesy | 3 = Polite: greeting, please/thank you, considerate tone | 4 = Very polite: highly deferential, apologizes for imposing, elaborate gratitude",The billing system needs read access enabled for my account before I can pull the September statements — can you set that up?,2,medium,,short,2,,,5,True
S05_058,S05,score,How polite is this email request?,"0 = Rude: demanding, insulting, or dismissive | 1 = Curt: blunt demand with no greeting or thanks | 2 = Neutral: plain request with basic courtesy | 3 = Polite: greeting, please/thank you, considerate tone | 4 = Very polite: highly deferential, apologizes for imposing, elaborate gratitude",Could you update the shipping address on order 8823 to 14 Birch Lane — it's currently listed as Birch Street?,2,medium,,short,2,,,5,True
S05_059,S05,score,How polite is this email request?,"0 = Rude: demanding, insulting, or dismissive | 1 = Curt: blunt demand with no greeting or thanks | 2 = Neutral: plain request with basic courtesy | 3 = Polite: greeting, please/thank you, considerate tone | 4 = Very polite: highly deferential, apologizes for imposing, elaborate gratitude","The lease agreement sent yesterday is missing page 3, which covers the renewal terms and the early termination clause. I need the complete version to file with the property office before their Wednesday cutoff. The copy on record at my end only goes up to page 2, so I can't tell if anything else was left out. Could you resend the full document with that page included?",2,medium,,medium,2,queue,,5,True
S05_061,S05,score,How polite is this email request?,"0 = Rude: demanding, insulting, or dismissive | 1 = Curt: blunt demand with no greeting or thanks | 2 = Neutral: plain request with basic courtesy | 3 = Polite: greeting, please/thank you, considerate tone | 4 = Very polite: highly deferential, apologizes for imposing, elaborate gratitude","I'm applying for the Hartwell research grant, which has a submission deadline of November 3rd. The application requires one letter of recommendation from a prior supervisor, submitted directly through the grant portal. Would you be able to write one on my behalf? The letter should speak to my research methodology coursework and the lab work I completed last spring.",2,medium,,medium,2,queue,,5,True
S05_062,S05,score,How polite is this email request?,"0 = Rude: demanding, insulting, or dismissive | 1 = Curt: blunt demand with no greeting or thanks | 2 = Neutral: plain request with basic courtesy | 3 = Polite: greeting, please/thank you, considerate tone | 4 = Very polite: highly deferential, apologizes for imposing, elaborate gratitude","The catering order for the Whitfield office event was cancelled two weeks ago, and the $180 deposit hasn't been returned yet. The confirmation email listed a five-business-day turnaround for refunds after cancellation, and that window closed last Friday. The charge was made on the office corporate card ending in 4417. Could you check on the status and process it to the original payment method?",2,medium,,medium,2,queue,,5,True
S05_063,S05,score,How polite is this email request?,"0 = Rude: demanding, insulting, or dismissive | 1 = Curt: blunt demand with no greeting or thanks | 2 = Neutral: plain request with basic courtesy | 3 = Polite: greeting, please/thank you, considerate tone | 4 = Very polite: highly deferential, apologizes for imposing, elaborate gratitude","The quarterly summary you sent lists the Denholm account under the Northeast region instead of Midwest, which throws off the regional totals on page two. The correction needs to go out before the report is forwarded to the board on Friday morning. The Midwest total should read $342,000 once the account is moved over. Please update the figure and send the corrected file.",2,medium,,medium,2,queue,,5,True
S06_000,S06,score,How urgent is this helpdesk request?,"0 = Can wait: a question or minor request with no deadline and little impact | 1 = Soon: affects someone's work or has a deadline within days | 2 = Immediate: work is stopped for many people, a security incident, or a deadline within hours","I receive email say my account will close in 3 days if I not confirm login, the link look strange, please check before it happen.",1,hard,numbers,short,1,queue,,3,
S06_001,S06,score,How urgent is this helpdesk request?,"0 = Can wait: a question or minor request with no deadline and little impact | 1 = Soon: affects someone's work or has a deadline within days | 2 = Immediate: work is stopped for many people, a security incident, or a deadline within hours","The wireless connection in the reading room has been dropping for a moment every so often. Whenever someone finds a spare hour, perhaps they might kindly take a look.",0,medium,,short,0,,,3,
S06_002,S06,score,How urgent is this helpdesk request?,"0 = Can wait: a question or minor request with no deadline and little impact | 1 = Soon: affects someone's work or has a deadline within days | 2 = Immediate: work is stopped for many people, a security incident, or a deadline within hours","Subject line said URGENT but it's just this: my email signature dropped the company logo sometime yesterday afternoon. Mail still sends and receives fine, so nothing is blocked today. I have a proposal going to a new client Thursday and want the signature fixed before then. Only my account is affected, not the team.",1,hard,distractor,medium,1,,,3,
S06_003,S06,score,How urgent is this helpdesk request?,"0 = Can wait: a question or minor request with no deadline and little impact | 1 = Soon: affects someone's work or has a deadline within days | 2 = Immediate: work is stopped for many people, a security incident, or a deadline within hours",So apparently I'm the person our security-training videos warn everyone about. I clicked a link in an email that looked exactly like our IT portal and typed in my password before my brain caught up. That was about ten minutes ago and I still have every app open. Might want to lock this account before I become a cautionary tale in next year's slideshow.,2,medium,,medium,2,,,3,
S06_004,S06,score,How urgent is this helpdesk request?,"0 = Can wait: a question or minor request with no deadline and little impact | 1 = Soon: affects someone's work or has a deadline within days | 2 = Immediate: work is stopped for many people, a security incident, or a deadline within hours","Between soccer pickups and dinner chaos, I finally noticed my laptop won't charge past 20%, and with a client demo on it Thursday, hoping someone can take a look this week.",1,medium,,short,1,,,3,
S06_005,S06,score,How urgent is this helpdesk request?,"0 = Can wait: a question or minor request with no deadline and little impact | 1 = Soon: affects someone's work or has a deadline within days | 2 = Immediate: work is stopped for many people, a security incident, or a deadline within hours","okay so quick one before I forget because between the carpool and my daughter's dentist appointment and trying to get dinner on the table I almost didn't even flag this, but about two weeks ago I got this email that said it was from the benefits provider asking me to log in and verify my dependents, and something about it just felt off, the sender address had like an extra letter in it, so I didn't click anything and I just deleted it right away like we're trained to do, and then it happened again yesterday, so that's twice now in two weeks from what looks like the same fake sender, and I'm not worried because I never entered anything and my password hasn't changed in months and everything still logs in fine, I just think it'd be good if someone eventually added that sender to the blocklist so it stops showing up in my inbox and maybe in everyone else's too, no rush on this at all, whenever you get a free afternoon sometime this month is totally fine, just didn't want it to fall through the cracks completely.",0,hard,numbers,long,0,,,3,
S06_006,S06,score,How urgent is this helpdesk request?,"0 = Can wait: a question or minor request with no deadline and little impact | 1 = Soon: affects someone's work or has a deadline within days | 2 = Immediate: work is stopped for many people, a security incident, or a deadline within hours","Reporting a full outage of the Finance shared drive (F:\Finance) as of 9:12 AM. Symptom: all mapped drive connections return 'network path not found' across every workstation in the Finance and Accounting departments, roughly 40 users total. I confirmed this is not a local issue by testing from three separate machines on two different switches; both fail identically, and ping to the file server (10.20.4.15) times out. The server's status light is amber and the console appears unresponsive to RDP. This is blocking the entire team's ability to work: payroll processing is due to run at noon today and pulls source files directly from this share, invoicing cannot close month-end without the drive, and several finance staff are currently sitting idle waiting on access. I attempted a manual reboot of the file server via the rack KVM at 9:20 AM with no change in status. This needs escalation to on-call infrastructure immediately, as we are now roughly two and a half hours from the payroll cutoff and have no workaround; running payroll from local cached copies is not an option since several files were mid-edit when the server dropped. Please treat this as a P1 and let me know who is engaging so I can coordinate testing from this end once the server is back.",2,easy,,long,2,,,3,
S06_007,S06,score,How urgent is this helpdesk request?,"0 = Can wait: a question or minor request with no deadline and little impact | 1 = Soon: affects someone's work or has a deadline within days | 2 = Immediate: work is stopped for many people, a security incident, or a deadline within hours","Wireless access points on the third floor (AP-3A through AP-3F) stopped broadcasting at 10:04 AM; I've confirmed via the controller dashboard that all six show as offline simultaneously, which rules out a single hardware fault. Every team on that floor, roughly 60 people, has lost network access mid-shift, and two client calls scheduled for the next half hour have no way to connect. I've already power-cycled the switch stack feeding that closet with no change. Escalating this to network engineering now rather than waiting for the ticket queue.",2,medium,,medium,2,,,3,
S06_008,S06,score,How urgent is this helpdesk request?,"0 = Can wait: a question or minor request with no deadline and little impact | 1 = Soon: affects someone's work or has a deadline within days | 2 = Immediate: work is stopped for many people, a security incident, or a deadline within hours","hey the printer on the 2nd floor by the kitchen keeps putting a faint grey line down the middle of every page. still readable fine, jsut looks a bit off. no rush, i print like once a week anyway, whenever someone's free to swap the toner or whatever is causing it works for me.",0,medium,,medium,0,,,3,
S06_009,S06,score,How urgent is this helpdesk request?,"0 = Can wait: a question or minor request with no deadline and little impact | 1 = Soon: affects someone's work or has a deadline within days | 2 = Immediate: work is stopped for many people, a security incident, or a deadline within hours","Marked this email 'URGENT!!!' because apparently that's the only way anyone reads tickets around here, but let's be honest, it's not. The VPN client changed its icon from blue to green after the last update and now it just looks... different. Still connects fine, still fast, I just personally find the new color offensive. Fix it whenever, or don't, humanity will survive.",0,hard,distractor,medium,0,,,3,
S06_010,S06,score,How urgent is this helpdesk request?,"0 = Can wait: a question or minor request with no deadline and little impact | 1 = Soon: affects someone's work or has a deadline within days | 2 = Immediate: work is stopped for many people, a security incident, or a deadline within hours","cant log into the hr portal and open enrollment closes friday, need access back before then to pick my benefits.",1,easy,,short,1,,,3,
S06_011,S06,score,How urgent is this helpdesk request?,"0 = Can wait: a question or minor request with no deadline and little impact | 1 = Soon: affects someone's work or has a deadline within days | 2 = Immediate: work is stopped for many people, a security incident, or a deadline within hours","not to be dramatic but my work laptop got stolen out of my car like an hour ago and it still has the client contracts folder synced locally, no lock screen timeout set either lol. can someone kill my account access and wipe it remotely rn before this becomes a whole thing.",2,easy,,medium,2,,,3,
S06_013,S06,score,How urgent is this helpdesk request?,"0 = Can wait: a question or minor request with no deadline and little impact | 1 = Soon: affects someone's work or has a deadline within days | 2 = Immediate: work is stopped for many people, a security incident, or a deadline within hours","I write to report that my VPN connection has been failing to establish since this morning. I am meant to submit my quarterly expense report to head office by Friday, and I understand this requires the VPN to access the internal system. I would be much obliged if this could be attended to before then, at your earliest convenience this week.",1,medium,,medium,1,,,3,
S06_015,S06,score,How urgent is this helpdesk request?,"0 = Can wait: a question or minor request with no deadline and little impact | 1 = Soon: affects someone's work or has a deadline within days | 2 = Immediate: work is stopped for many people, a security incident, or a deadline within hours","The color printer on the 4th floor is out of magenta toner, so anything with color prints washed out or blank in that channel. Black and white jobs are unaffected. I need proper color copies of the client brochure by Wednesday to send to the print shop, so a toner swap sometime before then would be appreciated.",1,medium,,medium,1,,,3,
S06_016,S06,score,How urgent is this helpdesk request?,"0 = Can wait: a question or minor request with no deadline and little impact | 1 = Soon: affects someone's work or has a deadline within days | 2 = Immediate: work is stopped for many people, a security incident, or a deadline within hours","I am writing to report that I cannot access the shared drive folder for the annual report. This is somewhat pressing, as the report is due to the board on Monday and I still have several sections to finish. I would be grateful if access could be restored in the next day or two.",1,easy,,medium,1,,,3,
S06_017,S06,score,How urgent is this helpdesk request?,"0 = Can wait: a question or minor request with no deadline and little impact | 1 = Soon: affects someone's work or has a deadline within days | 2 = Immediate: work is stopped for many people, a security incident, or a deadline within hours","The screen in the small conference room on the 2nd floor has a faint burn-in mark in the corner. It doesn't affect visibility or use. No meetings are scheduled to be impacted. Whenever it's convenient to replace or service it is fine, there's no deadline on this one.",0,easy,,medium,0,,,3,
S06_018,S06,score,How urgent is this helpdesk request?,"0 = Can wait: a question or minor request with no deadline and little impact | 1 = Soon: affects someone's work or has a deadline within days | 2 = Immediate: work is stopped for many people, a security incident, or a deadline within hours","ok random update dump incoming sorry in advance. so the vending machine on 3 is out of the cherry soda again which is a tragedy honestly, ppl have been complainig in the slack channel for like 3 days now lol. also shoutout to whoever fixed the elevator button panel last week bc it was stuck on 'door open' forever and that was annoying. weather has been weird too, rained monday then sunny tuesday then rained again today, cant keep up. oh also we got new plants in the break room, the big leafy one by the window, looks nice ngl. anyway separately, kinda need someone to look at my wifi when they get a chance, its been dropping every 10 mins or so since yesterday and i have a client file review due thursday that i cant finish without a stable connection, not a huge deal yet but would be good to sort before then. ok unrelated again but did anyone else get the email about the parking garage repaving next month, apparently well have to use the overflow lot for like 2 weeks which is gonna be annoying for everyone. also is there a sign up sheet for the office trivia night yet or nah, someone said friday but i havent seen anything posted. anyway thats all for now, thanks.",1,hard,long_irrelevant,long,1,,,3,
S06_019,S06,score,How urgent is this helpdesk request?,"0 = Can wait: a question or minor request with no deadline and little impact | 1 = Soon: affects someone's work or has a deadline within days | 2 = Immediate: work is stopped for many people, a security incident, or a deadline within hours","I can't remember my HR portal password and the reset link keeps failing to send. This isn't tied to anything time-sensitive, I just wanted to update my mailing address on file at some point this quarter. Whenever someone has a few spare minutes to reset it manually is fine, there's no particular day this needs to happen by.",0,easy,,medium,0,,,3,
S06_020,S06,score,How urgent is this helpdesk request?,"0 = Can wait: a question or minor request with no deadline and little impact | 1 = Soon: affects someone's work or has a deadline within days | 2 = Immediate: work is stopped for many people, a security incident, or a deadline within hours","lowkey not trying to be that person but literally nobody in the whole building can send or receive email right now, its been like 20 mins. probably nbd and will fix itself lol but figured i'd mention it just in case, half my team is just sitting here staring at their screens.",2,hard,distractor,medium,2,,,3,
S06_021,S06,score,How urgent is this helpdesk request?,"0 = Can wait: a question or minor request with no deadline and little impact | 1 = Soon: affects someone's work or has a deadline within days | 2 = Immediate: work is stopped for many people, a security incident, or a deadline within hours","ok so weekend was pretty chill, went to my cousins bbq saturday, had way too much potato salad lol. sunday was just laundry and catching up on that show everyones talking about, finally get why ppl like it. traffic on the way in today was rough tho, accident on the highway backed everything up like 40 mins. anyway coffee machine on 5 is doing the weird gurgling thing again, someone should probably look at that eventually too, not a big deal tho. oh also happy bday to dana in accounting, cake in the break room if anyone wants some, going fast tho. ok so actual work thing, the hr portal is down for literally everyone company wide, like 300+ people cant log in at all, and payroll processing is supposed to kick off at 2pm today pulling hours data straight from that system, so if its not back up before then payroll just doesnt run this cycle for the entire company. thats in like 3 hrs from now. everything else i mentioned can wait obviously but this one cant. anyway also does anyone know if the parking validation thing got fixed, i got charged again last week which was annoying but whatever, not a big deal in the grand scheme. ok thats it for now, lmk on the portal thing when u can, kinda need to know asap given the timing.",2,hard,long_irrelevant,long,2,,,3,
S06_022,S06,score,How urgent is this helpdesk request?,"0 = Can wait: a question or minor request with no deadline and little impact | 1 = Soon: affects someone's work or has a deadline within days | 2 = Immediate: work is stopped for many people, a security incident, or a deadline within hours","My laptop got infected with virus this morning, I see many pop-up windows I did not open and now it is very slow, I think maybe ransomware because one file say it is locked. Please help fast, I am scared it will spread to shared folder that whole team use.",2,easy,,medium,2,,,3,
S06_023,S06,score,How urgent is this helpdesk request?,"0 = Can wait: a question or minor request with no deadline and little impact | 1 = Soon: affects someone's work or has a deadline within days | 2 = Immediate: work is stopped for many people, a security incident, or a deadline within hours","Hey there! Hope your week's going well. Small thing, nothing pressing — I noticed my email signature still lists my old job title from before the promotion. Whenever you have a spare moment sometime, it'd be great to get it updated. Thanks a bunch!",0,easy,,medium,0,,,3,
S06_024,S06,score,How urgent is this helpdesk request?,"0 = Can wait: a question or minor request with no deadline and little impact | 1 = Soon: affects someone's work or has a deadline within days | 2 = Immediate: work is stopped for many people, a security incident, or a deadline within hours","One user in the Sales team forwarded a suspicious email mimicking our SSO login page; header analysis shows it originated from a domain registered four days ago. No credentials appear to have been entered based on the user's report, and no other recipients have flagged it so far. I'd like this added to the blocklist and reviewed before our password rotation policy kicks in for that team in two days, since a similar-looking domain could resurface then.",1,hard,numbers,medium,1,,,3,
S06_025,S06,score,How urgent is this helpdesk request?,"0 = Can wait: a question or minor request with no deadline and little impact | 1 = Soon: affects someone's work or has a deadline within days | 2 = Immediate: work is stopped for many people, a security incident, or a deadline within hours","So this weekend was wild, my sister came to visit with her two dogs and one of them, the little terrier mix, somehow got into the pantry and ate an entire bag of pretzels, we were laughing so hard, she was fine though don't worry. Then Sunday we went to that new farmers market downtown, the one that opened by the old train station, and I finally tried the honey lavender ice cream everyone's been raving about, honestly a little overrated if you ask me but the peach one was incredible. Work has been fine, pretty normal week, nothing major going on. Oh, small thing, my laptop's trackpad has felt a tiny bit less responsive the last few days, like slightly sticky in the corner, but it still works completely fine for everything I do, typing, scrolling, all of it, so genuinely no rush on that at all, maybe next time someone's doing hardware checks they could glance at it. Anyway, back to my weekend, Monday I had a dentist appointment which was uneventful thankfully, and then I spent the evening finally organizing my closet which has needed it for months. Also does anyone know if the office is doing a holiday party this year, someone mentioned it in passing but I haven't seen anything official. Okay that's my very long-winded update, hope everyone's doing well too!",0,hard,long_irrelevant,long,0,,,3,
S06_026,S06,score,How urgent is this helpdesk request?,"0 = Can wait: a question or minor request with no deadline and little impact | 1 = Soon: affects someone's work or has a deadline within days | 2 = Immediate: work is stopped for many people, a security incident, or a deadline within hours","Quick one between meetings, the projector in Room B has been flickering since Tuesday and I've got the client walkthrough booked in there Thursday, so hoping someone can peek at it before then.",1,medium,,short,1,,,3,
S06_027,S06,score,How urgent is this helpdesk request?,"0 = Can wait: a question or minor request with no deadline and little impact | 1 = Soon: affects someone's work or has a deadline within days | 2 = Immediate: work is stopped for many people, a security incident, or a deadline within hours","I wanted to flag, in a fair amount of detail, a small cosmetic issue I've noticed in the new expense-reporting software since the update rolled out last week: the category dropdown menu is slightly misaligned, overlapping the label text by about two pixels on my screen resolution. It doesn't prevent me from selecting a category or submitting anything, and every report I've filed this week has gone through without a hitch. I'm mentioning it purely so it's on record somewhere, and it can absolutely sit in the queue until there's a broader round of UI polish planned.",0,medium,,medium,0,,,3,
S06_028,S06,score,How urgent is this helpdesk request?,"0 = Can wait: a question or minor request with no deadline and little impact | 1 = Soon: affects someone's work or has a deadline within days | 2 = Immediate: work is stopped for many people, a security incident, or a deadline within hours","The new time-tracking software pushed an update overnight that now crashes on login for everyone in Operations, about 35 people. No one on that team can clock in or log hours this morning. I've confirmed it's not a single-machine issue, it fails on every device I've tested. This needs to be rolled back now, not queued for the next release.",2,medium,,medium,2,,,3,
S06_029,S06,score,How urgent is this helpdesk request?,"0 = Can wait: a question or minor request with no deadline and little impact | 1 = Soon: affects someone's work or has a deadline within days | 2 = Immediate: work is stopped for many people, a security incident, or a deadline within hours","ok so heads up, vpn has been completely down since like 8am, not just slow or spotty, fully down, cant establish a connection at all no matter what server i pick. checked with a few ppl on other teams and its the same story for basically everyone working remote today, thats gotta be 100+ people at this point cant get into any internal systems at all. sales cant pull up the crm, support cant see the ticket queue, finance is locked out of the accounting system too from what im hearing. tried the usual stuff, restarting the client, restarting my laptop, switching wifi networks, nothing works, always fails at the handshake step with some cert error. this isnt a me problem, its clearly the concentrator or whatever on your end. this is basically shutting down remote work for the whole company right now which is. not great. can someone escalate this immediately, we're like 2 hrs from a client deliverable going out and half the team building it cant even log in to get the files they need. lmk if u need me to test anything on my end, just trying to get this moving asap bc its only getting worse the longer ppl sit around unable to work.",2,medium,,long,2,,,3,
S06_030,S06,score,How urgent is this helpdesk request?,"0 = Can wait: a question or minor request with no deadline and little impact | 1 = Soon: affects someone's work or has a deadline within days | 2 = Immediate: work is stopped for many people, a security incident, or a deadline within hours","My email font look different today, very small, not big problem, maybe fix when you have time please.",0,easy,,short,0,,,3,
S06_031,S06,score,How urgent is this helpdesk request?,"0 = Can wait: a question or minor request with no deadline and little impact | 1 = Soon: affects someone's work or has a deadline within days | 2 = Immediate: work is stopped for many people, a security incident, or a deadline within hours","The printer on 3rd floor is printing salary documents that belong to other person, not mine, I see name and numbers I should not see, and other people already picked up wrong papers too. Please stop the print queue now, this is private information for many people.",2,easy,,medium,2,,,3,
S06_032,S06,score,How urgent is this helpdesk request?,"0 = Can wait: a question or minor request with no deadline and little impact | 1 = Soon: affects someone's work or has a deadline within days | 2 = Immediate: work is stopped for many people, a security incident, or a deadline within hours","I have been using the new document-scanning software and find it perfectly adequate, though I did notice the icon on my desktop is rather small and difficult for my eyes to make out. This is merely a personal preference matter and nothing that interferes with my work. Should anyone find a moment in the coming weeks to enlarge it, I would be much obliged, but there is certainly no hurry.",0,medium,,medium,0,,,3,
S06_033,S06,score,How urgent is this helpdesk request?,"0 = Can wait: a question or minor request with no deadline and little impact | 1 = Soon: affects someone's work or has a deadline within days | 2 = Immediate: work is stopped for many people, a security incident, or a deadline within hours","okay so literally the most unhinged thing happened this weekend, i went to my friend's birthday thing and someone brought a chocolate fountain but like, an actual malfunctioning one, it just started spraying everywhere, we were all covered, it was so funny i can't even. anyway sunday was a total recovery day, watched like 6 episodes of that new show back to back, no regrets. monday traffic was insane btw, took me 50 min to get here which is like double normal. oh also can we talk about the vending machine prices going up again, like when did a bag of chips become $3.50, inflation is wild. anyway random small thing while i remember, my laptop sticker (the little enamel pin looking one on the lid, not actual hardware lol) is peeling off at the corner, purely cosmetic, everything underneath still works totally fine, no functionality issue at all. was just gonna ask if replacement stickers are a thing anyone has, zero rush though, whenever, not even a real priority. anyway back to more important stuff, is anyone else going to the team lunch thing friday? heard we're doing tacos which honestly is the best possible outcome.",0,hard,long_irrelevant,long,0,,,3,
S06_034,S06,score,How urgent is this helpdesk request?,"0 = Can wait: a question or minor request with no deadline and little impact | 1 = Soon: affects someone's work or has a deadline within days | 2 = Immediate: work is stopped for many people, a security incident, or a deadline within hours","The printer on my floor now makes a faint whirring noise like it's contemplating its life choices, but it still prints just fine. Not asking for a miracle here, just flagging it in case anyone's doing rounds sometime and wants to investigate the printer's existential crisis. No deadline, it's not going anywhere.",0,medium,,medium,0,,,3,
S06_036,S06,score,How urgent is this helpdesk request?,"0 = Can wait: a question or minor request with no deadline and little impact | 1 = Soon: affects someone's work or has a deadline within days | 2 = Immediate: work is stopped for many people, a security incident, or a deadline within hours","can't log into the new project tool and my team lead needs my slides uploaded there by wednesday, kinda need this sorted in the next day or two.",1,easy,,short,1,,,3,
S06_037,S06,score,How urgent is this helpdesk request?,"0 = Can wait: a question or minor request with no deadline and little impact | 1 = Soon: affects someone's work or has a deadline within days | 2 = Immediate: work is stopped for many people, a security incident, or a deadline within hours","Screen in small meeting room has small scratch on corner, still work good, no problem, maybe fix someday when convenient.",0,easy,,short,0,,,3,
S06_038,S06,score,How urgent is this helpdesk request?,"0 = Can wait: a question or minor request with no deadline and little impact | 1 = Soon: affects someone's work or has a deadline within days | 2 = Immediate: work is stopped for many people, a security incident, or a deadline within hours","So funny story, I was cleaning out my old project folders on the shared drive yesterday, mostly just reminiscing over stuff from two years ago, and I noticed the 'Archive' folder is named 'Archvie', just a typo, been like that since before I joined apparently. Doesn't break anything, everyone still finds it fine. Just thought someone might want to rename it eventually, whenever there's nothing better to do.",0,medium,,medium,0,,,3,
S06_039,S06,score,How urgent is this helpdesk request?,"0 = Can wait: a question or minor request with no deadline and little impact | 1 = Soon: affects someone's work or has a deadline within days | 2 = Immediate: work is stopped for many people, a security incident, or a deadline within hours","I cannot login to HR portal since yesterday, and I need to submit my tax form there before Friday or I get problem with payroll department. Can someone please help me get access back in next day or two, this is affecting my paperwork for this pay period.",1,easy,,medium,1,,,3,
S06_040,S06,score,How urgent is this helpdesk request?,"0 = Can wait: a question or minor request with no deadline and little impact | 1 = Soon: affects someone's work or has a deadline within days | 2 = Immediate: work is stopped for many people, a security incident, or a deadline within hours","I must report a rather alarming matter concerning the printer outside the executive suite. It appears to be printing copies of what looks like confidential board compensation figures, and several staff members not authorized to see such information have already collected pages from the tray. I should be most grateful if the print job could be halted immediately and the tray cleared before further pages are collected.",2,easy,,medium,2,,,3,
S06_041,S06,score,How urgent is this helpdesk request?,"0 = Can wait: a question or minor request with no deadline and little impact | 1 = Soon: affects someone's work or has a deadline within days | 2 = Immediate: work is stopped for many people, a security incident, or a deadline within hours","The new CRM sync module is failing on export, specifically for records with attachments, and I need a clean export completed by Thursday's client sync meeting, so a fix in the next day or so would be ideal.",1,easy,,short,1,,,3,
S06_042,S06,score,How urgent is this helpdesk request?,"0 = Can wait: a question or minor request with no deadline and little impact | 1 = Soon: affects someone's work or has a deadline within days | 2 = Immediate: work is stopped for many people, a security incident, or a deadline within hours","I must say this is most urgent: my email font has changed to a rather garish shade of red, which I find quite bothersome. Vanity aside, I would appreciate the actual matter resolved before Wednesday, as I am sending a formal letter to our regional partners that day and would prefer it appear professional.",1,hard,distractor,medium,1,queue,,3,
S06_043,S06,score,How urgent is this helpdesk request?,"0 = Can wait: a question or minor request with no deadline and little impact | 1 = Soon: affects someone's work or has a deadline within days | 2 = Immediate: work is stopped for many people, a security incident, or a deadline within hours","So I was in the middle of telling my coworker about my weekend hike when I realized half the floor was staring at their laptops looking confused, turns out the wifi's been completely dead for about twenty minutes now, not just my desk, the whole open floor plan area, and apparently the sales floor downstairs too, so that's a lot of people just sitting here unable to do anything.",2,medium,,medium,2,,,3,
S06_044,S06,score,How urgent is this helpdesk request?,"0 = Can wait: a question or minor request with no deadline and little impact | 1 = Soon: affects someone's work or has a deadline within days | 2 = Immediate: work is stopped for many people, a security incident, or a deadline within hours","The entire shared drive just vanished for the whole department, forty-some people staring blankly at 'access denied', so unless we're all doing an involuntary team-building exercise, someone should probably look now.",2,easy,,short,2,,,3,
S06_045,S06,score,How urgent is this helpdesk request?,"0 = Can wait: a question or minor request with no deadline and little impact | 1 = Soon: affects someone's work or has a deadline within days | 2 = Immediate: work is stopped for many people, a security incident, or a deadline within hours","okay this is kind of a big deal not gonna lie, that new order software they pushed to the warehouse this morning is just not loading for anyone, like all 25 of us on the floor are staring at a blank screen right now. we literally cannot log a single shipment and there's trucks backed up outside waiting on paperwork we can't print. someone from IT needs to jump on this like actually right now, we are completely stuck.",2,medium,,medium,2,,,3,
S06_046,S06,score,How urgent is this helpdesk request?,"0 = Can wait: a question or minor request with no deadline and little impact | 1 = Soon: affects someone's work or has a deadline within days | 2 = Immediate: work is stopped for many people, a security incident, or a deadline within hours","So quick story before I get to the actual thing, remember back in March when the VPN went down company-wide for like six hours and half of us were stuck watching a spinning wheel during client calls? I was one of the lucky ones trying to sound calm while nothing loaded. Anyway, totally unrelated to that whole saga, my VPN client just stopped remembering my username so I have to retype it every single time I connect, which is mildly annoying but not exactly derailing my day. No deadline on my end at all, whenever someone's poking around in that area sometime is completely fine.",0,hard,distractor,medium,0,,,3,
S06_047,S06,score,How urgent is this helpdesk request?,"0 = Can wait: a question or minor request with no deadline and little impact | 1 = Soon: affects someone's work or has a deadline within days | 2 = Immediate: work is stopped for many people, a security incident, or a deadline within hours","I hope this note finds you well. I must say, autumn has arrived rather abruptly this year; the maples along the front drive turned color almost overnight, and I confess I spent a good portion of yesterday simply raking leaves and grumbling about my knees, which are not what they once were. My granddaughter visited this past weekend as well, and she was kind enough to help me set up a new photograph album on the mantel, though I still cannot quite manage the digital camera she gave me for my birthday.

In any case, I attempted to log into the HR portal this morning to check on a pension document, and upon entering, I was startled to find myself looking at another employee's personnel file entirely, complete with his salary figures, home address, and what appeared to be his social security number. I clicked away immediately, quite alarmed, and tried logging in again a few minutes later, only to be shown yet another colleague's private record, a different one this time. It seems the portal is displaying the wrong person's file to whoever logs in, which strikes me as a rather serious matter indeed, given how much personal information is involved for what I imagine is every employee in the system.

Do forgive the length of this message; I do tend to ramble when writing by hand, or its modern equivalent. My tomatoes, incidentally, did wonderfully this season, better than last year's disappointing crop. But I did want to flag the portal matter to you directly and promptly, as I suspect I am not the only one who will stumble upon this today, and it seems the sort of thing that ought not wait.",2,hard,long_irrelevant,long,2,,,3,
S06_048,S06,score,How urgent is this helpdesk request?,"0 = Can wait: a question or minor request with no deadline and little impact | 1 = Soon: affects someone's work or has a deadline within days | 2 = Immediate: work is stopped for many people, a security incident, or a deadline within hours","no time to explain but I just typed my password into that fake invoice email link, please lock my account right now, I'm out the door for carpool in five minutes.",2,medium,,short,2,,,3,
S06_050,S06,score,How urgent is this helpdesk request?,"0 = Can wait: a question or minor request with no deadline and little impact | 1 = Soon: affects someone's work or has a deadline within days | 2 = Immediate: work is stopped for many people, a security incident, or a deadline within hours","Summary of my current desk setup and troubleshooting log, for reference should this recur. Machine: ThinkPad, dock model TB-220, firmware updated three weeks ago. I ran the standard diagnostic suite (ipconfig /all, ping sweep to the gateway, traceroute to the internal DNS servers) and everything downstream of the router resolves normally; latency to the core switch sits around 4ms, well within spec. I also checked the access point channel utilization on the dashboard out of curiosity, floor 6 is running at about 30% utilization, nothing concerning there. For what it's worth, I sat in on the infrastructure retro yesterday and the team walked through the planned firmware rollout for the AP fleet next quarter, which looks reasonable, though I'd push for a staged rollout rather than all-at-once given past regressions.

Relevant to my actual situation: my connection to the office Wi-Fi has been dropping roughly every twenty minutes since Tuesday, only at my desk, confirmed by moving two rows over and having it hold steady there. I'm mid-way through building the Q3 capacity model, which is due to the infrastructure steering committee on Friday, and the drops are interrupting long-running queries against the metrics warehouse, costing me real time each occurrence. A firmware check or a swap of my nearest access point sometime in the next day or two would resolve it without needing a permanent desk move.

Let me know if you need the full diagnostic output; I can attach the packet capture if it helps narrow down the cause.",1,hard,long_irrelevant,long,1,,,3,
S06_051,S06,score,How urgent is this helpdesk request?,"0 = Can wait: a question or minor request with no deadline and little impact | 1 = Soon: affects someone's work or has a deadline within days | 2 = Immediate: work is stopped for many people, a security incident, or a deadline within hours","I want to preface this message by saying I am well aware that inboxes here get flooded with items marked as emergencies that turn out to be nothing more than someone's font size preference or a misplaced comma in a template, and I have no wish to add to that pile of noise, so please read the following at whatever pace such things are normally read, without any theatrics on my part.

That said, and I promise this is not simply my own aesthetic complaint dressed up as something bigger: earlier this afternoon I discovered that an email had gone out from my account to the entire company distribution list, all four hundred or so of us, impersonating our chief financial officer and requesting that recipients click a link to 'verify' a wire transfer authorization. I did not send it. I have not clicked anything unusual myself in recent memory, though I suppose I cannot rule it out entirely. Several colleagues have already replied-all asking whether it is legitimate, which of course only spreads it further through everyone's inbox as we speak.

I also wanted to mention, purely for completeness and not because it matters much right now, that my own email signature still has the old office address on it from before we moved buildings last spring, and the logo image seems to render a touch blurry on some screens, though that has been the case for months and has never once affected anyone's ability to read what I send.

In any case, the distribution list matter above seems like the one that actually needs looking at without delay, given how many people it has already reached and how quickly it is spreading.",2,hard,distractor,long,2,audit,,3,
S06_054,S06,score,How urgent is this helpdesk request?,"0 = Can wait: a question or minor request with no deadline and little impact | 1 = Soon: affects someone's work or has a deadline within days | 2 = Immediate: work is stopped for many people, a security incident, or a deadline within hours","My laptop has started randomly restarting itself about three times a day now, always mid-task, because apparently my unsaved work offends it personally. I've got a client deliverable due Friday that I actually need to finish typing more than once, so if someone could look at this before then, I'd appreciate not losing my sanity along with my drafts. Not asking for a parade, just a working laptop by end of week would be nice.",1,medium,,medium,1,,,3,
S06_055,S06,score,How urgent is this helpdesk request?,"0 = Can wait: a question or minor request with no deadline and little impact | 1 = Soon: affects someone's work or has a deadline within days | 2 = Immediate: work is stopped for many people, a security incident, or a deadline within hours","Hi there! Hope you're having a good week so far. I wanted to reach out about something small, definitely nothing urgent, just wanted to get it on your radar for whenever you have some downtime.

So basically, I was poking around in the HR portal last week updating my emergency contact info (my sister moved, so I figured I should update that while I remembered), and I noticed that my profile photo from like four years ago is still showing up, back when I had very different hair and apparently a much blurrier phone camera. It still technically works, people can obviously still tell it's me, it's just a little outdated and kind of makes me laugh every time I log in.

I also noticed the 'department' field still lists my old team from before the reorg last year, even though everything else about my role has updated fine, payroll, my manager's name, all of that looks correct. Just that one field seems to have gotten missed somewhere along the way.

Anyway, none of this is stopping me from doing anything, I can access everything I need just fine, submit my hours, view my benefits, all of it works. I just thought I'd flag the little cosmetic stuff in case whoever manages that system wants to clean it up sometime, maybe during a slow week or whenever there's nothing more pressing going on. No rush at all, genuinely whenever works.

Thanks so much, and hope you have a great rest of your week!",0,easy,,long,0,audit,,3,
S07_001,S07,score,"How well does the answer address the question that was asked? (Judge relevance and completeness, not factual accuracy.)",0 = Does not address the question at all: off-topic or a refusal | 1 = Touches the topic but does not answer what was asked | 2 = Partially answers: addresses the question but misses an important part | 3 = Fully answers the question directly and completely,"question: When should I prune my rose bushes, and how far back should I cut them?
answer: Prune in early spring, right before new growth starts, once the worst frost risk in your area has passed.",2,medium,,short,2,,,4,
S07_002,S07,score,"How well does the answer address the question that was asked? (Judge relevance and completeness, not factual accuracy.)",0 = Does not address the question at all: off-topic or a refusal | 1 = Touches the topic but does not answer what was asked | 2 = Partially answers: addresses the question but misses an important part | 3 = Fully answers the question directly and completely,"question: What's a good beginner routine for building upper body strength at home without any weights?
answer: Great question! Start with push-ups (knees-down is totally fine at first), tricep dips off a sturdy chair, and pike push-ups for your shoulders — aim for three sets of eight to twelve reps, three days a week. Throw in some plank holds too so your core gets tied into everything. Rest a day between sessions so your muscles actually get to rebuild, and add reps gradually once a set starts feeling easy. You'd be surprised how far bodyweight training alone can take you before you ever need a dumbbell.",3,easy,,medium,3,,,4,
S07_003,S07,score,"How well does the answer address the question that was asked? (Judge relevance and completeness, not factual accuracy.)",0 = Does not address the question at all: off-topic or a refusal | 1 = Touches the topic but does not answer what was asked | 2 = Partially answers: addresses the question but misses an important part | 3 = Fully answers the question directly and completely,"question: My dog has been scratching at his ears a lot this week and keeps shaking his head — what could be causing that and what should I actually do about it?
answer: Okay so between school drop-off and making lunches I finally sat down and looked this up because Baxter has been driving us all a little crazy with the head shaking, and it turns out ear scratching and head shaking together usually points to one of three things, either an ear infection, ear mites, or some kind of allergy flaring up, and honestly all three look pretty similar from the outside so you kind of have to peek inside the ear yourself first, so hold his head still and look for redness, a dark waxy discharge, or a bad smell, because if you see any of that it's almost certainly an infection or mites and you'll want a vet visit since he'll likely need drops you can't buy over the counter, but if the ear looks clean and it's more just him scratching generally plus maybe some paw licking too, that leans more toward a seasonal or food allergy and you can try switching his food for a couple weeks to see if it settles down, and either way don't let it go too long because dogs can scratch hard enough to cause a painful hematoma in the ear flap that sometimes needs surgery to fix, so basically check the ear today, book the vet if it looks infected, and keep an eye on it if it looks clean.",3,medium,,long,3,,,4,
S07_004,S07,score,"How well does the answer address the question that was asked? (Judge relevance and completeness, not factual accuracy.)",0 = Does not address the question at all: off-topic or a refusal | 1 = Touches the topic but does not answer what was asked | 2 = Partially answers: addresses the question but misses an important part | 3 = Fully answers the question directly and completely,"question: What's the most efficient way to build vocabulary as an intermediate Spanish learner?
answer: The highest-yield approach is spaced repetition on a frequency-ranked word list — target the 2,000-3,000 most common words first, since they cover roughly 90% of everyday text. Pair each new word with a full example sentence rather than an isolated translation, so you're encoding usage and grammar alongside meaning. Review using an SRS tool like Anki with intervals that expand as retention improves, and supplement with graded reading at your level so new words appear in context rather than in isolation. Aim for 15-20 minutes of review daily rather than long infrequent sessions — consistency matters more than volume here.",3,medium,,medium,3,,,4,
S07_006,S07,score,"How well does the answer address the question that was asked? (Judge relevance and completeness, not factual accuracy.)",0 = Does not address the question at all: off-topic or a refusal | 1 = Touches the topic but does not answer what was asked | 2 = Partially answers: addresses the question but misses an important part | 3 = Fully answers the question directly and completely,"question: How long should I let my steak rest after searing it, before I cut into it?
answer: Searing really comes down to a screaming-hot cast iron pan, patting the meat bone-dry first, and not overcrowding the pan so it actually browns instead of steaming.",1,medium,,short,1,queue,,4,
S07_008,S07,score,"How well does the answer address the question that was asked? (Judge relevance and completeness, not factual accuracy.)",0 = Does not address the question at all: off-topic or a refusal | 1 = Touches the topic but does not answer what was asked | 2 = Partially answers: addresses the question but misses an important part | 3 = Fully answers the question directly and completely,"question: What's the right ratio of water to rice for cooking jasmine rice on the stovetop?
answer: Oh man, where do I even start, we just finished gutting our kitchen and putting in new countertops, and the whole process took four months longer than the contractor promised, which honestly seems to be how every renovation goes if you ask around. We went with a soapstone counter in the end, which I was skeptical about but now genuinely love, it's got this matte finish that hides fingerprints way better than the quartz sample we almost picked instead. The new stove is a six-burner and I'm still getting used to how much hotter it runs than our old one, burned a batch of caramelized onions pretty badly last week figuring out the dial. We've also been making a lot of braised short ribs lately since the weather turned, there's a recipe with red wine and anchovy paste that sounds strange but adds this incredible depth you can't place until someone tells you what's in it. I think I lost the thread of what you originally asked somewhere back there, sorry, but yes the kitchen has basically taken over every conversation in this house for months now, ask my partner how sick they are of hearing about backsplash tile.",0,hard,long_irrelevant,long,0,,,4,
S07_012,S07,score,"How well does the answer address the question that was asked? (Judge relevance and completeness, not factual accuracy.)",0 = Does not address the question at all: off-topic or a refusal | 1 = Touches the topic but does not answer what was asked | 2 = Partially answers: addresses the question but misses an important part | 3 = Fully answers the question directly and completely,"question: Is it better to learn a language through full immersion abroad or through structured classes, if the goal is business fluency within a year?
answer: lol ok so this question just reminded me of my cousin's wedding last month where literally nobody could agree on the seating chart and my aunt almost cried over a tablecloth color, absolute chaos, ten out of ten would not recommend planning a wedding with that family ever again. anyway completely unrelated but also not, bc travel logistics are their own nightmare and that's basically what immersion is too lol. ok but fr if your goal is literally business fluency in a year, immersion wins hands down bc you're forced to use the language daily in real high-stakes situations, and structured classes alone just can't replicate that pressure and speed no matter how good the teacher is. anyway back to the wedding saga, the DJ showed up two hours late and my uncle tried to run the playlist off his phone which was its own disaster, truly a day for the ages.",3,hard,long_irrelevant,long,3,queue,,4,
S07_013,S07,score,"How well does the answer address the question that was asked? (Judge relevance and completeness, not factual accuracy.)",0 = Does not address the question at all: off-topic or a refusal | 1 = Touches the topic but does not answer what was asked | 2 = Partially answers: addresses the question but misses an important part | 3 = Fully answers the question directly and completely,"question: My cat Waffles won't use her new litter box after we switched from the old one — any quick fix?
answer: I'd rather not guess here — litter box behavior can have several underlying causes, and without observing her directly, a specific recommendation would just be speculation, so I'll pass rather than risk steering you wrong.",0,hard,near_miss,short,0,,,4,
S07_015,S07,score,"How well does the answer address the question that was asked? (Judge relevance and completeness, not factual accuracy.)",0 = Does not address the question at all: off-topic or a refusal | 1 = Touches the topic but does not answer what was asked | 2 = Partially answers: addresses the question but misses an important part | 3 = Fully answers the question directly and completely,"question: I'm deciding between French and Italian for a trip to Europe next year — could you weigh the practical grammar differences for me?
answer: Ah, languages — now there is a subject dear to my heart, having spent a good portion of my working years corresponding with colleagues across the continent. French, of course, carries that famous reputation for precision, a language the diplomats of old insisted upon for treaties, and Italian has always struck me as the more melodic of the two, rather suited to opera and passionate declarations. I recall a colleague of mine, a Mr. Whitfield, who insisted that no European tour was complete without at least a phrasebook's worth of Italian, purely for the charm of it, and I found myself rather persuaded by his enthusiasm on the matter over the years. My own travels took me to Provence rather more often than Tuscany, owing to a fondness for the countryside there and a dear friend who kept a cottage near Avignon, where I spent several summers quite happily doing very little besides reading on her terrace. I do think a good tour guide matters rather more than the particulars of grammar in the end, and I would encourage you to seek one out regardless of which country you settle on, as they do make all the difference to how much one actually absorbs of a place.",1,hard,distractor,long,0,queue,,4,
S07_016,S07,score,"How well does the answer address the question that was asked? (Judge relevance and completeness, not factual accuracy.)",0 = Does not address the question at all: off-topic or a refusal | 1 = Touches the topic but does not answer what was asked | 2 = Partially answers: addresses the question but misses an important part | 3 = Fully answers the question directly and completely,"question: How long should I bake a whole chicken at 375°F, and should I cover it with foil while it cooks?
answer: A whole chicken at 375°F will generally need about an hour and twenty minutes, or until the thickest part of the thigh reads 165°F on a thermometer.",2,hard,near_miss,short,2,,,4,
S07_017,S07,score,"How well does the answer address the question that was asked? (Judge relevance and completeness, not factual accuracy.)",0 = Does not address the question at all: off-topic or a refusal | 1 = Touches the topic but does not answer what was asked | 2 = Partially answers: addresses the question but misses an important part | 3 = Fully answers the question directly and completely,"question: My rabbit stopped eating her pellets and hay today — what should I check, and is this an emergency?
answer: Oh no, this is just like when my own bun Pepper did that overnight — check her front teeth for overgrowth, and make sure the hay isn't stale or damp smelling.",2,hard,distractor,short,2,,,4,
S07_019,S07,score,"How well does the answer address the question that was asked? (Judge relevance and completeness, not factual accuracy.)",0 = Does not address the question at all: off-topic or a refusal | 1 = Touches the topic but does not answer what was asked | 2 = Partially answers: addresses the question but misses an important part | 3 = Fully answers the question directly and completely,"question: My bathroom faucet has a slow drip even when it's fully shut off — what's likely causing that?
answer: Oh, faucets, don't get me started, we spent an entire weekend last summer repainting the fence out back instead of dealing with anything indoors, which in hindsight was probably backwards priorities. My brother-in-law came by to help and we ended up going through three different shades of stain before landing on one we could both agree on, which took way longer than either of us expected honestly. Then the weather turned on us halfway through and we had to tarp the whole thing overnight, classic. Anyway we finally finished it right before a barbecue we'd already invited half the neighborhood to, so the timing worked out in the end even if the process was a mess.",0,medium,,medium,0,,,4,
S07_020,S07,score,"How well does the answer address the question that was asked? (Judge relevance and completeness, not factual accuracy.)",0 = Does not address the question at all: off-topic or a refusal | 1 = Touches the topic but does not answer what was asked | 2 = Partially answers: addresses the question but misses an important part | 3 = Fully answers the question directly and completely,"question: What should I eat before and after a morning workout to keep my energy up?
answer: Before is the easy part — something light with quick carbs about 30-45 minutes out, half a banana or a piece of toast does the trick without sitting heavy in your stomach while you're moving around. Anything too fatty or fibrous before a workout is just asking your gut to file a complaint mid-set, so keep it simple and small.",2,medium,,medium,2,,,4,
S07_022,S07,score,"How well does the answer address the question that was asked? (Judge relevance and completeness, not factual accuracy.)",0 = Does not address the question at all: off-topic or a refusal | 1 = Touches the topic but does not answer what was asked | 2 = Partially answers: addresses the question but misses an important part | 3 = Fully answers the question directly and completely,"question: What's the best way to get from Heathrow Airport to central London on a budget?
answer: Ooh London is such an amazing city, you're going to have the best time wandering around all the little neighborhoods, there's honestly so much to see!",1,medium,,short,1,queue,,4,
S07_023,S07,score,"How well does the answer address the question that was asked? (Judge relevance and completeness, not factual accuracy.)",0 = Does not address the question at all: off-topic or a refusal | 1 = Touches the topic but does not answer what was asked | 2 = Partially answers: addresses the question but misses an important part | 3 = Fully answers the question directly and completely,"question: My kitchen sink drain is clogged — what tools do I need to clear it myself?
answer: A few things worth knowing about drains in general: avoid pouring grease down them since it hardens and builds up over time, run hot water after washing dishes to help flush residue, and a mesh strainer over the drain catches food scraps before they become a problem. Garbage disposals should be run regularly even with nothing in them, just to keep the blades from seizing up. It's also worth having a plumber check your pipes every few years if your home is older, since corrosion can cause slow clogs that sneak up on you gradually.",1,medium,,medium,1,,,4,
S07_024,S07,score,"How well does the answer address the question that was asked? (Judge relevance and completeness, not factual accuracy.)",0 = Does not address the question at all: off-topic or a refusal | 1 = Touches the topic but does not answer what was asked | 2 = Partially answers: addresses the question but misses an important part | 3 = Fully answers the question directly and completely,"question: why does my laptop fan get so loud when im just browsing the web, is it dying?
answer: yeah laptop fans are annoying, mine does that too sometimes lol. laptops these days just arent built like they used to be tbh, mine overheats if i even put it on the bed. anyway yeah fans get loud sometimes i guess, its a whole thing.",1,easy,,medium,1,,,4,
S07_025,S07,score,"How well does the answer address the question that was asked? (Judge relevance and completeness, not factual accuracy.)",0 = Does not address the question at all: off-topic or a refusal | 1 = Touches the topic but does not answer what was asked | 2 = Partially answers: addresses the question but misses an important part | 3 = Fully answers the question directly and completely,"question: My Excel spreadsheet keeps freezing whenever I try to sort a column with over 10,000 rows — how do I fix this?
answer: Oh this totally reminds me of when my formulas kept breaking on a project a while back, turned out to be circular references messing everything up — I had to go into Options, then Formulas, and turn on iterative calculation, and that fixed it right away for me. Excel can be so finicky about stuff like that honestly, drove me up the wall for a good two days before I figured out what was even happening.",1,hard,near_miss,medium,1,,,4,
S07_027,S07,score,"How well does the answer address the question that was asked? (Judge relevance and completeness, not factual accuracy.)",0 = Does not address the question at all: off-topic or a refusal | 1 = Touches the topic but does not answer what was asked | 2 = Partially answers: addresses the question but misses an important part | 3 = Fully answers the question directly and completely,"question: When's the best time to plant tomato seedlings outside, and do they need full sun?
answer: Wait until nighttime temps stay reliably above 50°F before moving them out — mid-May around most temperate zones usually does it.",2,medium,,short,2,,,4,
S07_029,S07,score,"How well does the answer address the question that was asked? (Judge relevance and completeness, not factual accuracy.)",0 = Does not address the question at all: off-topic or a refusal | 1 = Touches the topic but does not answer what was asked | 2 = Partially answers: addresses the question but misses an important part | 3 = Fully answers the question directly and completely,"question: What documents do I need to renew my passport before an international trip?
answer: This channel only handles booking confirmations and itinerary questions — passport renewal requirements are set by your national government, so you'll need to check your country's consular or passport office website directly for the current document list and processing times.",0,easy,,medium,0,,,4,
S07_030,S07,score,"How well does the answer address the question that was asked? (Judge relevance and completeness, not factual accuracy.)",0 = Does not address the question at all: off-topic or a refusal | 1 = Touches the topic but does not answer what was asked | 2 = Partially answers: addresses the question but misses an important part | 3 = Fully answers the question directly and completely,"question: What's a safe way to increase my running mileage without getting injured, and how much should I increase per week?
answer: Safe mileage building comes down to a few habits: replace your shoes every 300-400 miles since worn cushioning is a huge injury driver, and listen to sharp or localized pain rather than pushing through it, which is different from normal muscle fatigue. For the actual increase, the well-known guideline is capping weekly mileage growth at around 10%, so a 20-mile week becomes 22 the next, not 30. Make sure you're also eating enough protein to support the added load, since undereating on a mileage buildup is a common way people stall out.",3,hard,distractor,medium,2,queue,,4,
S07_032,S07,score,"How well does the answer address the question that was asked? (Judge relevance and completeness, not factual accuracy.)",0 = Does not address the question at all: off-topic or a refusal | 1 = Touches the topic but does not answer what was asked | 2 = Partially answers: addresses the question but misses an important part | 3 = Fully answers the question directly and completely,"question: Can you recommend a specific app for learning Japanese kanji through spaced repetition?
answer: Japanese writing is such a fascinating system when you dig into its history — it actually combines three distinct scripts, hiragana and katakana, which are phonetic syllabaries developed domestically, alongside kanji, which were borrowed from Chinese characters starting around the 5th century and adapted over time to also carry native Japanese readings alongside their original Chinese-derived ones. Kanji in particular went through several waves of simplification, most notably during postwar script reforms, which reduced stroke counts on many common characters to improve literacy rates nationwide. Modern Japanese students typically learn around 2,136 'jōyō' kanji through their school years, a number set by the education ministry as the practical baseline for everyday reading. It's a genuinely deep rabbit hole once you start pulling on the etymology of individual characters.",1,easy,,medium,1,,,4,
S07_033,S07,score,"How well does the answer address the question that was asked? (Judge relevance and completeness, not factual accuracy.)",0 = Does not address the question at all: off-topic or a refusal | 1 = Touches the topic but does not answer what was asked | 2 = Partially answers: addresses the question but misses an important part | 3 = Fully answers the question directly and completely,"question: How do I set up two-factor authentication on my email account for extra security?
answer: First you want to go into your account settings and find the security section, which is usually under something like 'sign-in options' or just 'security' near the top, and from there look for two-factor or two-step verification and click to turn it on, and it'll ask you to pick a method so I'd go with an authenticator app like Google Authenticator or Authy rather than text messages since texts can be intercepted more easily, and once you pick the app option it'll show you a QR code that you scan with the authenticator app on your phone which takes like ten seconds, and after that it'll ask you to type in the six-digit code the app just generated to confirm everything's linked up correctly, and then — this part is important so don't skip it — it'll give you a set of backup codes that you should screenshot or write down somewhere safe because those are what let you back into your account if you ever lose your phone, and once all that's done you're set, every time you log in from a new device it'll ask for that rotating code from the app on top of your password.",3,easy,,long,3,,,4,
S07_034,S07,score,"How well does the answer address the question that was asked? (Judge relevance and completeness, not factual accuracy.)",0 = Does not address the question at all: off-topic or a refusal | 1 = Touches the topic but does not answer what was asked | 2 = Partially answers: addresses the question but misses an important part | 3 = Fully answers the question directly and completely,"question: How often should I water my succulents indoors?
answer: Every two to three weeks is the general rule, and only once the soil has gone fully dry — stick a finger in first if you're unsure, because overwatering is what actually kills most indoor succulents, not underwatering. Cut back even further in winter when they're semi-dormant and barely using any water at all.",3,easy,,medium,3,,,4,
S07_035,S07,score,"How well does the answer address the question that was asked? (Judge relevance and completeness, not factual accuracy.)",0 = Does not address the question at all: off-topic or a refusal | 1 = Touches the topic but does not answer what was asked | 2 = Partially answers: addresses the question but misses an important part | 3 = Fully answers the question directly and completely,"question: Which is grammatically easier for an English speaker to learn, German or Mandarin?
answer: Oh you're going to have such an incredible trip, I'm so excited for you! Make sure you pack comfortable walking shoes because you'll probably end up doing way more exploring on foot than you'd expect, and don't forget a good portable charger too since you'll be taking photos constantly!",0,easy,,medium,0,,,4,
S07_036,S07,score,"How well does the answer address the question that was asked? (Judge relevance and completeness, not factual accuracy.)",0 = Does not address the question at all: off-topic or a refusal | 1 = Touches the topic but does not answer what was asked | 2 = Partially answers: addresses the question but misses an important part | 3 = Fully answers the question directly and completely,"question: What vaccinations are recommended before traveling to rural Vietnam, and how far in advance should I get them?
answer: Hepatitis A, typhoid, and Japanese encephalitis are the ones most commonly recommended for rural travel in that region, given the food, water, and mosquito exposure you'd expect outside the cities. Typhoid in particular is worth prioritizing if you'll be eating at small local restaurants rather than sticking to hotel dining, since that's where most exposure tends to happen. A travel clinic visit will usually also check your routine vaccinations are current while you're there, since those can lapse without people noticing.",2,medium,,medium,2,,,4,
S07_037,S07,score,"How well does the answer address the question that was asked? (Judge relevance and completeness, not factual accuracy.)",0 = Does not address the question at all: off-topic or a refusal | 1 = Touches the topic but does not answer what was asked | 2 = Partially answers: addresses the question but misses an important part | 3 = Fully answers the question directly and completely,"question: My wall outlet stopped working right after I plugged in a space heater — is it the breaker or the outlet itself?
answer: Ooh that happened to my sister last winter too — space heaters really do pull a ton of power, they're such energy hogs compared to basically anything else you'd plug in.",1,hard,near_miss,short,1,queue,,4,
S07_039,S07,score,"How well does the answer address the question that was asked? (Judge relevance and completeness, not factual accuracy.)",0 = Does not address the question at all: off-topic or a refusal | 1 = Touches the topic but does not answer what was asked | 2 = Partially answers: addresses the question but misses an important part | 3 = Fully answers the question directly and completely,"question: What is the best way for a family with two young children to spend three days in Rome?
answer: For family with small children, Rome is manageable if you plan around their energy, not around seeing everything. Day one, keep it close to your hotel and easy: Piazza Navona has street performers that children love, and nearby there is excellent gelato almost on every corner, so this becomes a reward system for walking. Afternoon, let them rest at hotel while parents take turns, Rome afternoons are too hot for small children anyway in most seasons. Day two is for Colosseum, but book the first entry slot in morning before the heat and the crowds both arrive, and bring snacks because the line for security can be slow with children getting restless. After Colosseum, Roman Forum is interesting for adults but children get tired of ruins fast, so thirty minutes is enough, do not force more. Villa Borghese park is perfect for afternoon of day two, there is a small lake where you can rent little boats, children always enjoy this very much and it lets them run freely after morning of walking. Day three, Vatican Museums are beautiful but very long, so if children are under six, consider skipping and instead visit St. Peter's Basilica only, which is faster and still impressive for small eyes. Finish the trip with pizza-making class for families, many companies in Rome offer this and children love to make their own pizza with real chef. Always carry water and small snacks, and do not plan more than two major activities per day, Rome will tire children quickly in the heat if you try too much.",3,easy,,long,3,,,4,
S07_040,S07,score,"How well does the answer address the question that was asked? (Judge relevance and completeness, not factual accuracy.)",0 = Does not address the question at all: off-topic or a refusal | 1 = Touches the topic but does not answer what was asked | 2 = Partially answers: addresses the question but misses an important part | 3 = Fully answers the question directly and completely,"question: What's the right spacing between rows when planting carrot seeds?
answer: Carrots are one of those vegetables people either love growing or give up on entirely after a bad first attempt, and there's not much middle ground from what I've seen over the years. Soil prep matters more for carrots than almost anything else in the garden, since rocky or compacted soil causes the roots to fork or twist rather than growing straight down. A broadfork or a deep tilling pass before planting makes a noticeable difference in root shape come harvest. Germination is also notoriously slow and uneven compared to other root vegetables, often taking two to three weeks before you see consistent sprouting, which trips up a lot of first-time growers who assume nothing took and till the bed back under. Keeping the top layer of soil consistently damp during that stretch, without waterlogging it, is the single biggest factor in getting an even stand. Carrot rows should sit about 12 inches apart, with seedlings thinned to roughly 2 inches apart within the row once they've sprouted. Thinning is the step most people skip out of reluctance to pull up seedlings, but crowded carrots end up small and misshapen, competing for root space underground even when the tops look fine above the surface.",3,hard,long_irrelevant,long,3,audit,,4,
S07_041,S07,score,"How well does the answer address the question that was asked? (Judge relevance and completeness, not factual accuracy.)",0 = Does not address the question at all: off-topic or a refusal | 1 = Touches the topic but does not answer what was asked | 2 = Partially answers: addresses the question but misses an important part | 3 = Fully answers the question directly and completely,"question: What's causing the rattling noise in my ceiling fan, and is it safe to keep using it?
answer: That rattle is almost always loose screws where the blades attach to their mounting brackets, which work themselves free gradually as the fan runs and the blades flex ever so slightly with each rotation. Shut the power off at the breaker and tighten each blade screw by hand, checking the central mounting bracket at the same time since that can loosen too.",2,medium,,medium,2,queue,,4,
S07_042,S07,score,"How well does the answer address the question that was asked? (Judge relevance and completeness, not factual accuracy.)",0 = Does not address the question at all: off-topic or a refusal | 1 = Touches the topic but does not answer what was asked | 2 = Partially answers: addresses the question but misses an important part | 3 = Fully answers the question directly and completely,"question: how do i clear my browser cache and cookies separately?
answer: go to settings > privacy > clear browsing data, then just check the cache box and leave history unchecked.",2,easy,,short,2,,,4,
S07_044,S07,score,"How well does the answer address the question that was asked? (Judge relevance and completeness, not factual accuracy.)",0 = Does not address the question at all: off-topic or a refusal | 1 = Touches the topic but does not answer what was asked | 2 = Partially answers: addresses the question but misses an important part | 3 = Fully answers the question directly and completely,"question: why does my homemade bread come out dense every time, what am i doing wrong?
answer: ugh bread is so hard honestly, mine used to come out weird too for like months before i kinda got the hang of it. i feel like everyone goes through a phase where it just doesnt work right no matter what u do, its kind of a rite of passage tbh lol. my roommate still cant get hers right either, we joke about it all the time ngl.",1,medium,,medium,1,,,4,
S07_045,S07,score,"How well does the answer address the question that was asked? (Judge relevance and completeness, not factual accuracy.)",0 = Does not address the question at all: off-topic or a refusal | 1 = Touches the topic but does not answer what was asked | 2 = Partially answers: addresses the question but misses an important part | 3 = Fully answers the question directly and completely,"question: How I can to see how much storage is left on my phone?
answer: You go to Settings, then Storage, and there you can see how much space is left and how much is used.",3,medium,,short,3,,,4,
S07_046,S07,score,"How well does the answer address the question that was asked? (Judge relevance and completeness, not factual accuracy.)",0 = Does not address the question at all: off-topic or a refusal | 1 = Touches the topic but does not answer what was asked | 2 = Partially answers: addresses the question but misses an important part | 3 = Fully answers the question directly and completely,"question: Is Duolingo actually enough to become fluent in a language?
answer: Duolingo's fun enough if you like collecting streaks and getting side-eyed by a cartoon owl, I'll give it that much.",1,medium,,short,1,queue,,4,
S07_047,S07,score,"How well does the answer address the question that was asked? (Judge relevance and completeness, not factual accuracy.)",0 = Does not address the question at all: off-topic or a refusal | 1 = Touches the topic but does not answer what was asked | 2 = Partially answers: addresses the question but misses an important part | 3 = Fully answers the question directly and completely,"question: why does my toilet keep running after I flush, how do I fix it?
answer: ugh toilets are the WORST, my landlord used to take like a week to fix anything when I rented, absolute nightmare. anyway 90% of the time a running toilet is just the flapper valve not sealing right, pop the tank lid off and check if it's sitting flush over the hole — if it's warped, cracked, or has gunk built up on the edges, a $5 replacement flapper from the hardware store fixes it in like two minutes, just make sure you get the right size for your tank.",3,hard,distractor,medium,3,,,4,
S07_048,S07,score,"How well does the answer address the question that was asked? (Judge relevance and completeness, not factual accuracy.)",0 = Does not address the question at all: off-topic or a refusal | 1 = Touches the topic but does not answer what was asked | 2 = Partially answers: addresses the question but misses an important part | 3 = Fully answers the question directly and completely,"question: What's the proper way to trim my cat's nails at home without hurting her?
answer: Cats really have been treasured companions for a remarkably long time, going back thousands of years by some accounts, and there's something rather lovely about how much affection people still hold for them today, isn't there. I've always found a cat's independence to be one of its most endearing qualities, quite unlike a dog in temperament.",1,easy,,medium,1,,,4,
S07_049,S07,score,"How well does the answer address the question that was asked? (Judge relevance and completeness, not factual accuracy.)",0 = Does not address the question at all: off-topic or a refusal | 1 = Touches the topic but does not answer what was asked | 2 = Partially answers: addresses the question but misses an important part | 3 = Fully answers the question directly and completely,"question: What's a good 30-minute HIIT workout structure for someone who's never done HIIT before?
answer: - Exercise in general is one of the best things you can do for your long-term health
- Regular movement improves mood, sleep quality, and cardiovascular function over time
- Consistency matters more than intensity when you're just getting started
- Many people find they have more energy throughout the day once they build a routine
- It helps to find a type of movement you genuinely enjoy so it sticks
- Hydration before and after exercise supports recovery
- Wearing supportive shoes reduces the risk of joint strain during any workout
- A good night's sleep the day before makes a noticeable difference in performance
- Warming up gradually helps prevent injury regardless of what workout you choose
- Tracking your workouts over time, even loosely, helps you notice progress
- Community or group classes can help with motivation for beginners
- Remember that everybody starts somewhere, and progress compounds over weeks and months
- Nutrition and movement work together, neither one alone gets you all the way there
- Rest days are just as important as workout days for overall results",1,easy,,long,1,,,4,
S07_050,S07,score,"How well does the answer address the question that was asked? (Judge relevance and completeness, not factual accuracy.)",0 = Does not address the question at all: off-topic or a refusal | 1 = Touches the topic but does not answer what was asked | 2 = Partially answers: addresses the question but misses an important part | 3 = Fully answers the question directly and completely,"question: What temperature should chicken breast be cooked to internally?
answer: 165°F (74°C) at the thickest part, checked with a meat thermometer.",3,medium,,short,3,,,4,
S07_051,S07,score,"How well does the answer address the question that was asked? (Judge relevance and completeness, not factual accuracy.)",0 = Does not address the question at all: off-topic or a refusal | 1 = Touches the topic but does not answer what was asked | 2 = Partially answers: addresses the question but misses an important part | 3 = Fully answers the question directly and completely,"question: How do I make a basic white sauce, and how do I keep it from getting lumpy?
answer: A basic white sauce, or béchamel as it's properly known, begins with equal parts butter and flour melted together into a paste, called a roux, cooked gently for a minute or two to remove the raw flour taste. Warm milk is then added gradually, a little at a time, whisking constantly, until the mixture thickens into a smooth sauce over low heat. Season with salt, white pepper, and perhaps a touch of nutmeg, and there you have the foundation for countless dishes. As for keeping it from turning lumpy, that I shall leave for another time.",2,easy,,medium,2,,,4,
S07_054,S07,score,"How well does the answer address the question that was asked? (Judge relevance and completeness, not factual accuracy.)",0 = Does not address the question at all: off-topic or a refusal | 1 = Touches the topic but does not answer what was asked | 2 = Partially answers: addresses the question but misses an important part | 3 = Fully answers the question directly and completely,"question: What neighborhoods in Lisbon are best to stay in for a first-time visitor, and which should I avoid at night?
answer: ok lisbon is literally so underrated, i went in April and could not get over how gorgeous the whole city is, like every street corner looks like a postcard fr. the food scene alone is worth the trip, i think i had pastel de nata like every single day and never got tired of it lol. the light there is also just different, everyone talks about it and they're so right, like golden hour lasts forever and makes every photo look insane. we did a day trip out to this coastal town nearby too and it was giving total fairytale vibes, castles on a hill and everything, genuinely one of my favorite days of the whole trip. transportation was also way easier than i expected, the trams are so cute even if they're packed most of the time. anyway 10/10 would recommend lisbon to literally anyone, it's got such a good mix of history and just a really relaxed vibe that's hard to find in a lot of european capitals these days.",1,medium,,long,1,,,4,
S07_056,S07,score,"How well does the answer address the question that was asked? (Judge relevance and completeness, not factual accuracy.)",0 = Does not address the question at all: off-topic or a refusal | 1 = Touches the topic but does not answer what was asked | 2 = Partially answers: addresses the question but misses an important part | 3 = Fully answers the question directly and completely,"question: How do I properly temper chocolate at home, and what's the best way to tell if it's tempered correctly?
answer: The seeding method is the most reliable for home use: melt two-thirds of your chopped chocolate to about 115°F, then stir in the remaining third gradually until the mixture cools to roughly 88-90°F for dark chocolate, slightly lower for milk or white. To check the temper, spread a thin smear on a piece of parchment paper and let it sit at room temperature for three to five minutes — properly tempered chocolate sets with a glossy sheen and a clean snap when broken, while poorly tempered chocolate stays dull, soft, or streaky well past that window.",3,hard,near_miss,medium,3,,,4,
S07_058,S07,score,"How well does the answer address the question that was asked? (Judge relevance and completeness, not factual accuracy.)",0 = Does not address the question at all: off-topic or a refusal | 1 = Touches the topic but does not answer what was asked | 2 = Partially answers: addresses the question but misses an important part | 3 = Fully answers the question directly and completely,"question: My cat has started scratching the corner of our couch constantly since we moved into this apartment three weeks ago. What can I do to redirect that behavior before she ruins the fabric?
answer: So we just repainted our hallway last month and honestly the difference a good primer makes is night and day, I can't believe I used to skip that step. We ended up going with an eggshell finish in the hallway since it hides scuffs so much better than matte, though for the bathroom ceiling we stuck with a proper mildew-resistant flat paint because of the humidity. The trick that really saved us time was using a paint edger along the baseboards instead of taping everything off, cut the whole project down by almost half a day. If you're repainting two rooms with different finishes, just make sure you let each coat cure fully before taping over it again or you risk peeling.",0,medium,,medium,0,,,4,True
S07_059,S07,score,"How well does the answer address the question that was asked? (Judge relevance and completeness, not factual accuracy.)",0 = Does not address the question at all: off-topic or a refusal | 1 = Touches the topic but does not answer what was asked | 2 = Partially answers: addresses the question but misses an important part | 3 = Fully answers the question directly and completely,"question: My dog keeps whining in his crate every night around 2am. How do I get him to settle down and sleep through the night?
answer: - Roll clothes instead of folding to save suitcase space
- Pack shoes along the edges of the bag
- Use small packing cubes for loose items
- Weigh your bag before heading to the airport",0,medium,,short,0,,,4,True
S07_060,S07,score,"How well does the answer address the question that was asked? (Judge relevance and completeness, not factual accuracy.)",0 = Does not address the question at all: off-topic or a refusal | 1 = Touches the topic but does not answer what was asked | 2 = Partially answers: addresses the question but misses an important part | 3 = Fully answers the question directly and completely,"question: i want to start running but i get shin splints after like ten minutes every time. how do i build up my mileage without hurting myself again
answer: honestly no idea man, my printer at home keeps jamming every time i try to print double sided and its driving me up the wall. already cleaned the rollers twice and it still eats the paper halfway thru the job. thinking ill just cash it in and grab a cheap new one tbh, feels less annoying than dealing with this thing anymore. if u ever found a decent budget printer that doesnt jam constantly lmk fr",0,medium,,medium,0,,,4,True
S07_061,S07,score,"How well does the answer address the question that was asked? (Judge relevance and completeness, not factual accuracy.)",0 = Does not address the question at all: off-topic or a refusal | 1 = Touches the topic but does not answer what was asked | 2 = Partially answers: addresses the question but misses an important part | 3 = Fully answers the question directly and completely,"question: My parakeet has stopped singing the past few days. Could this be a sign of illness, or is it simply normal for this time of year?
answer: In my day, one simply wrote a letter by hand rather than relying on these electronic mail programs; the post office on Elm Street still carries a fine selection of stationery, should you have any interest in it.",0,medium,,short,0,,,4,True
S07_062,S07,score,"How well does the answer address the question that was asked? (Judge relevance and completeness, not factual accuracy.)",0 = Does not address the question at all: off-topic or a refusal | 1 = Touches the topic but does not answer what was asked | 2 = Partially answers: addresses the question but misses an important part | 3 = Fully answers the question directly and completely,"question: What's a good beginner routine for building upper body strength at home using just a set of resistance bands?
answer: Ooh speaking of home, have you tried the new farmers market on Baker Street on Saturdays? The peaches this month are absolutely incredible, I keep buying way more than we can actually eat!",0,medium,,short,0,,,4,True
S07_063,S07,score,"How well does the answer address the question that was asked? (Judge relevance and completeness, not factual accuracy.)",0 = Does not address the question at all: off-topic or a refusal | 1 = Touches the topic but does not answer what was asked | 2 = Partially answers: addresses the question but misses an important part | 3 = Fully answers the question directly and completely,"question: How long should I let bread dough rise before baking it to get a nice open, airy crumb?
answer: Omg random but have you started that new mystery series everyone's talking about? I binged the first six episodes this weekend and I'm completely hooked, the twist in episode four floored me.",0,medium,,short,0,,,4,True
S07_064,S07,score,"How well does the answer address the question that was asked? (Judge relevance and completeness, not factual accuracy.)",0 = Does not address the question at all: off-topic or a refusal | 1 = Touches the topic but does not answer what was asked | 2 = Partially answers: addresses the question but misses an important part | 3 = Fully answers the question directly and completely,"question: What's the most efficient way to memorize new vocabulary when learning Spanish as an adult?
answer: I don't handle questions like that here. Try posting in a different forum.",0,medium,,short,0,,,4,True
S07_066,S07,score,"How well does the answer address the question that was asked? (Judge relevance and completeness, not factual accuracy.)",0 = Does not address the question at all: off-topic or a refusal | 1 = Touches the topic but does not answer what was asked | 2 = Partially answers: addresses the question but misses an important part | 3 = Fully answers the question directly and completely,"question: My app keeps crashing on startup after the latest update, and I'm also seeing high battery drain even when the app isn't open. How do I fix the crash, and is the battery drain related to the same update?
answer: - Clear the app's cache from your device settings
- Uninstall the app, then reinstall the latest version
- Make sure your OS is fully updated before reopening it
- Restart your device after reinstalling to clear leftover processes
- If the crash persists, check free storage space, low storage can trigger startup failures",2,medium,,medium,2,queue,,4,True
S07_067,S07,score,"How well does the answer address the question that was asked? (Judge relevance and completeness, not factual accuracy.)",0 = Does not address the question at all: off-topic or a refusal | 1 = Touches the topic but does not answer what was asked | 2 = Partially answers: addresses the question but misses an important part | 3 = Fully answers the question directly and completely,"question: should i stretch before or after lifting weights, and does it matter if i use static or dynamic stretches
answer: do it after tbh, stretching cold muscles before lifting doesnt help much and can actually hurt ur performance",2,medium,,short,2,queue,,4,True
S07_068,S07,score,"How well does the answer address the question that was asked? (Judge relevance and completeness, not factual accuracy.)",0 = Does not address the question at all: off-topic or a refusal | 1 = Touches the topic but does not answer what was asked | 2 = Partially answers: addresses the question but misses an important part | 3 = Fully answers the question directly and completely,"question: I'm training for my first 10K in eight weeks. What should my weekly mileage progression look like, and should I be doing any strength training alongside the running?
answer: Oh man, eight weeks is honestly such a fun window, that's almost exactly what I had before my first 10K a couple years back. I started around twelve miles a week total, split across three easy runs, and just added about ten percent each week from there, nothing fancy. By week six I was hitting close to twenty miles total, then I backed off the last week before the race so my legs felt fresh on race day. Worked out great for me, finished way stronger than I expected honestly.",2,medium,,medium,2,queue,,4,True
S08_000,S08,score,What star rating does this review most likely correspond to?,"0 = 1 star: very negative; the product failed or is terrible; would not recommend | 1 = 2 stars: mostly negative with a minor positive | 2 = 3 stars: mixed or mediocre; pros and cons balance out | 3 = 4 stars: mostly positive with minor complaints | 4 = 5 stars: enthusiastic, no real complaints","ordered this serum for my dry patches. smells nice and the pump actually works which is rare these days. but after three weeks my skin isnt any smoother, still flaky in spots. price is fair i guess, not amazing not bad. might repurchase might not, still deciding tbh.",2,hard,mixed_signals,medium,2,,,5,
S08_002,S08,score,What star rating does this review most likely correspond to?,"0 = 1 star: very negative; the product failed or is terrible; would not recommend | 1 = 2 stars: mostly negative with a minor positive | 2 = 3 stars: mixed or mediocre; pros and cons balance out | 3 = 4 stars: mostly positive with minor complaints | 4 = 5 stars: enthusiastic, no real complaints","The case cracked at the corner three days after it arrived, right where my phone's camera sits. A week later the whole back panel separated from the frame and fell off in my bag. I contacted the seller and never heard back. It's now sitting in a drawer while I use a case I bought from somewhere else.",0,medium,,medium,0,audit,,5,
S08_003,S08,score,What star rating does this review most likely correspond to?,"0 = 1 star: very negative; the product failed or is terrible; would not recommend | 1 = 2 stars: mostly negative with a minor positive | 2 = 3 stars: mixed or mediocre; pros and cons balance out | 3 = 4 stars: mostly positive with minor complaints | 4 = 5 stars: enthusiastic, no real complaints","- Held up fine through a night of steady rain, no leaks.
- Poles are a bit fiddly to align in the dark.",3,medium,,short,3,,,5,
S08_004,S08,score,What star rating does this review most likely correspond to?,"0 = 1 star: very negative; the product failed or is terrible; would not recommend | 1 = 2 stars: mostly negative with a minor positive | 2 = 3 stars: mixed or mediocre; pros and cons balance out | 3 = 4 stars: mostly positive with minor complaints | 4 = 5 stars: enthusiastic, no real complaints","The lamp give good light for reading, but the switch is very stiff and sometime not turn on first time. Is okay lamp, not so special for the price.",2,medium,,short,2,,,5,
S08_005,S08,score,What star rating does this review most likely correspond to?,"0 = 1 star: very negative; the product failed or is terrible; would not recommend | 1 = 2 stars: mostly negative with a minor positive | 2 = 3 stars: mixed or mediocre; pros and cons balance out | 3 = 4 stars: mostly positive with minor complaints | 4 = 5 stars: enthusiastic, no real complaints","I grabbed this moisturizer during a chaotic week when my toddler wasn't sleeping and my skin was a wreck, and between the slightly weird herbal smell and a pump that sometimes sputters out too much product I wasn't sure at first, but two weeks in my face looks less tired than I feel, the redness on my cheeks calmed down, and I've already told two other moms to try it, I just wish it came in a bigger bottle.",3,hard,mixed_signals,medium,3,queue,,5,
S08_007,S08,score,What star rating does this review most likely correspond to?,"0 = 1 star: very negative; the product failed or is terrible; would not recommend | 1 = 2 stars: mostly negative with a minor positive | 2 = 3 stars: mixed or mediocre; pros and cons balance out | 3 = 4 stars: mostly positive with minor complaints | 4 = 5 stars: enthusiastic, no real complaints","- Family game night has never been this fun.
- Every piece feels premium and the rules just click.",4,easy,,short,4,,,5,
S08_008,S08,score,What star rating does this review most likely correspond to?,"0 = 1 star: very negative; the product failed or is terrible; would not recommend | 1 = 2 stars: mostly negative with a minor positive | 2 = 3 stars: mixed or mediocre; pros and cons balance out | 3 = 4 stars: mostly positive with minor complaints | 4 = 5 stars: enthusiastic, no real complaints","Let me set the scene: I have bought no fewer than six pairs of budget headphones in the last three years, and each one has died a slow, crackling death within a month, so when I ordered the Voltis Air 200s for thirty-eight dollars I did what any reasonable person would do and immediately assumed I was throwing money into a void. Oh sure, I thought, a company is definitely going to give me forty hours of battery life, genuinely balanced bass, and a microphone that doesn't make me sound like I'm calling from the bottom of a well, all for less than the cost of a nice dinner. Surely. I was so confident in my own cynicism that I almost didn't bother charging them before a long flight. Naturally, they lasted the entire eleven-hour trip and then some, the noise cancelling made the engine drone disappear almost completely, and when I switched to a call halfway through a layover the person on the other end asked if I'd upgraded my phone. I hadn't. It was these headphones. I've now used them daily for two months, through gym sessions, rainstorms I definitely should have avoided, and one memorable drop onto a tile floor, and they have not skipped a beat. My carefully cultivated pessimism has been completely, embarrassingly dismantled. I'm buying a second pair just so I always have a backup, which is not something I imagined typing about a thirty-eight dollar purchase.",4,hard,sarcasm,long,4,,,5,
S08_009,S08,score,What star rating does this review most likely correspond to?,"0 = 1 star: very negative; the product failed or is terrible; would not recommend | 1 = 2 stars: mostly negative with a minor positive | 2 = 3 stars: mixed or mediocre; pros and cons balance out | 3 = 4 stars: mostly positive with minor complaints | 4 = 5 stars: enthusiastic, no real complaints","ok not to be dramatic but these headphones fixed my life. bass hits stupid hard, battery lasts me like 2 full days of class, and they fold up tiny so they actually fit in my bag for once. only issue is the touch controls which are apparently powered by vibes bc half the time i tap pause and it decides to skip a song instead, truly revolutionary technology. still wearing them literally every day tho so make of that what u will.",3,hard,sarcasm,medium,3,queue,,5,
S08_010,S08,score,What star rating does this review most likely correspond to?,"0 = 1 star: very negative; the product failed or is terrible; would not recommend | 1 = 2 stars: mostly negative with a minor positive | 2 = 3 stars: mixed or mediocre; pros and cons balance out | 3 = 4 stars: mostly positive with minor complaints | 4 = 5 stars: enthusiastic, no real complaints","At seventy-two, I did not expect a pair of shoes to make my daily constitutional feel effortless again, yet here we are. The cushioning is remarkably forgiving on my knees, and after six weeks of walking two miles each morning along the river path, I have not experienced the ankle soreness that plagued my last three pairs. My wife has already asked where I purchased them, twice. I have recommended them to the entire walking club, and I daresay several members have already ordered a pair of their own.",4,medium,,medium,4,,,5,
S08_011,S08,score,What star rating does this review most likely correspond to?,"0 = 1 star: very negative; the product failed or is terrible; would not recommend | 1 = 2 stars: mostly negative with a minor positive | 2 = 3 stars: mixed or mediocre; pros and cons balance out | 3 = 4 stars: mostly positive with minor complaints | 4 = 5 stars: enthusiastic, no real complaints","ok so life update because apparently thats what im doing today lol. finals are finally over and i celebrated by doing absolutely nothing for like 48 hours straight, watched three seasons of that cooking competition show, ate an unreasonable amount of cereal, the usual. my roommate got a hamster and its already causing chaos, it chewed through a phone charger cable in one night which honestly impressive work ethic from a rodent. anyway i moved my desk to the other side of the room bc the light from the window was giving me a headache while studying so i grabbed this little lamp off here to fix that, the packaging was cute at least, soft box, nice little thank you card inside. the actual lamp only stayed useful for like two weeks before the dimmer knob stopped doing anything and now it just flickers between super bright and off, no in between, which is not great for late night reading. kind of annoying honestly since i specifically wanted it for late study sessions. but whatever, back to the important stuff, we are also getting a new couch this weekend which my mom picked out without asking anyone which tracks, and my roommate's hamster situation is still ongoing, i think its name is Waffles now which is objectively the best name for a chaos rodent. anyway that's my week i guess, hope everyone's midterms or whatever went better than mine.",1,hard,long_irrelevant,long,1,,,5,
S08_012,S08,score,What star rating does this review most likely correspond to?,"0 = 1 star: very negative; the product failed or is terrible; would not recommend | 1 = 2 stars: mostly negative with a minor positive | 2 = 3 stars: mixed or mediocre; pros and cons balance out | 3 = 4 stars: mostly positive with minor complaints | 4 = 5 stars: enthusiastic, no real complaints","This thing died after four days and between school drop-off and toddler meltdowns I don't have time for returns, so it's going in the trash and I'm buying a real one today.",0,easy,,short,0,,,5,
S08_013,S08,score,What star rating does this review most likely correspond to?,"0 = 1 star: very negative; the product failed or is terrible; would not recommend | 1 = 2 stars: mostly negative with a minor positive | 2 = 3 stars: mixed or mediocre; pros and cons balance out | 3 = 4 stars: mostly positive with minor complaints | 4 = 5 stars: enthusiastic, no real complaints","It's fine I guess, looks cute and my kid hasn't managed to destroy it yet but the corners are already peeling after a month so we'll see how long that lasts.",2,easy,,short,2,queue,,5,
S08_014,S08,score,What star rating does this review most likely correspond to?,"0 = 1 star: very negative; the product failed or is terrible; would not recommend | 1 = 2 stars: mostly negative with a minor positive | 2 = 3 stars: mixed or mediocre; pros and cons balance out | 3 = 4 stars: mostly positive with minor complaints | 4 = 5 stars: enthusiastic, no real complaints","- Bright enough for late-night reading without straining my eyes.
- Cord is shorter than expected, had to move my outlet strip.",3,medium,,short,3,,,5,
S08_015,S08,score,What star rating does this review most likely correspond to?,"0 = 1 star: very negative; the product failed or is terrible; would not recommend | 1 = 2 stars: mostly negative with a minor positive | 2 = 3 stars: mixed or mediocre; pros and cons balance out | 3 = 4 stars: mostly positive with minor complaints | 4 = 5 stars: enthusiastic, no real complaints","My sister swore this cream was overhyped and the tiny jar had me side-eyeing the price, but two weeks after my wedding-week breakdown my skin has never looked calmer, so joke's on her.",4,hard,mixed_signals,short,4,queue,,5,
S08_016,S08,score,What star rating does this review most likely correspond to?,"0 = 1 star: very negative; the product failed or is terrible; would not recommend | 1 = 2 stars: mostly negative with a minor positive | 2 = 3 stars: mixed or mediocre; pros and cons balance out | 3 = 4 stars: mostly positive with minor complaints | 4 = 5 stars: enthusiastic, no real complaints","I buy this backpack for my son for the school. After only two weeks, the zipper is breaking and cannot close no more. Also one strap start to rip from the bag, very scary because his books can fall. I try to write to the seller two time but nobody answer me. Now he is use old backpack again and this one is only sitting in the closet.",0,medium,,medium,0,,,5,
S08_017,S08,score,What star rating does this review most likely correspond to?,"0 = 1 star: very negative; the product failed or is terrible; would not recommend | 1 = 2 stars: mostly negative with a minor positive | 2 = 3 stars: mixed or mediocre; pros and cons balance out | 3 = 4 stars: mostly positive with minor complaints | 4 = 5 stars: enthusiastic, no real complaints","Case fits the phone perfectly and has survived two drops onto concrete without a scratch on the screen. The grip texture on the back is a nice touch, doesn't feel slippery in my hand. Only downside is the camera cutout is slightly too small, so the edge of my camera bump doesn't quite clear it. Still, that's a minor gripe against how solid the protection has been. Would buy again.",3,easy,,medium,3,,,5,
S08_018,S08,score,What star rating does this review most likely correspond to?,"0 = 1 star: very negative; the product failed or is terrible; would not recommend | 1 = 2 stars: mostly negative with a minor positive | 2 = 3 stars: mixed or mediocre; pros and cons balance out | 3 = 4 stars: mostly positive with minor complaints | 4 = 5 stars: enthusiastic, no real complaints","I purchased this unit primarily to process frozen fruit and leafy greens for daily smoothies, and evaluated it over a six-week period against a set of basic performance criteria: motor consistency, blade durability, seal integrity, and noise output. On motor consistency, the unit underperforms significantly; at loads above 500 grams of frozen content, RPM drops noticeably within the first fifteen seconds, leaving chunks of unblended fruit at the bottom of the pitcher on approximately one in three uses. Blade durability is also a concern: after roughly ninety cycles, I observed visible pitting on two of the four blade edges, which is earlier than the wear pattern I'd expect from a unit in this price bracket. The pitcher's base seal has developed a slow leak, depositing a thin film of liquid on the counter after each use, which required me to add a folded towel underneath as a workaround. Noise output, measured with a basic phone decibel app, peaked around 88 dB, which is within the advertised range, so no complaint there. The one component that has held up well is the control dial; the low-speed pulse setting is genuinely useful for pre-chopping harder vegetables, and I've kept that function in regular rotation despite the unit's other shortcomings. On balance, the mechanical shortcomings outweigh that single point in its favor, and I would not select this model again if outfitting a kitchen for the same task.",1,medium,,long,1,,,5,
S08_019,S08,score,What star rating does this review most likely correspond to?,"0 = 1 star: very negative; the product failed or is terrible; would not recommend | 1 = 2 stars: mostly negative with a minor positive | 2 = 3 stars: mixed or mediocre; pros and cons balance out | 3 = 4 stars: mostly positive with minor complaints | 4 = 5 stars: enthusiastic, no real complaints","Backpack is okay, holds my laptop fine but zippers feel little cheap and one pocket already loose after one month. Not bad, not great, just okay for the price.",2,easy,,short,2,,,5,
S08_020,S08,score,What star rating does this review most likely correspond to?,"0 = 1 star: very negative; the product failed or is terrible; would not recommend | 1 = 2 stars: mostly negative with a minor positive | 2 = 3 stars: mixed or mediocre; pros and cons balance out | 3 = 4 stars: mostly positive with minor complaints | 4 = 5 stars: enthusiastic, no real complaints","Oh, it's 'waterproof,' if by waterproof you mean the floor stayed dry while the rainfly dripped all night. Setup was quick and the stakes are solid, so it's not a total loss.",1,hard,sarcasm,short,2,queue,,5,
S08_021,S08,score,What star rating does this review most likely correspond to?,"0 = 1 star: very negative; the product failed or is terrible; would not recommend | 1 = 2 stars: mostly negative with a minor positive | 2 = 3 stars: mixed or mediocre; pros and cons balance out | 3 = 4 stars: mostly positive with minor complaints | 4 = 5 stars: enthusiastic, no real complaints","Grabbed these for morning jogs before the school run and they're comfortable enough out of the box but the sole's already showing wear after a few weeks and the color faded faster than expected, so we'll see.",2,medium,,short,2,queue,,5,
S08_022,S08,score,What star rating does this review most likely correspond to?,"0 = 1 star: very negative; the product failed or is terrible; would not recommend | 1 = 2 stars: mostly negative with a minor positive | 2 = 3 stars: mixed or mediocre; pros and cons balance out | 3 = 4 stars: mostly positive with minor complaints | 4 = 5 stars: enthusiastic, no real complaints","Hi everyone! Hope your week is going well, mine has been an absolute whirlwind. My sister came to visit from out of town and we ended up spending three days just wandering around the farmers market downtown, which if you haven't been, you really should, they've got this incredible cheese stall now. We also tried a new taco place that I'm still thinking about, honestly life-changing carnitas. Anyway, my nephew turned six and had the most chaotic dinosaur-themed birthday party I've ever witnessed, there was a bounce house involved and I do not bounce like I used to. Oh, and I finally repainted the guest room, went with a soft sage green that I'm obsessed with. On the topic of things I'm obsessed with, I have to mention this coffee maker because it has genuinely made my mornings so much better, it brews fast, the coffee actually tastes rich instead of watery, and the little auto-shutoff means I stop worrying I left it on when I'm rushing out the door. Okay, back to the chaos: after the birthday party we all went to the lake for the afternoon, the weather was perfect, my brother-in-law nearly fell out of the canoe trying to take a photo, and we ended the night with s'mores by the fire pit. This coming weekend we're doing a big family cookout, so I'm sure I'll have even more stories for next time. Hope you all have a wonderful rest of your week!",4,hard,long_irrelevant,long,4,,,5,
S08_023,S08,score,What star rating does this review most likely correspond to?,"0 = 1 star: very negative; the product failed or is terrible; would not recommend | 1 = 2 stars: mostly negative with a minor positive | 2 = 3 stars: mixed or mediocre; pros and cons balance out | 3 = 4 stars: mostly positive with minor complaints | 4 = 5 stars: enthusiastic, no real complaints","this lamp genuinely perfect for my setup. light is warm not harsh on the eyes even after hours of readin at night, the touch dimmer just works everytime, and it doesnt wobble at all even when i bump the desk. wish i bought it monthes ago instead of squinting under my old lamp.",4,medium,,medium,4,,,5,
S08_024,S08,score,What star rating does this review most likely correspond to?,"0 = 1 star: very negative; the product failed or is terrible; would not recommend | 1 = 2 stars: mostly negative with a minor positive | 2 = 3 stars: mixed or mediocre; pros and cons balance out | 3 = 4 stars: mostly positive with minor complaints | 4 = 5 stars: enthusiastic, no real complaints","ok this game is actually so fun with my friend group, we played it like 4 times in one night lol. only complaint is the rulebook explanation for scoring is confusing af, had to look up a video.",3,easy,,short,3,,,5,
S08_025,S08,score,What star rating does this review most likely correspond to?,"0 = 1 star: very negative; the product failed or is terrible; would not recommend | 1 = 2 stars: mostly negative with a minor positive | 2 = 3 stars: mixed or mediocre; pros and cons balance out | 3 = 4 stars: mostly positive with minor complaints | 4 = 5 stars: enthusiastic, no real complaints","this blender goes crazy hard for smoothies ngl, crushes ice no problem. only thing is it's kinda loud, like wakes-up-the-whole-apartment loud, but worth it tbh.",3,easy,,short,3,,,5,
S08_026,S08,score,What star rating does this review most likely correspond to?,"0 = 1 star: very negative; the product failed or is terrible; would not recommend | 1 = 2 stars: mostly negative with a minor positive | 2 = 3 stars: mixed or mediocre; pros and cons balance out | 3 = 4 stars: mostly positive with minor complaints | 4 = 5 stars: enthusiastic, no real complaints","okay so i've had this backpack for about two months now and i think i need to talk about it bc i wasn't expecting to care this much about a bag lol. i use it for class, gym, and a part time job so it's carrying textbooks, a laptop, gym shoes, sometimes tupperware that definitely shouldn't be in there, and it has held up through literally all of it without the shape getting weird or the seams pulling. the laptop sleeve is padded enough that i stopped being paranoid about dropping it on the bus, and there's this side pocket that fits my water bottle perfectly which sounds like a small thing but i use it every single day. i also got caught in a pretty bad downpour walking home from campus last week and figured my notes were toast, but everything inside stayed completely dry, which honestly shocked me. the straps don't dig into my shoulders even when it's fully loaded, and it still looks brand new despite getting thrown around more than i'd like to admit. i've told like three people in my program to get one bc i genuinely don't have anything negative to say, which almost never happens with stuff i buy off here.",4,medium,,long,4,,,5,
S08_027,S08,score,What star rating does this review most likely correspond to?,"0 = 1 star: very negative; the product failed or is terrible; would not recommend | 1 = 2 stars: mostly negative with a minor positive | 2 = 3 stars: mixed or mediocre; pros and cons balance out | 3 = 4 stars: mostly positive with minor complaints | 4 = 5 stars: enthusiastic, no real complaints","I logged eighty-two miles in these over five weeks, split between road and light trail, and tracked cushioning breakdown by inspecting the midsole compression after each run. Rebound remains consistent even past the sixty-mile mark, with no measurable heel-to-toe drop change and zero blistering across three different sock thicknesses. Outsole grip held on wet pavement and loose gravel alike. Weight came in exactly at the listed 265 grams per shoe, matching the spec sheet precisely. I've since ordered a second pair in a different colorway for rotation, which should tell you everything about how this testing period went.",4,medium,,medium,4,,,5,
S08_028,S08,score,What star rating does this review most likely correspond to?,"0 = 1 star: very negative; the product failed or is terrible; would not recommend | 1 = 2 stars: mostly negative with a minor positive | 2 = 3 stars: mixed or mediocre; pros and cons balance out | 3 = 4 stars: mostly positive with minor complaints | 4 = 5 stars: enthusiastic, no real complaints","been running in these for like a month now and overall pretty happy, they're light and my knees don't hurt after longer runs anymore which is huge. sizing runs a little small tho so definitely go up half a size, learned that the hard way after my first blister situation. still my go-to shoe now that i broke in a size bigger, would recommend just size up.",3,medium,,medium,3,,,5,
S08_029,S08,score,What star rating does this review most likely correspond to?,"0 = 1 star: very negative; the product failed or is terrible; would not recommend | 1 = 2 stars: mostly negative with a minor positive | 2 = 3 stars: mixed or mediocre; pros and cons balance out | 3 = 4 stars: mostly positive with minor complaints | 4 = 5 stars: enthusiastic, no real complaints","- Set up solo in under six minutes, even in wind.
- Stayed bone dry through a full night of steady rain.
- Interior space fits two sleeping pads with room to spare for gear.
- Packs back into its bag easily, no wrestling with the fabric.",4,medium,,medium,4,,,5,
S08_030,S08,score,What star rating does this review most likely correspond to?,"0 = 1 star: very negative; the product failed or is terrible; would not recommend | 1 = 2 stars: mostly negative with a minor positive | 2 = 3 stars: mixed or mediocre; pros and cons balance out | 3 = 4 stars: mostly positive with minor complaints | 4 = 5 stars: enthusiastic, no real complaints","Box looked great, very sleek, love the tissue paper touch. Shame the sole started separating from the upper after two runs, so now I own a very stylish pair of sandals.",0,hard,mixed_signals,short,0,queue,,5,
S08_031,S08,score,What star rating does this review most likely correspond to?,"0 = 1 star: very negative; the product failed or is terrible; would not recommend | 1 = 2 stars: mostly negative with a minor positive | 2 = 3 stars: mixed or mediocre; pros and cons balance out | 3 = 4 stars: mostly positive with minor complaints | 4 = 5 stars: enthusiastic, no real complaints","Hello, I want to share my week because is very busy time for me. My daughter is starting new school this month and she is very nervous but also excited, we buy new shoes and bag for her, she pick the color pink of course. My husband also change his job last week, now he work closer to home which is nice because less traffic in the morning. We also visit my mother in another city for three days, she is not feeling so good lately but doctor say is okay just need rest, we bring her some food and clean her house a little. About this coffee maker, is honest just okay, not bad not amazing. Coffee come out fine most day but sometimes water dripping very slow and I must wait extra five minute, and one time it leak small water on the counter. Not big problem but also not perfect machine. After the visit we drive back and there was very much traffic on the highway, almost four hour instead of two, my daughter fall asleep in car which was good at least some quiet time. This weekend we plan to go to the park if weather is nice, my daughter want to bring her new bike that she get for birthday last month. Thank you for reading my long message, hope everyone have good week also.",2,hard,long_irrelevant,long,2,,,5,
S08_032,S08,score,What star rating does this review most likely correspond to?,"0 = 1 star: very negative; the product failed or is terrible; would not recommend | 1 = 2 stars: mostly negative with a minor positive | 2 = 3 stars: mixed or mediocre; pros and cons balance out | 3 = 4 stars: mostly positive with minor complaints | 4 = 5 stars: enthusiastic, no real complaints","- Monday: Finally organized the garage, found a box of college textbooks I forgot I owned and a tangle of extension cords that somehow multiplied on their own.
- Tuesday: Book club picked a 600-page fantasy novel, we'll see how that goes; I've already fallen behind on the reading schedule.
- Wednesday: New coffee maker has been solid so far, brews a full pot in under five minutes and the timer function actually works as advertised, which after two prior machines that lied about that feature feels like a genuine achievement; only gripe is the carafe lid doesn't seal perfectly so I get a few drops on the counter if I pour too fast.
- Thursday: Dentist appointment, no cavities, small victory, though the waiting room magazines were from three years ago.
- Friday: Tried a new recipe for lentil soup, turned out better than expected, will make again.
- Saturday: Yard work, the hedge finally looks like a hedge again, took most of the afternoon but worth it, and the neighbor's dog supervised the entire process from the fence.
- Sunday: Rest day, mostly. Watched two documentaries back to back and started planning next month's book club picks, hoping for something under four hundred pages this time.",3,hard,long_irrelevant,long,3,,,5,
S08_033,S08,score,What star rating does this review most likely correspond to?,"0 = 1 star: very negative; the product failed or is terrible; would not recommend | 1 = 2 stars: mostly negative with a minor positive | 2 = 3 stars: mixed or mediocre; pros and cons balance out | 3 = 4 stars: mostly positive with minor complaints | 4 = 5 stars: enthusiastic, no real complaints","The upper mesh breathes well and dries quickly after wet runs, that part is genuinely good. Everything else has been a problem. The right shoe's stitching came undone at the toe box within three weeks. Arch support flattened out much sooner than any other pair I've owned. I switched back to my old shoes for anything over three miles. Returning these isn't worth the shipping cost at this point, so they're sitting in the closet.",1,hard,mixed_signals,medium,1,,,5,
S08_034,S08,score,What star rating does this review most likely correspond to?,"0 = 1 star: very negative; the product failed or is terrible; would not recommend | 1 = 2 stars: mostly negative with a minor positive | 2 = 3 stars: mixed or mediocre; pros and cons balance out | 3 = 4 stars: mostly positive with minor complaints | 4 = 5 stars: enthusiastic, no real complaints","- Monday: Started a new plant identification hobby, apparently the thing on my windowsill is not a succulent like I assumed for two years, it's some kind of jade relative according to the app.
- Tuesday: Grocery delivery was two hours late, no big deal, caught up on laundry instead and finally matched all the stray socks.
- Wednesday: Desk lamp's dimmer knob stopped working, stuck on the dimmest setting no matter what I do, so I've basically been reading in near-darkness for a week; on the plus side the base is heavy enough that it's never once tipped over even with my cat using the desk as a runway.
- Thursday: Tried a new sourdough recipe, decent crust, dense crumb, needs work, maybe more proofing time next round.
- Friday: Car needed an oil change, in and out in twenty minutes, and the shop finally fixed that rattling noise from last month.
- Saturday: Reorganized the bookshelf by color instead of author, no regrets, though it took most of the afternoon and two arguments with myself about where the atlases go.
- Sunday: Quiet day, caught up on a few shows, ordered groceries again for next week and made sure to double check the delivery window this time.",1,hard,long_irrelevant,long,1,,,5,
S08_037,S08,score,What star rating does this review most likely correspond to?,"0 = 1 star: very negative; the product failed or is terrible; would not recommend | 1 = 2 stars: mostly negative with a minor positive | 2 = 3 stars: mixed or mediocre; pros and cons balance out | 3 = 4 stars: mostly positive with minor complaints | 4 = 5 stars: enthusiastic, no real complaints","Died on day six, and not a peaceful death either, just smoke and a burning smell. Would not recommend this to my worst enemy's coffee habit.",0,easy,,short,0,,,5,
S08_038,S08,score,What star rating does this review most likely correspond to?,"0 = 1 star: very negative; the product failed or is terrible; would not recommend | 1 = 2 stars: mostly negative with a minor positive | 2 = 3 stars: mixed or mediocre; pros and cons balance out | 3 = 4 stars: mostly positive with minor complaints | 4 = 5 stars: enthusiastic, no real complaints","I ordered this face cream during the two seconds of free time I get between packing lunches and refereeing my kids' arguments over the TV remote, and I wish I'd spent that time literally anywhere else because within four days of using it every night like the instructions said my cheeks broke out in this red, itchy rash that I first thought was an allergic reaction to something else until I stopped using the cream for three days and it completely cleared up, then started again the moment I put it back on, so clearly it was the cream, and on top of that the jar arrived with the seal already broken which I stupidly ignored because I was juggling three other packages and a screaming toddler at the door, and now I'm stuck with a nearly full jar of something my skin apparently considers an enemy, no refund because I'm past the return window since it took me a week of trial and error to even figure out what was causing the reaction in the first place, and I genuinely do not have the bandwidth right now to fight with customer service over this, so it's going in the trash and I am never buying skincare off an app again without reading way more reviews first.",0,easy,,long,0,,,5,
S08_039,S08,score,What star rating does this review most likely correspond to?,"0 = 1 star: very negative; the product failed or is terrible; would not recommend | 1 = 2 stars: mostly negative with a minor positive | 2 = 3 stars: mixed or mediocre; pros and cons balance out | 3 = 4 stars: mostly positive with minor complaints | 4 = 5 stars: enthusiastic, no real complaints","Sound is okay for the price, bass is good but voice sound little muffle sometimes. Battery last one day only, not so long like I hope. Is fine headphone, nothing special.",2,medium,,short,2,,,5,
S08_041,S08,score,What star rating does this review most likely correspond to?,"0 = 1 star: very negative; the product failed or is terrible; would not recommend | 1 = 2 stars: mostly negative with a minor positive | 2 = 3 stars: mixed or mediocre; pros and cons balance out | 3 = 4 stars: mostly positive with minor complaints | 4 = 5 stars: enthusiastic, no real complaints","color is actually really pretty in person ngl, that's like the one good thing i can say. but the corners started peeling up after like a week and now it doesn't even sit flush on my phone anymore, and the cutout for the charging port is slightly off so my cable doesn't always plug in right. probably not buying this brand again tbh.",1,medium,,medium,1,,,5,
S08_042,S08,score,What star rating does this review most likely correspond to?,"0 = 1 star: very negative; the product failed or is terrible; would not recommend | 1 = 2 stars: mostly negative with a minor positive | 2 = 3 stars: mixed or mediocre; pros and cons balance out | 3 = 4 stars: mostly positive with minor complaints | 4 = 5 stars: enthusiastic, no real complaints","Cream smell nice, I like the smell very much. But it make my skin very dry and peel after few days, not good for my face at all.",1,easy,,short,1,queue,,5,
S08_043,S08,score,What star rating does this review most likely correspond to?,"0 = 1 star: very negative; the product failed or is terrible; would not recommend | 1 = 2 stars: mostly negative with a minor positive | 2 = 3 stars: mixed or mediocre; pros and cons balance out | 3 = 4 stars: mostly positive with minor complaints | 4 = 5 stars: enthusiastic, no real complaints","This backpack is very good quality, I use it every day for work and it carry my laptop safe. Only small problem is the zipper on front pocket sometimes stuck a little, need to pull two time to open. But overall I am happy customer, better than my old bag for sure.",3,medium,,medium,3,,,5,
S08_044,S08,score,What star rating does this review most likely correspond to?,"0 = 1 star: very negative; the product failed or is terrible; would not recommend | 1 = 2 stars: mostly negative with a minor positive | 2 = 3 stars: mixed or mediocre; pros and cons balance out | 3 = 4 stars: mostly positive with minor complaints | 4 = 5 stars: enthusiastic, no real complaints","I want to give a genuinely balanced assessment of this phone case after one month of daily use. On the positive side, the material feels premium to the touch, the button covers are responsive, and the color has not faded. On the negative side, I've noticed the case has already picked up a faint yellowish tint along the edges, which several reviews warned about and which I foolishly dismissed, and the camera bump protection is minimal, offering maybe a millimeter of lip. Weighing it all together, it's a perfectly average case: good in some respects, mediocre in others, neither impressive nor disappointing enough to sway me strongly in either direction.",2,easy,,medium,2,,,5,
S08_045,S08,score,What star rating does this review most likely correspond to?,"0 = 1 star: very negative; the product failed or is terrible; would not recommend | 1 = 2 stars: mostly negative with a minor positive | 2 = 3 stars: mixed or mediocre; pros and cons balance out | 3 = 4 stars: mostly positive with minor complaints | 4 = 5 stars: enthusiastic, no real complaints","These lasted exactly nine days before the left earbud went completely silent, which is impressively fast even by cheap-electronics standards. I contacted support, waited a week for a reply, and got a canned message telling me to try 'resetting' earbuds that were, again, just dead. The right one still works, so I now own a very expensive mono listening device. Genuinely would not recommend these to anyone who enjoys sound coming out of both ears.",0,easy,,medium,0,,,5,
S08_046,S08,score,What star rating does this review most likely correspond to?,"0 = 1 star: very negative; the product failed or is terrible; would not recommend | 1 = 2 stars: mostly negative with a minor positive | 2 = 3 stars: mixed or mediocre; pros and cons balance out | 3 = 4 stars: mostly positive with minor complaints | 4 = 5 stars: enthusiastic, no real complaints","I acquired this blender to replace one that had served my kitchen faithfully for over a decade, and I confess I am rather disappointed in the comparison. Within the first fortnight, the motor began emitting a burning odor after only a minute or two of use, which alarmed me enough to unplug it each time. The pitcher's lid does not seat properly, resulting in spillage onto the counter with nearly every use. I have returned to my late husband's old model, which, despite its age, continues to outperform this one considerably. I cannot in good conscience suggest this purchase to my friends at the garden club.",0,medium,,medium,0,audit,,5,
S08_047,S08,score,What star rating does this review most likely correspond to?,"0 = 1 star: very negative; the product failed or is terrible; would not recommend | 1 = 2 stars: mostly negative with a minor positive | 2 = 3 stars: mixed or mediocre; pros and cons balance out | 3 = 4 stars: mostly positive with minor complaints | 4 = 5 stars: enthusiastic, no real complaints","We play this game two time with family and is have some good point and some bad point. Artwork on cards is very nice and colorful, everyone like how it look. But rule book is confuse in some part, we must look on internet to understand one rule about the trading phase. Game length also longer than box say, take almost two hour instead of one. Is not bad game but also not one we play very often now.",2,medium,,medium,2,,,5,
S08_048,S08,score,What star rating does this review most likely correspond to?,"0 = 1 star: very negative; the product failed or is terrible; would not recommend | 1 = 2 stars: mostly negative with a minor positive | 2 = 3 stars: mixed or mediocre; pros and cons balance out | 3 = 4 stars: mostly positive with minor complaints | 4 = 5 stars: enthusiastic, no real complaints","Frequency response is reasonably flat, I'll grant them that. But the left driver developed a persistent rattle at any volume above 60% within two weeks, which is a hard defect to overlook in a listening device.",1,easy,,short,1,,,5,
S08_049,S08,score,What star rating does this review most likely correspond to?,"0 = 1 star: very negative; the product failed or is terrible; would not recommend | 1 = 2 stars: mostly negative with a minor positive | 2 = 3 stars: mixed or mediocre; pros and cons balance out | 3 = 4 stars: mostly positive with minor complaints | 4 = 5 stars: enthusiastic, no real complaints","Let me tell you about my week, because apparently that's the format reviews take now. Monday, my neighbor decided 7am was the perfect time to test out a leaf blower on a lawn that has approximately four leaves on it. Tuesday, I discovered my car had been quietly leaking oil onto my driveway for who knows how long, so that's a fun new expense to look forward to. Wednesday was uneventful except for the fact that the grocery store rearranged every single aisle overnight for no discernible reason, which is apparently a universal law of retail at this point. Also, this desk lamp, the one I'm supposedly reviewing, stopped turning on entirely on day nine, no flicker, no warning, just permanently dead, so that's been sitting on my desk as a very expensive paperweight since then. Thursday I tried a new recipe involving three separate pots and ended up doing dishes for what felt like an hour. Friday, my internet went out for four hours during a work call, which was a delight. Saturday redeemed the week slightly with a decent brunch and a movie that didn't put me to sleep. Sunday I mostly stared at my inbox and considered my life choices. Anyway, back to the actual point of this review, if you were looking for a functioning light source, I'd keep looking, because this one gave up after barely a week and a half.",0,hard,long_irrelevant,long,0,,,5,
S08_050,S08,score,What star rating does this review most likely correspond to?,"0 = 1 star: very negative; the product failed or is terrible; would not recommend | 1 = 2 stars: mostly negative with a minor positive | 2 = 3 stars: mixed or mediocre; pros and cons balance out | 3 = 4 stars: mostly positive with minor complaints | 4 = 5 stars: enthusiastic, no real complaints","this blender is an absolute unit, crushes ice like it's nothing and cleanup takes like 10 seconds. genuinely no notes, would buy again in a heartbeat.",4,easy,,short,4,,,5,
S08_051,S08,score,What star rating does this review most likely correspond to?,"0 = 1 star: very negative; the product failed or is terrible; would not recommend | 1 = 2 stars: mostly negative with a minor positive | 2 = 3 stars: mixed or mediocre; pros and cons balance out | 3 = 4 stars: mostly positive with minor complaints | 4 = 5 stars: enthusiastic, no real complaints","Let's do a fair accounting of this blender, because it doesn't deserve a rant or a love letter, just an honest ledger. Credit column: it purees soup smoothly, doesn't leak, and the pulse button is satisfying in a way I didn't expect a kitchen appliance to be. Debit column: the motor sounds like it's personally offended every time I use it, a genuine jet-engine whine that has startled my cat on three separate occasions. Credit: ice gets crushed into a fine, drinkable slush rather than the usual chunky disappointment. Debit: the measurement markings on the pitcher are printed in a gray so light I need to hold it up to a window to read them, which defeats the entire purpose of having markings. Credit: it's compact enough to actually fit under my cabinets, unlike the previous one I owned that required its own zip code. Debit: after eight weeks, a hairline crack appeared near the base, not enough to leak yet, but enough to make me nervous about how long 'yet' will last. Tally it all up and you land somewhere in the middle, solidly average, the kind of appliance you keep using without ever telling anyone how you really feel about it, because how you really feel is: it's fine. Just fine. Not the hero of the kitchen, not the villain either.",2,easy,,long,2,,,5,
S08_052,S08,score,What star rating does this review most likely correspond to?,"0 = 1 star: very negative; the product failed or is terrible; would not recommend | 1 = 2 stars: mostly negative with a minor positive | 2 = 3 stars: mixed or mediocre; pros and cons balance out | 3 = 4 stars: mostly positive with minor complaints | 4 = 5 stars: enthusiastic, no real complaints","Really impressive how a box of cardboard and plastic pieces managed to arrive with two components missing straight out of the shrink wrap. Even more impressive that the rulebook references an expansion mechanic that isn't actually included in this base set, so half of page four might as well not exist. Bravo to whoever assembled this box without checking it once. We played exactly one incomplete round before putting it back for good, and it's not coming back out.",0,hard,sarcasm,medium,0,,,5,
S08_053,S08,score,What star rating does this review most likely correspond to?,"0 = 1 star: very negative; the product failed or is terrible; would not recommend | 1 = 2 stars: mostly negative with a minor positive | 2 = 3 stars: mixed or mediocre; pros and cons balance out | 3 = 4 stars: mostly positive with minor complaints | 4 = 5 stars: enthusiastic, no real complaints","- Setup: Poles are color-coded, which made assembly straightforward even for a first-timer, no complaints there, done in about eight minutes flat.
- Weather resistance: Seam tape started lifting at the rear corner after the second trip, letting in a small amount of water during light drizzle and dampening one corner of a sleeping bag.
- Ventilation: Mesh panels are generous, no condensation buildup even on humid nights, genuinely well designed and better than the tent it replaced.
- Zippers: Two of the three zipper pulls have already started snagging on the fabric, requiring careful, slow use to avoid tearing the teeth loose.
- Packability: Stuff sack is undersized for how the tent actually folds, making it a wrestling match every single time we pack up camp, usually with someone kneeling on the bag to force the zipper shut.
- Durability: A support pole developed a visible bend after one moderately windy night, well below what the product description implied it could handle.
- Overall: More items above landed in the disappointing column than the encouraging one, and between the leaking seam, the pole bend, and the zipper snags, I'm hesitant to trust this on a longer trip without a backup plan.",1,medium,,long,1,queue,,5,
S08_054,S08,score,What star rating does this review most likely correspond to?,"0 = 1 star: very negative; the product failed or is terrible; would not recommend | 1 = 2 stars: mostly negative with a minor positive | 2 = 3 stars: mixed or mediocre; pros and cons balance out | 3 = 4 stars: mostly positive with minor complaints | 4 = 5 stars: enthusiastic, no real complaints","The one thing this backpack has going for it is the color, a genuinely nice shade of navy that hasn't faded despite my best efforts to ruin it. Everything else has been a slow disappointment: one strap's stitching gave out at week three, the 'water resistant' zipper let my notebook get soaked in a light drizzle, and the laptop compartment padding has already gone flat and useless. I keep using it because I already own it, not because I'd choose to again.",1,medium,,medium,1,,,5,
S09_000,S09,score,How risky is the described outdoor activity for the people involved?,0 = Negligible risk: routine activity in safe conditions | 1 = Low risk: minor hazards that are well managed | 2 = Elevated risk: notable hazards or missing precautions that could cause injury | 3 = Severe risk: conditions or behavior likely to cause serious injury or death,"Hey team! Saturday's the day — the Ridgeline Gravel Century is a go, all 102 miles of rolling farm roads and canyon climbs. Everyone's bikes are dialed in: fresh brake pads, tubeless tires topped off, and I double-checked that all twenty-two of us have helmets and mirrors. We'll roll out at 6am while it's still cool, which is smart because the forecast has the afternoon climbing to 101°F with almost no shade after mile 40. Here's the thing I want you all to really look at, though: our support van is only stopping at mile 20 and then again at mile 78, which means once you leave that first stop you're on your own for 58 miles with whatever's in your bottles. I know some of you like to travel light, but two bottles isn't going to cut it once that heat index climbs past 100 for three-plus hours in the saddle. I've asked the route captain twice about adding a stop around mile 50 and haven't heard back, so for now, plan on carrying at least four bottles or a bladder, and please, please eat your electrolyte tabs before you're thirsty, not after. Everything else about the day is honestly pretty chill — quiet roads, courteous drivers, gentle grades. It's really just that stretch in the heat with nothing to refill that's got me wanting everyone to plan ahead. See you at the start line!",2,hard,numbers,long,2,queue,,4,
S09_001,S09,score,How risky is the described outdoor activity for the people involved?,0 = Negligible risk: routine activity in safe conditions | 1 = Low risk: minor hazards that are well managed | 2 = Elevated risk: notable hazards or missing precautions that could cause injury | 3 = Severe risk: conditions or behavior likely to cause serious injury or death,"- Heading to Cedar Bluff this weekend for some top-rope routes on the west face.
- Anchors are the two bolts we set last season; haven't had them checked by anyone since.
- Sarah's leading the outing, and she's only climbed outdoors twice before this.
- We've got one 60m rope and one set of runners between the four of us.
- Weather looks clear all day, so that part isn't a concern.",2,medium,,medium,2,queue,,4,
S09_002,S09,score,How risky is the described outdoor activity for the people involved?,0 = Negligible risk: routine activity in safe conditions | 1 = Low risk: minor hazards that are well managed | 2 = Elevated risk: notable hazards or missing precautions that could cause injury | 3 = Severe risk: conditions or behavior likely to cause serious injury or death,"So funny story — my daughter finally learned to ride without training wheels last month, and now she wants to 'race' me every evening. We loop around the community park path, maybe three-quarters of a mile, totally flat and paved, with a fence separating it from the road the whole way. Helmet's non-negotiable, we go slow, and at the two street crossings we still stop and look both ways even though cars almost never come through. Honestly the most dramatic moment so far was her slamming the brakes to stare at a duck. It's turned into our favorite little ritual before dinner.",0,medium,,medium,0,,,4,
S09_003,S09,score,How risky is the described outdoor activity for the people involved?,0 = Negligible risk: routine activity in safe conditions | 1 = Low risk: minor hazards that are well managed | 2 = Elevated risk: notable hazards or missing precautions that could cause injury | 3 = Severe risk: conditions or behavior likely to cause serious injury or death,"We finally got the site booked for next weekend and I am so ready to just get out of the house with the kids for two nights, though I'll admit I was scrolling through the campground map at midnight and realized our spot backs right up to the creek where the current picks up speed after that bend, and the bank there drops off pretty sharp instead of sloping in gradually like it does further down, and of course my two are going to want to wade in the second we get out of the car because that's just how they are, so I need to remember to actually pack the life vests instead of just tossing them in the garage pile like I did last time when we ended up not using them at all, and I still haven't figured out where the nearest ranger station is if something happens because cell service out there is spotty at best, my husband keeps saying we'll be fine because we always are, and I mostly believe him, but there's also that overlook trail nearby that the site description mentioned has some loose gravel switchbacks with no railing, and with three kids under eight running around while we're setting up the tent and trying to get the fire going, I know we won't be watching all of them every single second, so I really do need to sit down tonight and make an actual list of what we're bringing instead of throwing it together tomorrow morning like usual.",2,medium,,long,2,queue,,4,
S09_005,S09,score,How risky is the described outdoor activity for the people involved?,0 = Negligible risk: routine activity in safe conditions | 1 = Low risk: minor hazards that are well managed | 2 = Elevated risk: notable hazards or missing precautions that could cause injury | 3 = Severe risk: conditions or behavior likely to cause serious injury or death,"The route we've booked for Thursday is a genuinely intimidating-looking wall — a sheer, forty-meter overhanging limestone face that our photos make look like something off a magazine cover — but the outing itself is about as controlled as climbing gets. Our guide is IFMGA-certified with fifteen years on this exact cliff, the anchors are permanent, redundant bolted stations inspected every spring, and every one of us will be on a top-rope she's already rigged and tested from above before we touch the rock. She's bringing an assistant to manage belays from the ground and run through harness checks twice before anyone leaves the ledge. It looks terrifying in the photos; in practice it's closer to a very scenic, very supervised afternoon.",1,hard,distractor,medium,0,queue,,4,
S09_006,S09,score,How risky is the described outdoor activity for the people involved?,0 = Negligible risk: routine activity in safe conditions | 1 = Low risk: minor hazards that are well managed | 2 = Elevated risk: notable hazards or missing precautions that could cause injury | 3 = Severe risk: conditions or behavior likely to cause serious injury or death,"Took the blue groomer down from the lodge today, the one everybody insists is 'basically a green trail wearing a costume.' Patrol had orange fencing around two icy patches near the tree line, which, fine, noted, I gave them a wide berth like a reasonable adult. Snow guns were still running section three so visibility dipped for about ten seconds, mildly dramatic, survived it. Wore the wrist guards my sister keeps nagging me about, mostly to make her happy. Nothing about today required a helmet-cam highlight reel, which is honestly the most exciting part.",1,medium,,medium,1,,,4,
S09_007,S09,score,How risky is the described outdoor activity for the people involved?,0 = Negligible risk: routine activity in safe conditions | 1 = Low risk: minor hazards that are well managed | 2 = Elevated risk: notable hazards or missing precautions that could cause injury | 3 = Severe risk: conditions or behavior likely to cause serious injury or death,"We're taking the kids to Pelican Cove Saturday and I saw the lifeguard schedule only covers ten to two even though the tide charts show the strongest pull happening right around eleven when that rip current warning flag goes up most weekends, and my youngest still doesn't listen when I tell him not to go past the sandbar, so I'm going to have to basically not let go of his arm the entire time while also watching my older one who thinks he's a stronger swimmer than he actually is, and there's no way I can watch both of them every second if they split up, so I guess we're doing shifts, one parent in the water and one on the sand, no exceptions this time.",2,easy,,medium,2,,,4,
S09_008,S09,score,How risky is the described outdoor activity for the people involved?,0 = Negligible risk: routine activity in safe conditions | 1 = Low risk: minor hazards that are well managed | 2 = Elevated risk: notable hazards or missing precautions that could cause injury | 3 = Severe risk: conditions or behavior likely to cause serious injury or death,"Okay so I have to tell you about Marcus's plan for Saturday because I still can't quite believe it — he wants to free solo the north face of Kestrel Ridge, that's the 300-foot route with zero bolts and that gnarly runout section near the top that even the guidebook calls 'committing.' No rope, no harness, no gear at all, just chalk and his shoes. I asked him three times if he meant top-roping and he just laughed and said 'where's the fun in a rope.' He's done the route before with protection, sure, but going up there with literally nothing to catch him if he slips on that crux move — one bad hold, one gust of wind at the wrong second, and there's no second chance, it's just a straight fall onto talus. I brought up that even world-class free soloists have died doing exactly this kind of thing and he just shrugged and said he trusts his hands. I'm going along to watch from the base but honestly I don't know what I'd even do if something went wrong up there, there's no cell reception for the first twenty minutes of the approach trail either. I keep hoping he'll bring the rack at the last minute but he's already told his roommate not to bother packing it. I love the guy but I really wish he'd let me talk him into at least a top-rope setup.",3,easy,,long,3,,,4,
S09_009,S09,score,How risky is the described outdoor activity for the people involved?,0 = Negligible risk: routine activity in safe conditions | 1 = Low risk: minor hazards that are well managed | 2 = Elevated risk: notable hazards or missing precautions that could cause injury | 3 = Severe risk: conditions or behavior likely to cause serious injury or death,"- Summit ridge hike, exposed above treeline for 2 miles
- Afternoon thunderstorms forecast, we're starting at noon
- No rain gear packed, just water bottles",3,easy,,short,2,queue,,4,
S09_010,S09,score,How risky is the described outdoor activity for the people involved?,0 = Negligible risk: routine activity in safe conditions | 1 = Low risk: minor hazards that are well managed | 2 = Elevated risk: notable hazards or missing precautions that could cause injury | 3 = Severe risk: conditions or behavior likely to cause serious injury or death,"Last summer when we went up to Cutter's Basin for the long weekend, I remember standing at the site going, huh, that's a lot of claw marks on that pine, and our neighbor two sites over mentioned offhand that a sow and two cubs had been spotted near the dumpster just two nights before we arrived, which, sure, fine, noted, except then it turned out our site didn't actually have one of those metal bear boxes like the ranger station website said all the sites would, just a regular picnic table, so we ended up keeping the cooler and the bag of trail mix and honestly half our groceries in the tent vestibule overnight because the car was already packed to the brim with the kids' sleeping bags and there wasn't room to shuffle things around in the dark, and my brother-in-law kept saying it'd be fine because bears mostly just want an easy meal and won't bother a tent if there's no obvious food smell, which I'm pretty sure is not actually how it works, but by the time we realized the mistake everyone was already half asleep and nobody wanted to get back up and hike the stuff over to the parking lot two hundred yards away in the dark. We got lucky and nothing happened, but I still think about those claw marks.",2,medium,,long,2,queue,,4,
S09_013,S09,score,How risky is the described outdoor activity for the people involved?,0 = Negligible risk: routine activity in safe conditions | 1 = Low risk: minor hazards that are well managed | 2 = Elevated risk: notable hazards or missing precautions that could cause injury | 3 = Severe risk: conditions or behavior likely to cause serious injury or death,"I go for run on the ridge trail this afternoon, alone like always. The path there is narrow, maybe one shoe wide in some place, and right side go down very far to the rocks below. Today the sky in the west is getting dark grey already, but I still have maybe five more miles to finish the loop. My phone show no bars since the parking lot. I bring only small water bottle, no jacket, because morning was so warm.",2,hard,implicit,medium,2,queue,,4,
S09_014,S09,score,How risky is the described outdoor activity for the people involved?,0 = Negligible risk: routine activity in safe conditions | 1 = Low risk: minor hazards that are well managed | 2 = Elevated risk: notable hazards or missing precautions that could cause injury | 3 = Severe risk: conditions or behavior likely to cause serious injury or death,"Pre-dawn descent of the Kestrel Pass switchbacks — 14% average grade over 6 km — will proceed without headlamps or reflective vests, group riding two-abreast, target speed 45+ km/h in freezing fog.",3,medium,,short,3,,,4,
S09_017,S09,score,How risky is the described outdoor activity for the people involved?,0 = Negligible risk: routine activity in safe conditions | 1 = Low risk: minor hazards that are well managed | 2 = Elevated risk: notable hazards or missing precautions that could cause injury | 3 = Severe risk: conditions or behavior likely to cause serious injury or death,"Yes, it's a 300-foot multi-pitch route, very dramatic sounding, but it's also our third season climbing it with the same certified guide, same double-checked anchors, same radio check-ins every pitch. Somehow still less eventful than parallel parking downtown.",1,hard,distractor,short,1,,,4,
S09_018,S09,score,How risky is the described outdoor activity for the people involved?,0 = Negligible risk: routine activity in safe conditions | 1 = Low risk: minor hazards that are well managed | 2 = Elevated risk: notable hazards or missing precautions that could cause injury | 3 = Severe risk: conditions or behavior likely to cause serious injury or death,"Sunday's outing is the Lodge Loop snowshoe trail, 3.2 km of groomed, flat terrain maintained twice weekly by the resort's grooming crew. Elevation gain over the full loop is 40 m, distributed across gentle, evenly graded sections with no drop-offs adjacent to the trail. The route stays within 800 m of the main lodge at every point, and trail markers are placed at approximately 150 m intervals, visible in both directions. Forecast for the outing window is -4°C with light winds under 8 km/h and full daylight throughout, well within the operating range for standard winter layering. Group size is capped at eight participants with one trained lodge staff member accompanying, who carries a radio with a direct line to the front desk. Snowshoe bindings will be fitted and checked at the trailhead before departure, and each participant is issued a trekking pole for balance on the packed surface. The trail crosses no open water, avalanche terrain, or roadways, and the return route retraces the outbound path exactly, eliminating any route-finding uncertainty. Rest benches are positioned at the 1 km and 2.2 km marks. Hot cocoa service resumes at the lodge immediately after the group's expected return time of 11:30 am. Given the groomed surface, marked route, mild conditions, and proximity to staffed facilities throughout, this is designed as an introductory outing suitable for first-time snowshoers, including children over the age of six accompanied by a guardian.",0,medium,,long,0,,,4,
S09_019,S09,score,How risky is the described outdoor activity for the people involved?,0 = Negligible risk: routine activity in safe conditions | 1 = Low risk: minor hazards that are well managed | 2 = Elevated risk: notable hazards or missing precautions that could cause injury | 3 = Severe risk: conditions or behavior likely to cause serious injury or death,"ok so paddle day at glassy lake tmrw w the group!! it's literally the calmest lake ever, like barely any current, but we're all wearing our pfds the whole time bc rule is rule lol. forecast says it might get a lil breezy in the afternoon (like 10mph max??) so we're just planning to head back before noon just in case, easy peasy. bringing snacks obviously. cannot waittt",1,easy,,medium,1,queue,,4,
S09_020,S09,score,How risky is the described outdoor activity for the people involved?,0 = Negligible risk: routine activity in safe conditions | 1 = Low risk: minor hazards that are well managed | 2 = Elevated risk: notable hazards or missing precautions that could cause injury | 3 = Severe risk: conditions or behavior likely to cause serious injury or death,"Can't wait for our little nature walk Sunday — it's that flat half-mile paved loop by the botanical garden, stroller-friendly, benches everywhere, and we'll be back in time for brunch!",0,easy,,short,0,,,4,
S09_021,S09,score,How risky is the described outdoor activity for the people involved?,0 = Negligible risk: routine activity in safe conditions | 1 = Low risk: minor hazards that are well managed | 2 = Elevated risk: notable hazards or missing precautions that could cause injury | 3 = Severe risk: conditions or behavior likely to cause serious injury or death,"Same loop as always this morning, the paved path around Miller Park that connects right back to the parking lot near the rec center, I had my phone clipped to my arm band like usual and my neighbor Priya was running the opposite direction so we crossed paths twice and waved, the sun was already up by the time I started so it wasn't even that dim, and honestly the biggest event was stopping to retie my shoe by the duck pond, I was back home before the kids even finished their cereal.",0,hard,implicit,medium,0,,,4,
S09_022,S09,score,How risky is the described outdoor activity for the people involved?,0 = Negligible risk: routine activity in safe conditions | 1 = Low risk: minor hazards that are well managed | 2 = Elevated risk: notable hazards or missing precautions that could cause injury | 3 = Severe risk: conditions or behavior likely to cause serious injury or death,"So excited for the snowshoe outing tomorrow! We're doing the ridge connector trail this time instead of the usual loop, which does have one short icy section near the overlook, but our guide flagged it on the map and we're all bringing our microspikes just for that part. Otherwise it's mellow rolling terrain the whole way, and we're wrapping up well before the afternoon temperature drop. Bringing extra mittens because apparently I always forget how cold my hands get!",1,medium,,medium,1,,,4,
S09_023,S09,score,How risky is the described outdoor activity for the people involved?,0 = Negligible risk: routine activity in safe conditions | 1 = Low risk: minor hazards that are well managed | 2 = Elevated risk: notable hazards or missing precautions that could cause injury | 3 = Severe risk: conditions or behavior likely to cause serious injury or death,"- Backcountry snowshoe route today, off the marked trail system
- Avalanche advisory is 'moderate,' we're staying on gentle slopes below treeline
- Neither of us packed a beacon, just in case",2,medium,,short,2,queue,,4,
S09_024,S09,score,How risky is the described outdoor activity for the people involved?,0 = Negligible risk: routine activity in safe conditions | 1 = Low risk: minor hazards that are well managed | 2 = Elevated risk: notable hazards or missing precautions that could cause injury | 3 = Severe risk: conditions or behavior likely to cause serious injury or death,"On paper, Thursday's outing sounds like the kind of thing that makes non-climbers nervous: a five-pitch alpine route up the east buttress, complete with an exposed knife-edge traverse partway up that photographs dramatically enough to have made our club's calendar twice. In practice, every pitch is bolted with modern hardware replaced last year, we're climbing with two guides who've done this exact route more than sixty times, everyone's on belay the entire way including across the traverse, and we're turning around at the first sign of the afternoon clouds that typically roll in around 2pm. It looks like an adventure movie; it runs like a well-rehearsed drill.",1,hard,distractor,medium,1,,,4,
S09_025,S09,score,How risky is the described outdoor activity for the people involved?,0 = Negligible risk: routine activity in safe conditions | 1 = Low risk: minor hazards that are well managed | 2 = Elevated risk: notable hazards or missing precautions that could cause injury | 3 = Severe risk: conditions or behavior likely to cause serious injury or death,"Paddling the marina channel this evening. Wearing PFDs, staying inside the no-wake zone, checked tide tables — slack tide at 6pm. Traffic from motorboats is the only real factor, so we're sticking close to the seawall.",1,easy,,short,1,,,4,
S09_026,S09,score,How risky is the described outdoor activity for the people involved?,0 = Negligible risk: routine activity in safe conditions | 1 = Low risk: minor hazards that are well managed | 2 = Elevated risk: notable hazards or missing precautions that could cause injury | 3 = Severe risk: conditions or behavior likely to cause serious injury or death,"- Backcountry camp tonight in the burn-scar canyon
- Flash flood watch issued for our exact drainage until midnight
- Setting up tents on the creek bed anyway, it's the flattest spot",3,easy,,short,3,,,4,
S09_027,S09,score,How risky is the described outdoor activity for the people involved?,0 = Negligible risk: routine activity in safe conditions | 1 = Low risk: minor hazards that are well managed | 2 = Elevated risk: notable hazards or missing precautions that could cause injury | 3 = Severe risk: conditions or behavior likely to cause serious injury or death,"Wading out into the tailwater below the dam tonight even though the generators are scheduled to release right at dusk, which means the water level and current both jump substantially with almost no warning beyond a distant siren.",3,medium,,short,3,,,4,
S09_028,S09,score,How risky is the described outdoor activity for the people involved?,0 = Negligible risk: routine activity in safe conditions | 1 = Low risk: minor hazards that are well managed | 2 = Elevated risk: notable hazards or missing precautions that could cause injury | 3 = Severe risk: conditions or behavior likely to cause serious injury or death,"me and jake doin the ridge trail today. startin late, like 1pm cuz we slept in. forcast said storms rollin in around 3, we seen it before, figured we'd just push thru. trail goes up above treeline for like 4 miles, no cover up there at all, just rock and scrub. summit's at 13,200ft, we're plannin to be up top right around 3, maybe 3:30 if we're slow. jake says lightnin never actually hits people, i told him thats not true but he just laughed. neither of us got a jacket packed, just windbreakers, figured it wouldnt matter since we'd be movin fast. no bail out point up there either, once your past the saddle its exposed the whole rest of the way to the top, cant just duck off the trail into trees or nothin. cell signal cuts out about mile 2 so if somethin happens up top we're kinda on our own til we get back down below the ridge line. we did check the trailhead board, it had one of them signs about turnin back if you hear thunder but honestly by the time you hear it your already up there. anyway packin light, just some snacks and a liter of water each, shuold be back by dark if the storm dont slow us down too much. probably fine, we been up worse.",3,hard,implicit,long,3,,,4,
S09_029,S09,score,How risky is the described outdoor activity for the people involved?,0 = Negligible risk: routine activity in safe conditions | 1 = Low risk: minor hazards that are well managed | 2 = Elevated risk: notable hazards or missing precautions that could cause injury | 3 = Severe risk: conditions or behavior likely to cause serious injury or death,"Took my old cruiser down the riverside path again this morning, same route as every Tuesday, flat and paved the whole way, more squirrels than people out that early, back home before my coffee even got cold.",0,medium,,short,0,,,4,
S09_030,S09,score,How risky is the described outdoor activity for the people involved?,0 = Negligible risk: routine activity in safe conditions | 1 = Low risk: minor hazards that are well managed | 2 = Elevated risk: notable hazards or missing precautions that could cause injury | 3 = Severe risk: conditions or behavior likely to cause serious injury or death,"cuttin across the lake today instead of goin round, saves like 40 min. ice been formin for a few weeks now but nobody's actually checked the thickness this year, some guy at the gas station said it looked fine from the shore. goin solo, no poles to test it or nothin, just walkin straight out toward the far dock.",3,medium,,medium,3,,,4,
S09_031,S09,score,How risky is the described outdoor activity for the people involved?,0 = Negligible risk: routine activity in safe conditions | 1 = Low risk: minor hazards that are well managed | 2 = Elevated risk: notable hazards or missing precautions that could cause injury | 3 = Severe risk: conditions or behavior likely to cause serious injury or death,"Rope's fraying pretty badly near the harness end, we noticed it this morning, but replacing it would mean driving forty minutes to the gear shop, so. We're climbing on it anyway. What's the worst that happens, right?",3,easy,,short,3,,,4,
S09_032,S09,score,How risky is the described outdoor activity for the people involved?,0 = Negligible risk: routine activity in safe conditions | 1 = Low risk: minor hazards that are well managed | 2 = Elevated risk: notable hazards or missing precautions that could cause injury | 3 = Severe risk: conditions or behavior likely to cause serious injury or death,"So we ended up picking the back trail instead of the main loop because Dana insisted it'd be prettier, which, fine, it was, but nobody mentioned it crosses that little creek drainage where the snow bridge always looks solid until you're standing on it, and we didn't have poles to test it like we usually do because they were still in the other car, and it's not like there's a ranger checking that trail this time of year either, so we just sort of eyeballed it and went one at a time, which in hindsight probably should've been the plan from the start, not the thing we figured out halfway across.",2,medium,,medium,2,queue,,4,
S09_033,S09,score,How risky is the described outdoor activity for the people involved?,0 = Negligible risk: routine activity in safe conditions | 1 = Low risk: minor hazards that are well managed | 2 = Elevated risk: notable hazards or missing precautions that could cause injury | 3 = Severe risk: conditions or behavior likely to cause serious injury or death,"goin fishin at the pond behind grandpas house again, same spot i been goin since i was a kid. water's like three feet deep tops, folding chair right on the bank, cooler full of snacks. probably just sit there til lunch then head back, nothin ever happens out there, thats kinda the point.",0,easy,,medium,0,,,4,
S09_034,S09,score,How risky is the described outdoor activity for the people involved?,0 = Negligible risk: routine activity in safe conditions | 1 = Low risk: minor hazards that are well managed | 2 = Elevated risk: notable hazards or missing precautions that could cause injury | 3 = Severe risk: conditions or behavior likely to cause serious injury or death,"shark advisory's up again at the point but we fish off the pier, dont matter to us. tide's comin in fast tho, and the walkway back floods at high tide if we don't leave in time.",2,hard,distractor,short,2,queue,,4,
S09_035,S09,score,How risky is the described outdoor activity for the people involved?,0 = Negligible risk: routine activity in safe conditions | 1 = Low risk: minor hazards that are well managed | 2 = Elevated risk: notable hazards or missing precautions that could cause injury | 3 = Severe risk: conditions or behavior likely to cause serious injury or death,"- Morning swim at Cedar Cove, same 800m buoy line as always
- Water's a mild 68°F, wetsuits on for the first time this season
- Small boat-wake chop reported near the marina mouth
- Guide kayak paddling alongside the group the whole way, like usual",1,medium,,medium,1,,,4,
S09_036,S09,score,How risky is the described outdoor activity for the people involved?,0 = Negligible risk: routine activity in safe conditions | 1 = Low risk: minor hazards that are well managed | 2 = Elevated risk: notable hazards or missing precautions that could cause injury | 3 = Severe risk: conditions or behavior likely to cause serious injury or death,"We're taking the canoes out after soccer practice and I still haven't found the kids' life vests from last summer because they're buried somewhere in the garage behind the holiday bins, and the marina said the afternoon wind usually kicks up on that lake around 3pm which is exactly when we'd be heading back across the open section instead of hugging the shoreline like we probably should, and my husband keeps saying we'll just grab whatever vests are in the rental shed even if they don't fit great, which, I mean, better than nothing I guess, but I really wish I'd just packed our own like I meant to.",2,medium,,medium,2,queue,,4,
S09_038,S09,score,How risky is the described outdoor activity for the people involved?,0 = Negligible risk: routine activity in safe conditions | 1 = Low risk: minor hazards that are well managed | 2 = Elevated risk: notable hazards or missing precautions that could cause injury | 3 = Severe risk: conditions or behavior likely to cause serious injury or death,"Took the little one down the bunny hill again today, same gentle slope as every Saturday, ski patrol practically parked at the bottom, hot chocolate waiting the second we're done.",0,medium,,short,0,audit,,4,
S09_039,S09,score,How risky is the described outdoor activity for the people involved?,0 = Negligible risk: routine activity in safe conditions | 1 = Low risk: minor hazards that are well managed | 2 = Elevated risk: notable hazards or missing precautions that could cause injury | 3 = Severe risk: conditions or behavior likely to cause serious injury or death,"okay so update on the ultra training run today because it got WILD lol. so the plan was the high ridge loop, like 18 miles, and I knew the forecast wasn't great but I've been dying to log the mileage before my race in 3 weeks so I just went for it anyway. by mile 9 I'm up on the exposed section, like fully above treeline, zero cover, and the sky just goes from fine to genuinely apocalyptic in like 15 minutes flat, thunder rolling in close enough that I'm not even counting seconds between the flash and the boom anymore bc there basically isn't a gap. and here's the thing, I didn't tell anyone my actual route today bc I changed it last minute from the lower loop, my phone's dead bc I forgot to charge it after yesterday's run, and there's literally no tree cover or bailout point for like 2 more miles either direction. I just kept running bc turning around felt just as exposed as pushing through, ended up basically sprinting the ridge section trying to outrun a literal thunderstorm which, in retrospect, extremely not the move. made it down fine this time but ngl my hands were shaking after and not from the cold. lesson learned I guess, gonna actually tell people my route from now on.",3,easy,,long,3,,,4,
S09_040,S09,score,How risky is the described outdoor activity for the people involved?,0 = Negligible risk: routine activity in safe conditions | 1 = Low risk: minor hazards that are well managed | 2 = Elevated risk: notable hazards or missing precautions that could cause injury | 3 = Severe risk: conditions or behavior likely to cause serious injury or death,"Sunday's session covers the groomed intermediate runs on the north face, primarily Cascade and Juniper, both machine-groomed overnight with corduroy conditions reported as of the 6am snow report. Base depth is 85 cm with a firm, consolidated base layer beneath 12 cm of fresh overnight snow, which the resort's avalanche and grooming team classify as stable for in-bounds terrain; no backcountry or sidecountry sections are on the itinerary. Two sections of the run have exposed ice patches near the tree line, both flagged with standard orange bamboo markers per resort protocol as of this morning's patrol sweep. Visibility is forecast at good to excellent, with cloud ceiling above 3,000 m and winds under 10 km/h at ridge level, meaning lift operations should run without weather holds. Each participant will carry a trail map and be briefed on the two flagged sections before departure from the base lodge. Ski patrol maintains active coverage on both runs throughout the operating day, with the nearest patrol hut roughly 400 m from the midpoint of Juniper. Equipment checks, including binding DIN settings appropriate to each skier's ability level, will be completed at the rental counter prior to boarding the lift. Given the groomed surface, marked hazards, active patrol presence, and stable snowpack conditions, this outing is calibrated for early-intermediate skiers, with one instructor accompanying the group for the full session.",1,medium,,long,1,audit,,4,
S09_041,S09,score,How risky is the described outdoor activity for the people involved?,0 = Negligible risk: routine activity in safe conditions | 1 = Low risk: minor hazards that are well managed | 2 = Elevated risk: notable hazards or missing precautions that could cause injury | 3 = Severe risk: conditions or behavior likely to cause serious injury or death,"It's really just a quick little run, five minutes tops — except it's the closed backside bowl under today's high avalanche warning, and I'm going alone, ducking the rope while patrol's on lunch.",3,hard,distractor,short,3,,,4,
S09_043,S09,score,How risky is the described outdoor activity for the people involved?,0 = Negligible risk: routine activity in safe conditions | 1 = Low risk: minor hazards that are well managed | 2 = Elevated risk: notable hazards or missing precautions that could cause injury | 3 = Severe risk: conditions or behavior likely to cause serious injury or death,"The campsite we've reserved for the long weekend sits at 1,140 feet of elevation in the foothills, which after some initial hand-wringing among the group chat turned out to be low enough that none of the altitude concerns anyone raised actually apply — that's barely higher than the parking lot at the trailhead we use every month. The overnight forecast has lows around 58°F both nights, comfortably within range for the standard three-season sleeping bags everyone already owns, no special gear needed. The one water crossing on the access trail, which sounds more dramatic in the campground description than it turns out to be, is a seasonal creek currently running at about 3 inches deep according to the ranger station's update from this morning, easily stepped across on the exposed rocks without even getting our boots wet. The site itself is 0.4 miles from the main parking area on a wide, well-graded gravel path, and there's a ranger station staffed daily from 8am to 6pm just past the trailhead. Cell coverage, somewhat unusually for this area, is full strength the entire way in, according to three different people who checked their phones on the drive up last weekend. We're bringing the usual gear, nothing beyond what we'd pack for any mild-weather weekend, and honestly the biggest planning question left on the group chat is whether to bring the folding chairs or the hammocks, which feels like the right kind of problem to have.",0,hard,numbers,long,0,,,4,
S09_044,S09,score,How risky is the described outdoor activity for the people involved?,0 = Negligible risk: routine activity in safe conditions | 1 = Low risk: minor hazards that are well managed | 2 = Elevated risk: notable hazards or missing precautions that could cause injury | 3 = Severe risk: conditions or behavior likely to cause serious injury or death,"Can't wait for the canyon rim hike Saturday! Heads up though, the exposed switchback section has zero guardrail and gets loose gravel underfoot, so wear real boots, not sandals like last time!",2,easy,,short,2,queue,,4,
S09_045,S09,score,How risky is the described outdoor activity for the people involved?,0 = Negligible risk: routine activity in safe conditions | 1 = Low risk: minor hazards that are well managed | 2 = Elevated risk: notable hazards or missing precautions that could cause injury | 3 = Severe risk: conditions or behavior likely to cause serious injury or death,"Saturday session: beginner kayak clinic at Lake Verdon, 9am to noon. Water temperature 74°F, air temperature 78°F, no wind advisory in effect. Lake is spring-fed, average depth 4 feet across the entire cove where the clinic runs, maximum depth anywhere in the bounded area is 6 feet. Six participants, one certified instructor, one assistant on the dock. Each kayak stays within the marked swim-cove boundary, roped off with buoys 40 yards from shore. Personal flotation devices required and checked before launch; instructor confirms fit on each participant individually. No boat traffic permitted inside the buoy line per marina rules. Paddles are the stable, wide-hulled recreational type, not touring kayaks. Forecast shows clear skies through the afternoon, zero chance of precipitation, wind under 5 mph all day. Lifeguard stationed on the dock for the full session. Participants practice basic strokes, capsize recovery in three feet of water near the dock, and re-entry technique with the instructor spotting each attempt. Break for lunch at noon, gear returned to the rental shed, kayaks hosed down and racked. Marina staff log each participant in and out. Nearest parking lot is adjacent to the dock, thirty seconds' walk. Cell service is full strength throughout the cove. No prior kayaking experience required for this session; it's designed as an introduction. Session wraps by 12:30, well within the three-hour rental window.",0,easy,,long,0,,,4,
S09_046,S09,score,How risky is the described outdoor activity for the people involved?,0 = Negligible risk: routine activity in safe conditions | 1 = Low risk: minor hazards that are well managed | 2 = Elevated risk: notable hazards or missing precautions that could cause injury | 3 = Severe risk: conditions or behavior likely to cause serious injury or death,"Fishing off the reinforced, chest-high-railed pier at Cormorant Bay this evening, life vest on per marina policy — current picks up near the pilings after dark, so we're packing up well before dusk regardless.",1,easy,,short,1,,,4,
S09_047,S09,score,How risky is the described outdoor activity for the people involved?,0 = Negligible risk: routine activity in safe conditions | 1 = Low risk: minor hazards that are well managed | 2 = Elevated risk: notable hazards or missing precautions that could cause injury | 3 = Severe risk: conditions or behavior likely to cause serious injury or death,"Route: Foxglove Meadow Loop, 2.1 miles, gross elevation gain 140 ft on paved and hard-packed gravel surface with no sustained grade above 4%. Trailhead elevation is 610 ft, the trail is rated accessible-grade by the parks department, and it's mowed and inspected weekly. Forecast for the 10am departure is 68°F, clear, with wind at 3 mph; there are no water crossings or exposed sections, and cell coverage is continuous the entire way. Benches appear roughly every quarter mile, and the group of four should finish in about 45 minutes at a casual pace, well within daylight, with nothing beyond standard walking shoes required.",0,easy,,medium,0,,,4,
S09_050,S09,score,How risky is the described outdoor activity for the people involved?,0 = Negligible risk: routine activity in safe conditions | 1 = Low risk: minor hazards that are well managed | 2 = Elevated risk: notable hazards or missing precautions that could cause injury | 3 = Severe risk: conditions or behavior likely to cause serious injury or death,"same trail as tuesdays, told sara what loop im doin and when im back cuz phone signal drops past the second bridge, taped my ankle after tweakin it last week, back before the trail gates lock at dusk",1,hard,implicit,short,1,queue,,4,
S09_051,S09,score,How risky is the described outdoor activity for the people involved?,0 = Negligible risk: routine activity in safe conditions | 1 = Low risk: minor hazards that are well managed | 2 = Elevated risk: notable hazards or missing precautions that could cause injury | 3 = Severe risk: conditions or behavior likely to cause serious injury or death,"Today's plan: three laps on the Harlow Peak backside trees, accessed via the unpatrolled gate past lift 4. This zone is inbounds but not part of the daily grooming or avalanche mitigation route; ski patrol sweeps it only on request, not on a fixed schedule. Snow report shows 18 cm of new snow over a wind-affected crust, with isolated rocks exposed near the ridge where coverage is thin. Two of us skiing together, no radios, relying on cell service which drops intermittently in the lower gully. Neither of us is carrying a beacon, shovel, or probe; this is inbounds terrain so the resort doesn't require it, though the trail map notes 'variable conditions, ski with caution' at this access gate. Visibility is good, winds calm, temperature 22°F. We checked the base area board, which lists this zone as open with no closures, but the last patrol note on the board is from two days ago. The terrain funnels into a narrow gully about two-thirds of the way down, maybe 15 feet wide at its pinch point, with exposed boulders on both sides where the snow has scoured thin. We plan to space out through that section and regroup at the bottom where it opens back onto the groomed run to the lodge. No lessons or instructor involved; both of us are intermediate-to-advanced skiers who've done this run a handful of times before, though not this season. First run starts at 10am.",2,easy,,long,2,queue,,4,
S09_052,S09,score,How risky is the described outdoor activity for the people involved?,0 = Negligible risk: routine activity in safe conditions | 1 = Low risk: minor hazards that are well managed | 2 = Elevated risk: notable hazards or missing precautions that could cause injury | 3 = Severe risk: conditions or behavior likely to cause serious injury or death,"took the avalanche safety course two winters ago so i know the drill, transceiver practice and all that, figured that counts for something today. patrol posted high avy danger this morning and closed the summit access gate, rope's up with the sign, but the traverse around the backside ridge into blackfin bowl isnt actually roped off, technically its just 'not recommended,' so i figured the course cert makes it fine to duck around and drop in anyway. going alone, told nobody where im headed cuz everyones busy today and i didnt wanna wait around. wind's been loading the lee side of that bowl since like 4am accordin to the weather station, cornice over the entrance looked bigger than last time i seen it, maybe 6 feet of overhang now. no beacon on me today tho, left my pack in the truck by accident and didnt wanna hike back up for it, figured one run cant hurt. visibility droppin in and out, cloud ceiling keeps swallowin the ridge line every ten minutes or so. the entry chute necks down to maybe 8 feet wide between two rock bands before it opens into the bowl proper, thats the part that always gets me a lil nervous ngl. no cell signal out there either, checked before i left the lot. figure ill just go fast and get thru the exposed part quick, thats basically a safety plan right. patrol wont even know im out there til im back at the lodge for lunch.",3,hard,distractor,long,3,,,4,
S09_054,S09,score,How risky is the described outdoor activity for the people involved?,0 = Negligible risk: routine activity in safe conditions | 1 = Low risk: minor hazards that are well managed | 2 = Elevated risk: notable hazards or missing precautions that could cause injury | 3 = Severe risk: conditions or behavior likely to cause serious injury or death,"We shall pitch our tent a mere 0.2 miles from the car park, with the overnight low forecast at a mild 61 degrees and scarcely a breath of wind expected before our departure at nine tomorrow morning.",0,hard,numbers,short,0,,,4,
S09_056,S09,score,How risky is the described outdoor activity for the people involved?,0 = Negligible risk: routine activity in safe conditions | 1 = Low risk: minor hazards that are well managed | 2 = Elevated risk: notable hazards or missing precautions that could cause injury | 3 = Severe risk: conditions or behavior likely to cause serious injury or death,"Rip current advisory's up at Crescent Bay and the lifeguard tower's empty for the season, but sure, let's do our usual mile swim out past the sandbar anyway, what's the worst that happens.",3,easy,,short,2,queue,,4,
S09_057,S09,score,How risky is the described outdoor activity for the people involved?,0 = Negligible risk: routine activity in safe conditions | 1 = Low risk: minor hazards that are well managed | 2 = Elevated risk: notable hazards or missing precautions that could cause injury | 3 = Severe risk: conditions or behavior likely to cause serious injury or death,"Heading back to Larkspur Cove for a swim before breakfast — it's the calm little inlet by the marina, lifeguard's already up in the chair, and Priya's coming along like every Sunday for our usual loop around the buoys.",0,medium,,short,0,,,4,
S09_059,S09,score,How risky is the described outdoor activity for the people involved?,0 = Negligible risk: routine activity in safe conditions | 1 = Low risk: minor hazards that are well managed | 2 = Elevated risk: notable hazards or missing precautions that could cause injury | 3 = Severe risk: conditions or behavior likely to cause serious injury or death,"So excited for our camping trip tomorrow, it's going to be so nice to unplug for a couple days! The ranger mentioned there's been a raccoon or two getting into unlocked coolers lately, so we grabbed a proper bear box this year just in case, and we're keeping all the food sealed up overnight like they suggested. Other than that it's our usual spot by the lake, flat ground, easy walk from the car, nothing fancy. Can't wait, packing the marshmallows as we speak!",1,medium,,medium,1,queue,,4,True
S09_060,S09,score,How risky is the described outdoor activity for the people involved?,0 = Negligible risk: routine activity in safe conditions | 1 = Low risk: minor hazards that are well managed | 2 = Elevated risk: notable hazards or missing precautions that could cause injury | 3 = Severe risk: conditions or behavior likely to cause serious injury or death,"Tonight's ride includes about four hundred meters along Route 9 where there's no shoulder, so we're dropping into single file with blinking taillights on before we get there and regrouping once we're past it.",1,medium,,short,1,queue,,4,True
S09_062,S09,score,How risky is the described outdoor activity for the people involved?,0 = Negligible risk: routine activity in safe conditions | 1 = Low risk: minor hazards that are well managed | 2 = Elevated risk: notable hazards or missing precautions that could cause injury | 3 = Severe risk: conditions or behavior likely to cause serious injury or death,"- East face route again this weekend, 40 meters, three bolted pitches, same team as always
- Skipping helmets today since it's just top-roping and everyone forgot to grab them
- Anchors and ropes all inspected and fine, no concerns there
- Loose scree at the base where the trail approaches, a few slips already this season",2,medium,,medium,2,,,4,True
S10_000,S10,score,How experienced in the hobby is the person who wrote this post?,"0 = Complete beginner: brand new, does not know basic terminology | 1 = Novice: knows a few basic terms but struggles with fundamentals | 2 = Advanced beginner: understands the basics and is learning to apply them | 3 = Intermediate: comfortable with core techniques, working on refinement | 4 = Advanced amateur: deep technical knowledge, specialized equipment, consistent results | 5 = Semi-professional: occasionally paid for the work, discusses workflow and clients | 6 = Seasoned expert: many years of experience, teaches others, industry-level nuance","I've had my 8-inch Dobsonian for a little over two years now, and I finally feel like I'm past the frustrating fumbling-around stage. Star-hopping to the brighter Messier targets doesn't require a printed chart anymore; I can get from Polaris to M81 and M82 using naked-eye guide stars alone, and on a clear night I can usually track down six or seven deep-sky objects before my eyes start giving out. Saturn's rings and the Cassini division show up crisply once the scope's had time to cool down to ambient temperature, which took me embarrassingly long to figure out was even a thing I needed to do.

Lately I've been spending more time comparing eyepieces than actually observing, if I'm honest. My old 25mm Plossl does fine for wide fields, but I picked up a 10mm wide-angle a few months back and the extra apparent field makes a real difference on planetary detail. I still collimate with a basic Cheshire rather than a laser, mostly because I want to get faster and more consistent at doing it by eye before I add another gadget to the routine. Averted vision for faint fuzzies like the Ring Nebula is finally starting to click instead of feeling like a party trick I got lucky with.

My next project is dialing in polar alignment well enough to try some short tracked exposures with my phone held up to the eyepiece, just to see what I can pull out of a light-polluted sky before I consider anything more serious.",3,easy,,long,3,,,7,
S10_001,S10,score,How experienced in the hobby is the person who wrote this post?,"0 = Complete beginner: brand new, does not know basic terminology | 1 = Novice: knows a few basic terms but struggles with fundamentals | 2 = Advanced beginner: understands the basics and is learning to apply them | 3 = Intermediate: comfortable with core techniques, working on refinement | 4 = Advanced amateur: deep technical knowledge, specialized equipment, consistent results | 5 = Semi-professional: occasionally paid for the work, discusses workflow and clients | 6 = Seasoned expert: many years of experience, teaches others, industry-level nuance","I keep fish tank more than twenty years now, since I was young man in my country before I move here. Now I have six tanks in my basement, three for breeding the rams and two apisto species that are not so easy, one just for growing out fry until they are big enough to sell to local shop.

Every month the beginner club in my city ask me to come and explain the nitrogen cycle to new members, because many people buy fish same day like the tank and then wonder why everybody die in one week. I try explain slow and simple because I remember when I was also confuse about this many years ago.

Last year I am judge for the small aquascaping contest at the pet expo, this was first time and I was very nervous but the other judges say my notes on the hardscape balance were most detailed of all three judges, ha. My water parameters I do not even test so much anymore because after all this years I know just from looking at the plants and the fish behavior if something is wrong, small things like the tetras staying near the top too much tell me oxygen is maybe low before test kit even show number.

Right now my project is trying to breed the more difficult killifish species, this one is giving me trouble because the eggs need dry period and I still learning best humidity for the peat moss. Even after so many years there is still something new to learn, this is why I still love this hobby so much.",6,medium,,long,6,,,7,
S10_002,S10,score,How experienced in the hobby is the person who wrote this post?,"0 = Complete beginner: brand new, does not know basic terminology | 1 = Novice: knows a few basic terms but struggles with fundamentals | 2 = Advanced beginner: understands the basics and is learning to apply them | 3 = Intermediate: comfortable with core techniques, working on refinement | 4 = Advanced amateur: deep technical knowledge, specialized equipment, consistent results | 5 = Semi-professional: occasionally paid for the work, discusses workflow and clients | 6 = Seasoned expert: many years of experience, teaches others, industry-level nuance","My last three all-grain batches have all finished two or three points higher than my recipe software predicted, so this weekend I'm mashing at 150°F instead of 152°F to isolate whether that's actually driving the extra fermentability before I start adjusting anything else.",3,medium,,short,3,queue,,7,
S10_003,S10,score,How experienced in the hobby is the person who wrote this post?,"0 = Complete beginner: brand new, does not know basic terminology | 1 = Novice: knows a few basic terms but struggles with fundamentals | 2 = Advanced beginner: understands the basics and is learning to apply them | 3 = Intermediate: comfortable with core techniques, working on refinement | 4 = Advanced amateur: deep technical knowledge, specialized equipment, consistent results | 5 = Semi-professional: occasionally paid for the work, discusses workflow and clients | 6 = Seasoned expert: many years of experience, teaches others, industry-level nuance","In four decades at the needles I have taught our guild's Fair Isle workshop every autumn, and I still tell newer members it is float tension, not the pattern, that separates a wearable yoke from a puckered one.",6,medium,,short,6,,,7,
S10_004,S10,score,How experienced in the hobby is the person who wrote this post?,"0 = Complete beginner: brand new, does not know basic terminology | 1 = Novice: knows a few basic terms but struggles with fundamentals | 2 = Advanced beginner: understands the basics and is learning to apply them | 3 = Intermediate: comfortable with core techniques, working on refinement | 4 = Advanced amateur: deep technical knowledge, specialized equipment, consistent results | 5 = Semi-professional: occasionally paid for the work, discusses workflow and clients | 6 = Seasoned expert: many years of experience, teaches others, industry-level nuance","I am baking bread every weekend for three months now, I follow the recipe book and not scared of yeast anymore, but my crust is always too pale even when I bake the full time that the book says.",2,medium,,short,2,,,7,
S10_005,S10,score,How experienced in the hobby is the person who wrote this post?,"0 = Complete beginner: brand new, does not know basic terminology | 1 = Novice: knows a few basic terms but struggles with fundamentals | 2 = Advanced beginner: understands the basics and is learning to apply them | 3 = Intermediate: comfortable with core techniques, working on refinement | 4 = Advanced amateur: deep technical knowledge, specialized equipment, consistent results | 5 = Semi-professional: occasionally paid for the work, discusses workflow and clients | 6 = Seasoned expert: many years of experience, teaches others, industry-level nuance","I've finally stopped adding a mystery stitch every row when I purl, so naturally I've decided the next move is a sweater with set-in sleeves, because apparently three scarves in a row wasn't enough humbling.",2,medium,,short,2,queue,,7,
S10_006,S10,score,How experienced in the hobby is the person who wrote this post?,"0 = Complete beginner: brand new, does not know basic terminology | 1 = Novice: knows a few basic terms but struggles with fundamentals | 2 = Advanced beginner: understands the basics and is learning to apply them | 3 = Intermediate: comfortable with core techniques, working on refinement | 4 = Advanced amateur: deep technical knowledge, specialized equipment, consistent results | 5 = Semi-professional: occasionally paid for the work, discusses workflow and clients | 6 = Seasoned expert: many years of experience, teaches others, industry-level nuance","Let's talk about my shop, because apparently that's the part everyone wants to hear about. I've got a track saw that cost more than my first car, a dust collector with enough suction to reorganize the neighbor's recycling bin, and a benchtop planer I researched for two months before buying. My Instagram followers, all four of them, seem very impressed.

What they don't see is me standing in the garage for twenty minutes trying to remember which way the grain runs before I make a cut, or the pile of 'practice' pocket-hole joints in the scrap bin that are there because my first five attempts split the wood. Last weekend's project was a simple picture ledge, the kind of thing that's basically two boards and a strip of trim, and I still managed to route the rabbet on the wrong edge and have to start the board over.

I watched about six tutorials before I even touched the saw, and I'm still checking a reference chart taped to the wall to remember the difference between a dado and a rabbet, which apparently is a very basic thing to mix up if the comments on my last post are anything to go by. The fancy track saw did make the cut dead straight, I'll give it that, credit where it's due. But straight cuts don't help much when you're not totally sure yet how the joint is supposed to go together in the first place. I'm getting there, slowly, one slightly-too-short board at a time. At least the shop looks professional, even if the guy running it very much is not.",2,hard,distractor,long,2,audit,,7,
S10_007,S10,score,How experienced in the hobby is the person who wrote this post?,"0 = Complete beginner: brand new, does not know basic terminology | 1 = Novice: knows a few basic terms but struggles with fundamentals | 2 = Advanced beginner: understands the basics and is learning to apply them | 3 = Intermediate: comfortable with core techniques, working on refinement | 4 = Advanced amateur: deep technical knowledge, specialized equipment, consistent results | 5 = Semi-professional: occasionally paid for the work, discusses workflow and clients | 6 = Seasoned expert: many years of experience, teaches others, industry-level nuance","So my neighbor asked why my tomatoes always come in three weeks before hers, and honestly it comes down to years of tweaking — I start seedlings under grow lights in February, harden them off on a schedule taped to the greenhouse door, and I run a soil test every spring so I know exactly what the beds are short on before I amend anything. I save seed from my best-performing plants every year now, so my strain of Brandywine has basically adapted itself to my specific yard. It's not magic, it's just a decade of writing down what worked and what didn't.",4,easy,,medium,4,,,7,
S10_008,S10,score,How experienced in the hobby is the person who wrote this post?,"0 = Complete beginner: brand new, does not know basic terminology | 1 = Novice: knows a few basic terms but struggles with fundamentals | 2 = Advanced beginner: understands the basics and is learning to apply them | 3 = Intermediate: comfortable with core techniques, working on refinement | 4 = Advanced amateur: deep technical knowledge, specialized equipment, consistent results | 5 = Semi-professional: occasionally paid for the work, discusses workflow and clients | 6 = Seasoned expert: many years of experience, teaches others, industry-level nuance","okay so I planted the tomatoes like the tag said and watered them basically every day because I figured more water is better right, but now the leaves are all yellow and droopy and I don't get it, my sister said something about them needing 'full sun' but our spot gets shade in the morning so I don't know if that counts or not, and I still can't tell you what the difference between potting soil and garden soil actually is honestly.",1,medium,,medium,1,,,7,
S10_009,S10,score,How experienced in the hobby is the person who wrote this post?,"0 = Complete beginner: brand new, does not know basic terminology | 1 = Novice: knows a few basic terms but struggles with fundamentals | 2 = Advanced beginner: understands the basics and is learning to apply them | 3 = Intermediate: comfortable with core techniques, working on refinement | 4 = Advanced amateur: deep technical knowledge, specialized equipment, consistent results | 5 = Semi-professional: occasionally paid for the work, discusses workflow and clients | 6 = Seasoned expert: many years of experience, teaches others, industry-level nuance","I've dialed back my nitrogen feed on the peppers now that they're flowering, since I know from past seasons that too much nitrogen this late just pushes foliage instead of fruit set.",3,easy,,short,3,queue,,7,
S10_010,S10,score,How experienced in the hobby is the person who wrote this post?,"0 = Complete beginner: brand new, does not know basic terminology | 1 = Novice: knows a few basic terms but struggles with fundamentals | 2 = Advanced beginner: understands the basics and is learning to apply them | 3 = Intermediate: comfortable with core techniques, working on refinement | 4 = Advanced amateur: deep technical knowledge, specialized equipment, consistent results | 5 = Semi-professional: occasionally paid for the work, discusses workflow and clients | 6 = Seasoned expert: many years of experience, teaches others, industry-level nuance","I've been working through Guitar Method Book 2 for about four months now, and I've settled into a practice routine I track pretty carefully: fifteen minutes of chord-switching drills at 60 BPM on the metronome, ten minutes of the songs assigned for the week, and five minutes just noodling to keep it fun. I've got the open chords down cold — G, C, D, Em, Am — and my transitions between them are finally clean enough that a simple song doesn't fall apart every four bars.

Barre chords are where things get interesting. I can hold an F chord for maybe two full strums before my hand cramps up, and my index finger buzzes on the high E string more often than not. I've read that it's mostly about hand position and finger strength rather than brute force, so I've been doing isolated barre drills for five minutes a day separate from regular practice, tracking how many clean strums I get before the buzz starts. Last week it was three strums, this week it's five, so at least the data point is trending the right direction.

I also picked up a cheap capo and I'm slowly working out which songs from my practice list get easier to sing along to when I move the chord shapes up the neck. Still very much in the phase where I have to look at a chord chart taped above my music stand for anything beyond the five chords I've drilled into muscle memory, but the progress feels measurable now instead of random, which helps with the motivation problem more than I expected.",2,easy,,long,2,,,7,
S10_011,S10,score,How experienced in the hobby is the person who wrote this post?,"0 = Complete beginner: brand new, does not know basic terminology | 1 = Novice: knows a few basic terms but struggles with fundamentals | 2 = Advanced beginner: understands the basics and is learning to apply them | 3 = Intermediate: comfortable with core techniques, working on refinement | 4 = Advanced amateur: deep technical knowledge, specialized equipment, consistent results | 5 = Semi-professional: occasionally paid for the work, discusses workflow and clients | 6 = Seasoned expert: many years of experience, teaches others, industry-level nuance","ok so ive been gardening for like 18 years now (started as a kid helping my grandma lol) and these days i run the demo beds at the community garden every spring — teaching the new volunteers succession planting, how to actually read a soil test, all that. still get way too hyped when the first tomatoes come in every year ngl, eighteen years in and it hasn't gotten old.",6,easy,,medium,6,,,7,
S10_012,S10,score,How experienced in the hobby is the person who wrote this post?,"0 = Complete beginner: brand new, does not know basic terminology | 1 = Novice: knows a few basic terms but struggles with fundamentals | 2 = Advanced beginner: understands the basics and is learning to apply them | 3 = Intermediate: comfortable with core techniques, working on refinement | 4 = Advanced amateur: deep technical knowledge, specialized equipment, consistent results | 5 = Semi-professional: occasionally paid for the work, discusses workflow and clients | 6 = Seasoned expert: many years of experience, teaches others, industry-level nuance","Quick question for anyone who's dealt with this before — feels dumb to even ask but it's bugging me.

Background on my setup, for context:
- Running the bread program at a 40-seat cafe for going on eleven years now, three ovens, roughly 200 loaves a day between the sourdough country loaf, a rye, and a rotating special
- Hydration on the country loaf sits at 78%, and I adjust it in quarter-percent increments depending on ambient humidity in the bakery, which I log every morning before I start
- I trained two apprentices last year who now run their own small operations, so I'm used to explaining this stuff from scratch when needed

The actual question:
- Starting last month, my usual flour supplier's all-purpose flour has been absorbing noticeably less water than before, maybe half a percent difference, even though the bag still lists the same protein content
- I've ruled out my scale (recalibrated it), my starter (same activity levels, same float test results, same rise timing), and my oven (steam injection timing unchanged)
- Anyone know if mills sometimes shift the protein blend slightly within a stated range without changing the label, or is this more likely a milling date or storage humidity issue on their end?

I know it sounds like a beginner question — ""why is my dough acting different"" — but I've been chasing consistency on this recipe for over a decade and a half-percent shift is enough to throw off my whole morning bake schedule if I don't catch it early. Just trying to figure out if I need to call the mill or just adjust my formula going forward.",6,hard,distractor,long,6,,,7,
S10_013,S10,score,How experienced in the hobby is the person who wrote this post?,"0 = Complete beginner: brand new, does not know basic terminology | 1 = Novice: knows a few basic terms but struggles with fundamentals | 2 = Advanced beginner: understands the basics and is learning to apply them | 3 = Intermediate: comfortable with core techniques, working on refinement | 4 = Advanced amateur: deep technical knowledge, specialized equipment, consistent results | 5 = Semi-professional: occasionally paid for the work, discusses workflow and clients | 6 = Seasoned expert: many years of experience, teaches others, industry-level nuance","Funny enough, after twenty-some years behind the camera I still get a kick out of mentoring the newer shooters at the co-op — nothing beats watching someone finally get why I keep telling them to meter for the highlights first!",6,medium,,short,6,,,7,
S10_014,S10,score,How experienced in the hobby is the person who wrote this post?,"0 = Complete beginner: brand new, does not know basic terminology | 1 = Novice: knows a few basic terms but struggles with fundamentals | 2 = Advanced beginner: understands the basics and is learning to apply them | 3 = Intermediate: comfortable with core techniques, working on refinement | 4 = Advanced amateur: deep technical knowledge, specialized equipment, consistent results | 5 = Semi-professional: occasionally paid for the work, discusses workflow and clients | 6 = Seasoned expert: many years of experience, teaches others, industry-level nuance","So my coworker Denise has apparently decided that this is the year I get a hobby, because apparently 'doom-scrolling on my lunch break' doesn't count as one, which, fair, but also rude. She's been going on about this for weeks now, ever since the office got that new coffee machine that nobody can figure out how to descale, which is a whole separate saga involving a strongly worded email chain and at least one passive-aggressive sticky note.

Anyway, she showed up on Tuesday with a bag from the craft store and just plopped it on my desk like that settles things. There's yarn in there, some kind of soft blue stuff, and two long sticks that I guess are supposed to be needles, though they don't look anything like sewing needles, which is the only kind of needle I was previously aware existed. I genuinely do not understand why there are two of them. Is that normal? Does something break if you only use one?

Also in the bag was a little booklet that might as well be written in a different language — there are abbreviations everywhere and not one of them is explained anywhere I can find, and a diagram that I think is supposed to show me what to do but mostly just looks like a chart from a math textbook I hated in high school.

Denise says I'll ""get the hang of it,"" which is what she said about the sourdough starter she gave me two years ago that I'm pretty sure is still sitting dead in my fridge. I have exactly zero idea where to even start with these sticks, but I promised her I'd at least look up a video before giving up entirely, so that's this weekend's problem, I guess.",0,hard,long_irrelevant,long,0,,,7,
S10_016,S10,score,How experienced in the hobby is the person who wrote this post?,"0 = Complete beginner: brand new, does not know basic terminology | 1 = Novice: knows a few basic terms but struggles with fundamentals | 2 = Advanced beginner: understands the basics and is learning to apply them | 3 = Intermediate: comfortable with core techniques, working on refinement | 4 = Advanced amateur: deep technical knowledge, specialized equipment, consistent results | 5 = Semi-professional: occasionally paid for the work, discusses workflow and clients | 6 = Seasoned expert: many years of experience, teaches others, industry-level nuance","Lost to a twelve-year-old in a simul yesterday, which is humbling, but at least the three private students I coach on the side paid on time this month, so I'll take the trade.",5,hard,distractor,short,5,queue,,7,
S10_017,S10,score,How experienced in the hobby is the person who wrote this post?,"0 = Complete beginner: brand new, does not know basic terminology | 1 = Novice: knows a few basic terms but struggles with fundamentals | 2 = Advanced beginner: understands the basics and is learning to apply them | 3 = Intermediate: comfortable with core techniques, working on refinement | 4 = Advanced amateur: deep technical knowledge, specialized equipment, consistent results | 5 = Semi-professional: occasionally paid for the work, discusses workflow and clients | 6 = Seasoned expert: many years of experience, teaches others, industry-level nuance","been doing paid outreach nights at the observatory for a coupla years now, bring my own 10in dob, decent side income even if its not my main job",5,easy,,short,5,,,7,
S10_019,S10,score,How experienced in the hobby is the person who wrote this post?,"0 = Complete beginner: brand new, does not know basic terminology | 1 = Novice: knows a few basic terms but struggles with fundamentals | 2 = Advanced beginner: understands the basics and is learning to apply them | 3 = Intermediate: comfortable with core techniques, working on refinement | 4 = Advanced amateur: deep technical knowledge, specialized equipment, consistent results | 5 = Semi-professional: occasionally paid for the work, discusses workflow and clients | 6 = Seasoned expert: many years of experience, teaches others, industry-level nuance",Just wrapped up my third commissioned baby blanket this month — it's wild that people actually pay me for something I used to just do on the couch watching TV!,5,easy,,short,5,,,7,
S10_020,S10,score,How experienced in the hobby is the person who wrote this post?,"0 = Complete beginner: brand new, does not know basic terminology | 1 = Novice: knows a few basic terms but struggles with fundamentals | 2 = Advanced beginner: understands the basics and is learning to apply them | 3 = Intermediate: comfortable with core techniques, working on refinement | 4 = Advanced amateur: deep technical knowledge, specialized equipment, consistent results | 5 = Semi-professional: occasionally paid for the work, discusses workflow and clients | 6 = Seasoned expert: many years of experience, teaches others, industry-level nuance","So this is going to be a bit of a tangent before I get to my actual point, bear with me. My weekend started with my brother-in-law calling me at seven in the morning because his car wouldn't start in my driveway, of all places, and then it turned into this whole thing where we had to jump it three separate times because apparently the battery is basically dead and he just hasn't dealt with it, classic Gary. Anyway, by the time that whole saga wrapped up I'd already missed the farmers market I usually go to on Saturdays, which was annoying because I wanted to grab some of those good peaches before they sold out again like last week.

So I finally got to my actual tanks around noon, which, side note, my youngest daughter has started naming every single fish individually, we're now at forty-one named fish and she gets upset if I mix up which betta is 'Gerald' versus which one is 'Sir Fins-a-Lot,' I did not choose that name, she did.

The reason I was even excited to get to the tanks, though, is that a guy from two towns over reached out because he's setting up his first serious planted tank and wants me to come consult on the hardscape and dosing schedule, paid, which will be my fourth small consulting job this year on top of the fry I sell to the local shop. Not enough to quit my day job by any stretch, but a nice bit of extra income from something I'd be doing anyway.

Anyway, after that I spent the rest of the afternoon trimming stem plants and half-watching a movie with the kids, pretty standard Saturday around here otherwise.",5,hard,long_irrelevant,long,5,queue,,7,
S10_021,S10,score,How experienced in the hobby is the person who wrote this post?,"0 = Complete beginner: brand new, does not know basic terminology | 1 = Novice: knows a few basic terms but struggles with fundamentals | 2 = Advanced beginner: understands the basics and is learning to apply them | 3 = Intermediate: comfortable with core techniques, working on refinement | 4 = Advanced amateur: deep technical knowledge, specialized equipment, consistent results | 5 = Semi-professional: occasionally paid for the work, discusses workflow and clients | 6 = Seasoned expert: many years of experience, teaches others, industry-level nuance","This weekend was very busy for me, not because of fish but because my cousin is visit from overseas and I must show him all around the city, we go to the big market, we eat too much food at the noodle place he like so much, and also his flight was delay four hours so I wait at airport very long time with nothing to do except scroll on phone.

Also my car is making strange noise again, the mechanic say maybe is the belt but he is not sure yet, he want me bring it back next week for look more careful. This is already third time this year something wrong with this car, I think maybe is time for new one but money is tight right now so we will see.

Oh, also for the tank, I finally get comfortable now doing water change every week without checking instruction every time, I know my routine good now. I am working on getting my CO2 dosing more consistent though because my plants still melting little bit when I am not careful with the timing, this is thing I am trying fix for maybe two month now. Other than this I mostly just busy with family stuff this week, cousin leave on Thursday so after that things go back to normal I hope.

Anyway hope everyone have good weekend, mine was tiring but nice to see family even with all the running around.",3,hard,long_irrelevant,long,3,queue,,7,
S10_022,S10,score,How experienced in the hobby is the person who wrote this post?,"0 = Complete beginner: brand new, does not know basic terminology | 1 = Novice: knows a few basic terms but struggles with fundamentals | 2 = Advanced beginner: understands the basics and is learning to apply them | 3 = Intermediate: comfortable with core techniques, working on refinement | 4 = Advanced amateur: deep technical knowledge, specialized equipment, consistent results | 5 = Semi-professional: occasionally paid for the work, discusses workflow and clients | 6 = Seasoned expert: many years of experience, teaches others, industry-level nuance","Hey all! Finally learned how castling actually works last week (still mixing up kingside and queenside half the time, oops) and I'm trying to understand why everyone keeps telling me not to bring my queen out too early — like, isn't she the strongest piece, shouldn't she just go fight? Anyway loving the learning process even when I lose in like ten moves lol.",1,medium,,medium,1,,,7,
S10_023,S10,score,How experienced in the hobby is the person who wrote this post?,"0 = Complete beginner: brand new, does not know basic terminology | 1 = Novice: knows a few basic terms but struggles with fundamentals | 2 = Advanced beginner: understands the basics and is learning to apply them | 3 = Intermediate: comfortable with core techniques, working on refinement | 4 = Advanced amateur: deep technical knowledge, specialized equipment, consistent results | 5 = Semi-professional: occasionally paid for the work, discusses workflow and clients | 6 = Seasoned expert: many years of experience, teaches others, industry-level nuance","The through-dovetails on the drawer fronts came out tight enough that I didn't need any glue to hold the joint while I checked the fit, though I'm still not happy with how the pins line up on the back corner.",3,hard,implicit,short,3,queue,,7,
S10_024,S10,score,How experienced in the hobby is the person who wrote this post?,"0 = Complete beginner: brand new, does not know basic terminology | 1 = Novice: knows a few basic terms but struggles with fundamentals | 2 = Advanced beginner: understands the basics and is learning to apply them | 3 = Intermediate: comfortable with core techniques, working on refinement | 4 = Advanced amateur: deep technical knowledge, specialized equipment, consistent results | 5 = Semi-professional: occasionally paid for the work, discusses workflow and clients | 6 = Seasoned expert: many years of experience, teaches others, industry-level nuance","I got a camera for my birthday and I've been leaving it on whatever mode it came with, since I don't know what half the buttons on top even do yet.",0,medium,,short,0,,,7,
S10_025,S10,score,How experienced in the hobby is the person who wrote this post?,"0 = Complete beginner: brand new, does not know basic terminology | 1 = Novice: knows a few basic terms but struggles with fundamentals | 2 = Advanced beginner: understands the basics and is learning to apply them | 3 = Intermediate: comfortable with core techniques, working on refinement | 4 = Advanced amateur: deep technical knowledge, specialized equipment, consistent results | 5 = Semi-professional: occasionally paid for the work, discusses workflow and clients | 6 = Seasoned expert: many years of experience, teaches others, industry-level nuance","Switched to a two-stage fermentation this batch after reading it helps with clarity, racked to secondary at day ten, still following the timeline from the kit instructions exactly.",2,hard,implicit,short,2,queue,,7,
S10_026,S10,score,How experienced in the hobby is the person who wrote this post?,"0 = Complete beginner: brand new, does not know basic terminology | 1 = Novice: knows a few basic terms but struggles with fundamentals | 2 = Advanced beginner: understands the basics and is learning to apply them | 3 = Intermediate: comfortable with core techniques, working on refinement | 4 = Advanced amateur: deep technical knowledge, specialized equipment, consistent results | 5 = Semi-professional: occasionally paid for the work, discusses workflow and clients | 6 = Seasoned expert: many years of experience, teaches others, industry-level nuance","My rating's been sitting around 1500 for a few months now, so I've started studying rook endgames specifically since that's clearly where I'm losing the most points.",3,easy,,short,3,,,7,
S10_027,S10,score,How experienced in the hobby is the person who wrote this post?,"0 = Complete beginner: brand new, does not know basic terminology | 1 = Novice: knows a few basic terms but struggles with fundamentals | 2 = Advanced beginner: understands the basics and is learning to apply them | 3 = Intermediate: comfortable with core techniques, working on refinement | 4 = Advanced amateur: deep technical knowledge, specialized equipment, consistent results | 5 = Semi-professional: occasionally paid for the work, discusses workflow and clients | 6 = Seasoned expert: many years of experience, teaches others, industry-level nuance","Finished processing last week's imaging run on the Veil Nebula and wanted to share the workflow, since a few people asked.

Equipment:
- 6-inch f/4 Newtonian astrograph on an EQ6-R Pro mount, guided with a 60mm guide scope and ASI camera
- Dedicated cooled mono camera at -10°C, filter wheel with Ha/OIII/SII narrowband filters
- Polar aligned with a routine that gets me under 30 arcseconds of error before I start

Capture:
- 3 hours of Ha at 300s subs, 2.5 hours of OIII, 2 hours of SII, all from my backyard with a Bortle 6 sky
- Dithering every 4 frames, autofocus triggered every 90 minutes or on a 1.5°C temperature swing
- Guide RMS held under 0.6 arcseconds most of the night, which I'm pretty happy with

Processing:
- Calibrated with darks, flats, and bias frames in the usual stacking software
- Combined in a modified Hubble palette, SII to red, Ha to green, OIII to blue, then rebalanced
- Star reduction and a mild noise reduction pass, tried to keep it restrained rather than overprocessed

Total integration ended up around 7.5 hours, which is more than I usually manage on a single target but the forecast actually cooperated for once. Happy to share the full processing steps if anyone's curious about a specific stage, I've got most of it written down from doing this enough times now that I don't want to forget my own settings.",4,easy,,long,4,,,7,
S10_028,S10,score,How experienced in the hobby is the person who wrote this post?,"0 = Complete beginner: brand new, does not know basic terminology | 1 = Novice: knows a few basic terms but struggles with fundamentals | 2 = Advanced beginner: understands the basics and is learning to apply them | 3 = Intermediate: comfortable with core techniques, working on refinement | 4 = Advanced amateur: deep technical knowledge, specialized equipment, consistent results | 5 = Semi-professional: occasionally paid for the work, discusses workflow and clients | 6 = Seasoned expert: many years of experience, teaches others, industry-level nuance","Finally got the new pedalboard wired during nap time, took a while to get the buffer placement right so the delay trails don't get muddy switching to overdrive mid-song at practice tonight.",4,hard,implicit,short,4,queue,,7,
S10_029,S10,score,How experienced in the hobby is the person who wrote this post?,"0 = Complete beginner: brand new, does not know basic terminology | 1 = Novice: knows a few basic terms but struggles with fundamentals | 2 = Advanced beginner: understands the basics and is learning to apply them | 3 = Intermediate: comfortable with core techniques, working on refinement | 4 = Advanced amateur: deep technical knowledge, specialized equipment, consistent results | 5 = Semi-professional: occasionally paid for the work, discusses workflow and clients | 6 = Seasoned expert: many years of experience, teaches others, industry-level nuance",I play chess for 25 years now. I coach young players for our national junior team and write endgame articles for a chess magazine.,6,easy,,short,6,,,7,
S10_030,S10,score,How experienced in the hobby is the person who wrote this post?,"0 = Complete beginner: brand new, does not know basic terminology | 1 = Novice: knows a few basic terms but struggles with fundamentals | 2 = Advanced beginner: understands the basics and is learning to apply them | 3 = Intermediate: comfortable with core techniques, working on refinement | 4 = Advanced amateur: deep technical knowledge, specialized equipment, consistent results | 5 = Semi-professional: occasionally paid for the work, discusses workflow and clients | 6 = Seasoned expert: many years of experience, teaches others, industry-level nuance","Quarterly capacity planning wrapped up later than expected this cycle. Facilities moved our floor's server rack allocation without notice, which meant three of the migration windows we'd scheduled for the CRM cutover had to be pushed by a week, and I spent most of Tuesday reconciling the change log with what actually got provisioned versus what the ticket said. The vendor for the new badge readers also missed their install slot twice, so building access on the east wing is still running on the old system, which is its own minor headache for anyone coming in before seven. I did finally get the expense report from my March conference trip approved, four months after submitting it, so that's one fewer red flag in my inbox. On the home front, the 180-gallon SPS reef I've been running has been steady for fourteen months now -- the calcium reactor and the dual-channel dosing pump keep alkalinity within 0.1 dKH of target without me touching anything, and coral growth has been consistent enough that I've started fragging monthly instead of quarterly. Anyway, back to the grind: the migration retro is Thursday, and I still need to pull the incident timeline together before then, plus draft the postmortem template since apparently nobody updated it since the platform switch two years ago. If anyone has a clean postmortem template they don't mind sharing, I'd take it, because rebuilding one from scratch this week is not how I wanted to spend my Wednesday.",4,hard,long_irrelevant,long,4,,,7,
S10_031,S10,score,How experienced in the hobby is the person who wrote this post?,"0 = Complete beginner: brand new, does not know basic terminology | 1 = Novice: knows a few basic terms but struggles with fundamentals | 2 = Advanced beginner: understands the basics and is learning to apply them | 3 = Intermediate: comfortable with core techniques, working on refinement | 4 = Advanced amateur: deep technical knowledge, specialized equipment, consistent results | 5 = Semi-professional: occasionally paid for the work, discusses workflow and clients | 6 = Seasoned expert: many years of experience, teaches others, industry-level nuance","Working through my opening repertoire homework this week:
- Reviewed the main lines of the Italian Game and can reach a decent middlegame now
- Still blundering pieces when I try to calculate more than two moves ahead
- Started applying basic pawn structure principles instead of just grabbing material
- Lost twice today by forgetting to check for back-rank threats before castling",2,easy,,medium,2,queue,,7,
S10_032,S10,score,How experienced in the hobby is the person who wrote this post?,"0 = Complete beginner: brand new, does not know basic terminology | 1 = Novice: knows a few basic terms but struggles with fundamentals | 2 = Advanced beginner: understands the basics and is learning to apply them | 3 = Intermediate: comfortable with core techniques, working on refinement | 4 = Advanced amateur: deep technical knowledge, specialized equipment, consistent results | 5 = Semi-professional: occasionally paid for the work, discusses workflow and clients | 6 = Seasoned expert: many years of experience, teaches others, industry-level nuance","This weekend I finish the walnut sideboard that I plan since three months. I use my own jig for the sliding dovetails on the drawers, I build this jig two years ago after first one from magazine plan did not fit good for my shop clamps. The moisture meter say wood is at 7 percent before I start glue up, this is important because last winter I did not check and one panel crack in springtime, now I always wait until reading is stable for one week.

For the finish I mix my own oil and varnish blend, ratio 1:1:1 with mineral spirit, I test on scrap piece first always. The router table I built myself has micro-adjust screw that I add after watching many tutorial, now my dado depth is same every time, not like before when I measure by eye and get small step between passes.

My neighbor ask why I spend so much money on the dust collection system, but with the cyclone separator my shop air is much more clean and I do not cough anymore after long session. I keep log book for every project now, humidity reading, wood movement, glue open time, this help me a lot when something go wrong and I want to know why.

Next project is the curved staircase rail, I already draw the pattern and cut the bending form from MDF. This one will need steam box I have not use before, so I read forum post from other builders first before I try.",4,medium,,long,4,,,7,
S10_034,S10,score,How experienced in the hobby is the person who wrote this post?,"0 = Complete beginner: brand new, does not know basic terminology | 1 = Novice: knows a few basic terms but struggles with fundamentals | 2 = Advanced beginner: understands the basics and is learning to apply them | 3 = Intermediate: comfortable with core techniques, working on refinement | 4 = Advanced amateur: deep technical knowledge, specialized equipment, consistent results | 5 = Semi-professional: occasionally paid for the work, discusses workflow and clients | 6 = Seasoned expert: many years of experience, teaches others, industry-level nuance","Sure, taking on wedding cake orders as a side gig sounded charming until I had a bride call me at 11pm because her venue changed the delivery window. I've got four regular cafes buying my sourdough boules every Saturday now, which is nice for the bank account, though scaling my starter maintenance to match their order volume without babysitting it constantly took longer to figure out than I'd like to admit.",5,medium,,medium,5,,,7,
S10_035,S10,score,How experienced in the hobby is the person who wrote this post?,"0 = Complete beginner: brand new, does not know basic terminology | 1 = Novice: knows a few basic terms but struggles with fundamentals | 2 = Advanced beginner: understands the basics and is learning to apply them | 3 = Intermediate: comfortable with core techniques, working on refinement | 4 = Advanced amateur: deep technical knowledge, specialized equipment, consistent results | 5 = Semi-professional: occasionally paid for the work, discusses workflow and clients | 6 = Seasoned expert: many years of experience, teaches others, industry-level nuance","I finally memorized where all six open-position chords sit on the fretboard, but my fingers still won't switch between G and C without a noticeable pause every time.",1,easy,,short,1,,,7,
S10_036,S10,score,How experienced in the hobby is the person who wrote this post?,"0 = Complete beginner: brand new, does not know basic terminology | 1 = Novice: knows a few basic terms but struggles with fundamentals | 2 = Advanced beginner: understands the basics and is learning to apply them | 3 = Intermediate: comfortable with core techniques, working on refinement | 4 = Advanced amateur: deep technical knowledge, specialized equipment, consistent results | 5 = Semi-professional: occasionally paid for the work, discusses workflow and clients | 6 = Seasoned expert: many years of experience, teaches others, industry-level nuance","Camera arrived Tuesday. Body is the entry kit with the 18-55 kit lens, memory card was not included so I ordered a 64GB card separately, arrived Thursday. Battery took three hours to charge fully on first cycle, second charge took two hours ten minutes. Strap that came in the box is too short for my neck so I ordered a replacement, still waiting on that. Weather this week has been overcast, temperature in the low fifties, rain expected Friday and Saturday. I tested the camera in the backyard, then at the park two blocks over, then in the kitchen with the window light. I read the manual section on menu navigation twice. Menu has four tabs, shooting, playback, setup, and custom, each with submenus I have not gone through fully yet. The tripod I ordered separately is a basic aluminum one, ships in five business days according to the tracking page. I also picked up a cleaning cloth and a case, both arrived with the card. None of the photos from the park came out sharp, and I still don't understand what the aperture number on the screen actually controls, so I have been leaving the camera on the green auto mode for everything. Next task is to read the section on shutter speed, then move to aperture once that makes sense. Storage on the card is 64GB, camera writes about 25MB per RAW file according to the spec sheet, so that gives roughly 2,400 shots before the card fills, though I have only used about 40 so far. Plan is to test again this weekend if the rain holds off.",1,hard,long_irrelevant,long,1,,,7,
S10_038,S10,score,How experienced in the hobby is the person who wrote this post?,"0 = Complete beginner: brand new, does not know basic terminology | 1 = Novice: knows a few basic terms but struggles with fundamentals | 2 = Advanced beginner: understands the basics and is learning to apply them | 3 = Intermediate: comfortable with core techniques, working on refinement | 4 = Advanced amateur: deep technical knowledge, specialized equipment, consistent results | 5 = Semi-professional: occasionally paid for the work, discusses workflow and clients | 6 = Seasoned expert: many years of experience, teaches others, industry-level nuance","Wrapping up the review of last month's portrait sessions:
- Calibrated all three studio strobes to match color temperature before the shoot, saved about twenty minutes of correction later
- Switched to a gray card reference shot at the start of each session, white balance is consistent across the whole set now
- Sensor cleaning kit paid for itself this month, caught a dust spot pattern before it showed up on thirty frames
- Still deciding between two macro lenses for the product work, borrowing a copy from a colleague to test first",4,medium,,medium,4,queue,,7,
S10_039,S10,score,How experienced in the hobby is the person who wrote this post?,"0 = Complete beginner: brand new, does not know basic terminology | 1 = Novice: knows a few basic terms but struggles with fundamentals | 2 = Advanced beginner: understands the basics and is learning to apply them | 3 = Intermediate: comfortable with core techniques, working on refinement | 4 = Advanced amateur: deep technical knowledge, specialized equipment, consistent results | 5 = Semi-professional: occasionally paid for the work, discusses workflow and clients | 6 = Seasoned expert: many years of experience, teaches others, industry-level nuance","lol had two apprentices today ask why I still cut my mortises by hand instead of using the domino machine we've got sitting right there. told them once you've done like ten thousand of these your hands just know the depth without measuring, it's the same trick my old shop foreman drilled into me back when I ran the joinery floor at the mill. they didn't believe me till I showed em blind, no gauge, dead on every time",6,hard,implicit,medium,6,,,7,
S10_040,S10,score,How experienced in the hobby is the person who wrote this post?,"0 = Complete beginner: brand new, does not know basic terminology | 1 = Novice: knows a few basic terms but struggles with fundamentals | 2 = Advanced beginner: understands the basics and is learning to apply them | 3 = Intermediate: comfortable with core techniques, working on refinement | 4 = Advanced amateur: deep technical knowledge, specialized equipment, consistent results | 5 = Semi-professional: occasionally paid for the work, discusses workflow and clients | 6 = Seasoned expert: many years of experience, teaches others, industry-level nuance","Booked six weekend weddings this fall, on top of my day job. Clients mostly find me through referrals now, which means less time spent on marketing and more on actually editing. My delivery workflow is a culling pass the night of, then color grading in batches over the following week, so I can hand galleries over within ten days without burning out.",5,easy,,medium,5,,,7,
S10_042,S10,score,How experienced in the hobby is the person who wrote this post?,"0 = Complete beginner: brand new, does not know basic terminology | 1 = Novice: knows a few basic terms but struggles with fundamentals | 2 = Advanced beginner: understands the basics and is learning to apply them | 3 = Intermediate: comfortable with core techniques, working on refinement | 4 = Advanced amateur: deep technical knowledge, specialized equipment, consistent results | 5 = Semi-professional: occasionally paid for the work, discusses workflow and clients | 6 = Seasoned expert: many years of experience, teaches others, industry-level nuance","Took the telescope out to my uncle's field again last weekend since the light pollution map showed it was way darker out there than my backyard. Finally got Saturn centered without losing it every time I bumped the tripod, which used to drive me nuts, and I'm starting to get a feel for how much the rings actually show depending on the eyepiece I swap in. Still get turned around trying to star-hop from a bright reference star to fainter targets, so I mostly stick to the planets and the Moon for now while I practice with the star charts.",2,medium,,medium,2,queue,,7,
S10_044,S10,score,How experienced in the hobby is the person who wrote this post?,"0 = Complete beginner: brand new, does not know basic terminology | 1 = Novice: knows a few basic terms but struggles with fundamentals | 2 = Advanced beginner: understands the basics and is learning to apply them | 3 = Intermediate: comfortable with core techniques, working on refinement | 4 = Advanced amateur: deep technical knowledge, specialized equipment, consistent results | 5 = Semi-professional: occasionally paid for the work, discusses workflow and clients | 6 = Seasoned expert: many years of experience, teaches others, industry-level nuance","ok so this is my first time EVER trying to make bread and I'm so lost lol. the recipe keeps saying to 'proof' the yeast and I genuinely don't know what that means, I just dumped it in warm water and hoped for the best?? also what's the difference between kneading and just squishing it around, cause that's basically what I did for five minutes before giving up. wish me luck i guess",0,easy,,medium,0,,,7,
S10_045,S10,score,How experienced in the hobby is the person who wrote this post?,"0 = Complete beginner: brand new, does not know basic terminology | 1 = Novice: knows a few basic terms but struggles with fundamentals | 2 = Advanced beginner: understands the basics and is learning to apply them | 3 = Intermediate: comfortable with core techniques, working on refinement | 4 = Advanced amateur: deep technical knowledge, specialized equipment, consistent results | 5 = Semi-professional: occasionally paid for the work, discusses workflow and clients | 6 = Seasoned expert: many years of experience, teaches others, industry-level nuance","I acquired a modest refractor some months ago, having decided that retirement afforded ample opportunity to take up a pursuit I had long admired from afar. The instrument came with a star chart and a rudimentary instruction booklet, both of which I have consulted rather more than I anticipated. I have, at least, become tolerably familiar with the terms 'eyepiece' and 'finder scope,' though I confess the latter continues to vex me; no matter how carefully I align it in daylight, by the time darkness falls it seems to have wandered off on its own account, and I spend the better part of an evening merely locating the Moon, which I am given to understand ought to be the simplest of targets. My neighbor, a kind young man with considerably more patience than I possess, attempted to explain the business of 'collimation' to me last week, and I nodded along most agreeably while understanding perhaps a third of it. I did manage, after some persistence, to observe Jupiter on a clear night, though it appeared as little more than a bright, featureless dot, and I am told the bands and moons require both a steadier hand and a good deal more practice than I have yet put in. I have ordered a book on the subject, recommended to me at a local astronomy society meeting I attended as a guest, and I intend to apply myself to it properly before the next clear spell, rather than continuing to fumble about by trial and error as I have done thus far.",1,medium,,long,1,queue,,7,
S10_046,S10,score,How experienced in the hobby is the person who wrote this post?,"0 = Complete beginner: brand new, does not know basic terminology | 1 = Novice: knows a few basic terms but struggles with fundamentals | 2 = Advanced beginner: understands the basics and is learning to apply them | 3 = Intermediate: comfortable with core techniques, working on refinement | 4 = Advanced amateur: deep technical knowledge, specialized equipment, consistent results | 5 = Semi-professional: occasionally paid for the work, discusses workflow and clients | 6 = Seasoned expert: many years of experience, teaches others, industry-level nuance","Splurged on hand-dyed merino and rosewood needles for this scarf, but still can't tell if I'm doing knit and purl right -- my rows come out uneven and I've lost count of my stitches three times already.",1,hard,distractor,short,1,audit,,7,
S10_047,S10,score,How experienced in the hobby is the person who wrote this post?,"0 = Complete beginner: brand new, does not know basic terminology | 1 = Novice: knows a few basic terms but struggles with fundamentals | 2 = Advanced beginner: understands the basics and is learning to apply them | 3 = Intermediate: comfortable with core techniques, working on refinement | 4 = Advanced amateur: deep technical knowledge, specialized equipment, consistent results | 5 = Semi-professional: occasionally paid for the work, discusses workflow and clients | 6 = Seasoned expert: many years of experience, teaches others, industry-level nuance","Thursday nights are now officially 'brew night' at the taproom down the street, where I've been running a rotating tap of my saisons and pale ales for about four months, splitting the proceeds with the owner after ingredient costs. Keeping the yeast bank consistent across batches has been the real challenge, since I'm now brewing on a schedule dictated by their pour rate rather than whenever I feel like it, and I've had to start keeping proper batch sheets just to track which starter went into which keg.",5,medium,,medium,5,,,7,
S10_048,S10,score,How experienced in the hobby is the person who wrote this post?,"0 = Complete beginner: brand new, does not know basic terminology | 1 = Novice: knows a few basic terms but struggles with fundamentals | 2 = Advanced beginner: understands the basics and is learning to apply them | 3 = Intermediate: comfortable with core techniques, working on refinement | 4 = Advanced amateur: deep technical knowledge, specialized equipment, consistent results | 5 = Semi-professional: occasionally paid for the work, discusses workflow and clients | 6 = Seasoned expert: many years of experience, teaches others, industry-level nuance","After three years of chasing consistency, I finally built a proper temperature-controlled fermentation chamber out of an old chest freezer and an external controller, and the difference in my lagers has been night and day. I'm now hitting the same attenuation within half a percentage point batch after batch, which used to swing all over the place when I was fermenting in the closet with just a space heater and a lot of hope.

I built a RIMS system this spring too, mostly because I got tired of scorching the bottom of my mash tun during longer rests, and the recirculation loop keeps the temperature dead even across the whole grain bed now, no more hot spots throwing off my conversion efficiency. I log every batch in a spreadsheet with strike temperature, mash pH, gravity readings at each stage, and fermentation temperature curves, which sounds excessive until you're trying to figure out why one batch of the same recipe came out half a point higher on final gravity than the last.

Water chemistry has become its own rabbit hole -- I titrate my sparge water now and adjust with lactic acid and calcium chloride depending on the style, since the tap water report changes slightly by season and I got tired of guessing why my hoppy beers sometimes tasted harsher than others. The last twelve batches have all landed within my target range on both gravity and IBU calculations, which is the first time I've felt like I actually understand what's happening in the kettle rather than just following a recipe and hoping.",4,medium,,long,4,,,7,
S10_049,S10,score,How experienced in the hobby is the person who wrote this post?,"0 = Complete beginner: brand new, does not know basic terminology | 1 = Novice: knows a few basic terms but struggles with fundamentals | 2 = Advanced beginner: understands the basics and is learning to apply them | 3 = Intermediate: comfortable with core techniques, working on refinement | 4 = Advanced amateur: deep technical knowledge, specialized equipment, consistent results | 5 = Semi-professional: occasionally paid for the work, discusses workflow and clients | 6 = Seasoned expert: many years of experience, teaches others, industry-level nuance","Bought a starter kit because a friend said it'd be 'easy,' and now I'm googling what 'specific gravity' even means before I've brewed a single batch. Great start.",0,easy,,short,0,,,7,
S10_050,S10,score,How experienced in the hobby is the person who wrote this post?,"0 = Complete beginner: brand new, does not know basic terminology | 1 = Novice: knows a few basic terms but struggles with fundamentals | 2 = Advanced beginner: understands the basics and is learning to apply them | 3 = Intermediate: comfortable with core techniques, working on refinement | 4 = Advanced amateur: deep technical knowledge, specialized equipment, consistent results | 5 = Semi-professional: occasionally paid for the work, discusses workflow and clients | 6 = Seasoned expert: many years of experience, teaches others, industry-level nuance","First time in the shop today:
- Still not sure which end of the tape measure is actually zero
- Cut my board way short because I didn't understand what 'measure twice' was supposed to prevent",0,easy,,short,0,,,7,
S10_051,S10,score,How experienced in the hobby is the person who wrote this post?,"0 = Complete beginner: brand new, does not know basic terminology | 1 = Novice: knows a few basic terms but struggles with fundamentals | 2 = Advanced beginner: understands the basics and is learning to apply them | 3 = Intermediate: comfortable with core techniques, working on refinement | 4 = Advanced amateur: deep technical knowledge, specialized equipment, consistent results | 5 = Semi-professional: occasionally paid for the work, discusses workflow and clients | 6 = Seasoned expert: many years of experience, teaches others, industry-level nuance","Finally got manual mode to feel natural instead of fumbling with the dial mid-shoot, so now I'm just trying to nail focus faster since the toddler won't hold still for more than two seconds at a time.",3,medium,,short,3,,,7,
S10_052,S10,score,How experienced in the hobby is the person who wrote this post?,"0 = Complete beginner: brand new, does not know basic terminology | 1 = Novice: knows a few basic terms but struggles with fundamentals | 2 = Advanced beginner: understands the basics and is learning to apply them | 3 = Intermediate: comfortable with core techniques, working on refinement | 4 = Advanced amateur: deep technical knowledge, specialized equipment, consistent results | 5 = Semi-professional: occasionally paid for the work, discusses workflow and clients | 6 = Seasoned expert: many years of experience, teaches others, industry-level nuance","I set up my very first fish tank this weekend, a lovely little ten-gallon thing from the pet store, and filled it with water straight from the kitchen tap before adding the fish the same afternoon because the box said it was ready to go. Two of them are floating sideways near the top today and I genuinely do not understand what I did wrong, since the water looks perfectly clear to me, and nobody at the store mentioned anything about waiting or testing before adding anyone to the tank.",0,medium,,medium,0,,,7,
S10_053,S10,score,How experienced in the hobby is the person who wrote this post?,"0 = Complete beginner: brand new, does not know basic terminology | 1 = Novice: knows a few basic terms but struggles with fundamentals | 2 = Advanced beginner: understands the basics and is learning to apply them | 3 = Intermediate: comfortable with core techniques, working on refinement | 4 = Advanced amateur: deep technical knowledge, specialized equipment, consistent results | 5 = Semi-professional: occasionally paid for the work, discusses workflow and clients | 6 = Seasoned expert: many years of experience, teaches others, industry-level nuance","finally got my tension even enough that I stopped ripping back every other row, which feels like a miracle with a toddler climbing on me mid-stitch, and now I'm just trying to get my cables to lie flatter since they still pucker a little compared to the pattern photos, but honestly compared to where I was six months ago just keeping a straight edge on garter stitch, this feels like real progress even if I know I've still got a long way to go before I'd call anything I make actually polished",3,medium,,medium,3,,,7,
S10_054,S10,score,How experienced in the hobby is the person who wrote this post?,"0 = Complete beginner: brand new, does not know basic terminology | 1 = Novice: knows a few basic terms but struggles with fundamentals | 2 = Advanced beginner: understands the basics and is learning to apply them | 3 = Intermediate: comfortable with core techniques, working on refinement | 4 = Advanced amateur: deep technical knowledge, specialized equipment, consistent results | 5 = Semi-professional: occasionally paid for the work, discusses workflow and clients | 6 = Seasoned expert: many years of experience, teaches others, industry-level nuance","Apparently the little horse piece doesn't just move in a straight line like the others, which nobody thought to mention before I lost in four moves to my nephew who is eight.",0,medium,,short,0,,,7,
S10_056,S10,score,How experienced in the hobby is the person who wrote this post?,"0 = Complete beginner: brand new, does not know basic terminology | 1 = Novice: knows a few basic terms but struggles with fundamentals | 2 = Advanced beginner: understands the basics and is learning to apply them | 3 = Intermediate: comfortable with core techniques, working on refinement | 4 = Advanced amateur: deep technical knowledge, specialized equipment, consistent results | 5 = Semi-professional: occasionally paid for the work, discusses workflow and clients | 6 = Seasoned expert: many years of experience, teaches others, industry-level nuance","I have learned, at some cost to my thumb, that a chisel wants pushing away from oneself, though translating that knowledge into a clean corner on this little box has proven rather more elusive than the instructional pamphlet implied.",1,medium,,short,1,queue,,7,
