id,task_id,qid,family,qtype,gold,n_cat,difficulty,hard_type,length,jev_pred,jev_conf,jev_ptop,jev_pgold,luna_pred,luna_conf,luna_ptop,luna_pgold,haiku_pred,jev_expected,luna_expected,jev_p,luna_p,jev_ok,jev_ok1,luna_ok,luna_ok1,haiku_ok,haiku_ok1
C01_000,C01,answer,choice,choice,bug_report,5,easy,-,short,bug_report,1.0,1.0,1.0,bug_report,1.0,1.0,1.0,bug_report,,,,,True,True,True,True,True,True
C01_001,C01,answer,choice,choice,feature_request,5,medium,-,long,feature_request,1.0,1.0,1.0,feature_request,1.0,1.0,1.0,feature_request,,,,,True,True,True,True,True,True
C01_002,C01,answer,choice,choice,account_access,5,medium,-,medium,account_access,0.99,0.99,0.99,account_access,0.54,0.63,0.63,account_access,,,,,True,True,True,True,True,True
C01_003,C01,answer,choice,choice,cancellation,5,hard,distractor,long,cancellation,1.0,1.0,1.0,cancellation,1.0,1.0,1.0,cancellation,,,,,True,True,True,True,True,True
C01_004,C01,answer,choice,choice,feature_request,5,hard,implicit,short,feature_request,1.0,1.0,1.0,feature_request,0.62,0.7,0.7,feature_request,,,,,True,True,True,True,True,True
C01_005,C01,answer,choice,choice,feature_request,5,medium,-,medium,feature_request,1.0,1.0,1.0,feature_request,1.0,1.0,1.0,feature_request,,,,,True,True,True,True,True,True
C01_006,C01,answer,choice,choice,account_access,5,medium,-,medium,account_access,0.75,0.8,0.8,bug_report,0.36,0.49,0.46,account_access,,,,,True,True,False,False,True,True
C01_007,C01,answer,choice,choice,billing,5,hard,distractor,long,billing,1.0,1.0,1.0,billing,1.0,1.0,1.0,billing,,,,,True,True,True,True,True,True
C01_008,C01,answer,choice,choice,account_access,5,easy,-,medium,account_access,1.0,1.0,1.0,account_access,1.0,1.0,1.0,account_access,,,,,True,True,True,True,True,True
C01_009,C01,answer,choice,choice,cancellation,5,medium,-,short,cancellation,1.0,1.0,1.0,cancellation,1.0,1.0,1.0,cancellation,,,,,True,True,True,True,True,True
C01_010,C01,answer,choice,choice,feature_request,5,easy,-,medium,feature_request,1.0,1.0,1.0,feature_request,0.99,0.99,0.99,feature_request,,,,,True,True,True,True,True,True
C01_011,C01,answer,choice,choice,cancellation,5,medium,-,short,cancellation,1.0,1.0,1.0,cancellation,0.99,0.99,0.99,cancellation,,,,,True,True,True,True,True,True
C01_012,C01,answer,choice,choice,bug_report,5,medium,-,medium,bug_report,1.0,1.0,1.0,bug_report,0.99,0.99,0.99,bug_report,,,,,True,True,True,True,True,True
C01_013,C01,answer,choice,choice,bug_report,5,hard,long_irrelevant,long,bug_report,1.0,1.0,1.0,bug_report,1.0,1.0,1.0,bug_report,,,,,True,True,True,True,True,True
C01_014,C01,answer,choice,choice,cancellation,5,easy,-,short,cancellation,1.0,1.0,1.0,cancellation,0.99,0.99,0.99,cancellation,,,,,True,True,True,True,True,True
C01_015,C01,answer,choice,choice,bug_report,5,hard,implicit,short,bug_report,1.0,1.0,1.0,bug_report,0.95,0.96,0.96,bug_report,,,,,True,True,True,True,True,True
C01_016,C01,answer,choice,choice,bug_report,5,medium,-,medium,bug_report,1.0,1.0,1.0,bug_report,1.0,1.0,1.0,bug_report,,,,,True,True,True,True,True,True
C01_017,C01,answer,choice,choice,account_access,5,medium,-,medium,account_access,1.0,1.0,1.0,account_access,1.0,1.0,1.0,account_access,,,,,True,True,True,True,True,True
C01_018,C01,answer,choice,choice,bug_report,5,medium,-,short,bug_report,1.0,1.0,1.0,bug_report,0.96,0.97,0.97,bug_report,,,,,True,True,True,True,True,True
C01_019,C01,answer,choice,choice,cancellation,5,easy,-,medium,cancellation,1.0,1.0,1.0,cancellation,1.0,1.0,1.0,cancellation,,,,,True,True,True,True,True,True
C01_020,C01,answer,choice,choice,feature_request,5,medium,-,medium,feature_request,1.0,1.0,1.0,feature_request,0.99,0.99,0.99,feature_request,,,,,True,True,True,True,True,True
C01_022,C01,answer,choice,choice,cancellation,5,hard,long_irrelevant,long,cancellation,1.0,1.0,1.0,cancellation,1.0,1.0,1.0,cancellation,,,,,True,True,True,True,True,True
C01_024,C01,answer,choice,choice,cancellation,5,easy,-,medium,cancellation,1.0,1.0,1.0,cancellation,1.0,1.0,1.0,cancellation,,,,,True,True,True,True,True,True
C01_025,C01,answer,choice,choice,billing,5,easy,-,long,billing,1.0,1.0,1.0,billing,1.0,1.0,1.0,billing,,,,,True,True,True,True,True,True
C01_026,C01,answer,choice,choice,billing,5,medium,-,medium,billing,1.0,1.0,1.0,billing,1.0,1.0,1.0,billing,,,,,True,True,True,True,True,True
C01_027,C01,answer,choice,choice,bug_report,5,easy,-,short,bug_report,1.0,1.0,1.0,bug_report,1.0,1.0,1.0,bug_report,,,,,True,True,True,True,True,True
C01_028,C01,answer,choice,choice,feature_request,5,easy,-,short,feature_request,1.0,1.0,1.0,feature_request,0.99,0.99,0.99,feature_request,,,,,True,True,True,True,True,True
C01_029,C01,answer,choice,choice,billing,5,easy,-,short,billing,1.0,1.0,1.0,billing,1.0,1.0,1.0,billing,,,,,True,True,True,True,True,True
C01_030,C01,answer,choice,choice,account_access,5,easy,-,short,account_access,1.0,1.0,1.0,account_access,1.0,1.0,1.0,account_access,,,,,True,True,True,True,True,True
C01_031,C01,answer,choice,choice,bug_report,5,medium,-,medium,bug_report,1.0,1.0,1.0,bug_report,0.98,0.98,0.98,bug_report,,,,,True,True,True,True,True,True
C01_032,C01,answer,choice,choice,billing,5,hard,implicit,short,billing,1.0,1.0,1.0,billing,0.99,0.99,0.99,billing,,,,,True,True,True,True,True,True
C01_033,C01,answer,choice,choice,account_access,5,hard,long_irrelevant,long,account_access,1.0,1.0,1.0,account_access,1.0,1.0,1.0,account_access,,,,,True,True,True,True,True,True
C01_034,C01,answer,choice,choice,feature_request,5,easy,-,medium,feature_request,1.0,1.0,1.0,feature_request,0.98,0.98,0.98,feature_request,,,,,True,True,True,True,True,True
C01_035,C01,answer,choice,choice,bug_report,5,hard,distractor,medium,bug_report,1.0,1.0,1.0,bug_report,0.95,0.96,0.96,bug_report,,,,,True,True,True,True,True,True
C01_036,C01,answer,choice,choice,bug_report,5,medium,-,long,bug_report,1.0,1.0,1.0,bug_report,0.96,0.97,0.97,bug_report,,,,,True,True,True,True,True,True
C01_037,C01,answer,choice,choice,billing,5,hard,implicit,short,billing,1.0,1.0,1.0,billing,0.9,0.92,0.92,billing,,,,,True,True,True,True,True,True
C01_038,C01,answer,choice,choice,billing,5,hard,long_irrelevant,long,billing,1.0,1.0,1.0,billing,1.0,1.0,1.0,billing,,,,,True,True,True,True,True,True
C01_039,C01,answer,choice,choice,account_access,5,easy,-,medium,account_access,1.0,1.0,1.0,account_access,1.0,1.0,1.0,account_access,,,,,True,True,True,True,True,True
C01_041,C01,answer,choice,choice,account_access,5,hard,implicit,short,account_access,0.95,0.96,0.96,account_access,0.95,0.96,0.96,bug_report,,,,,True,True,True,True,False,False
C01_042,C01,answer,choice,choice,billing,5,easy,-,short,billing,1.0,1.0,1.0,billing,1.0,1.0,1.0,billing,,,,,True,True,True,True,True,True
C01_043,C01,answer,choice,choice,billing,5,medium,-,short,billing,1.0,1.0,1.0,billing,1.0,1.0,1.0,billing,,,,,True,True,True,True,True,True
C01_044,C01,answer,choice,choice,feature_request,5,hard,distractor,medium,feature_request,1.0,1.0,1.0,feature_request,0.98,0.98,0.98,feature_request,,,,,True,True,True,True,True,True
C01_046,C01,answer,choice,choice,feature_request,5,hard,long_irrelevant,long,feature_request,1.0,1.0,1.0,feature_request,0.99,0.99,0.99,feature_request,,,,,True,True,True,True,True,True
C01_047,C01,answer,choice,choice,billing,5,medium,-,medium,billing,1.0,1.0,1.0,billing,1.0,1.0,1.0,billing,,,,,True,True,True,True,True,True
C01_048,C01,answer,choice,choice,cancellation,5,medium,-,short,cancellation,1.0,1.0,1.0,cancellation,0.99,0.99,0.99,cancellation,,,,,True,True,True,True,True,True
C01_049,C01,answer,choice,choice,account_access,5,easy,-,short,account_access,1.0,1.0,1.0,account_access,1.0,1.0,1.0,account_access,,,,,True,True,True,True,True,True
C01_050,C01,answer,choice,choice,feature_request,5,easy,-,short,feature_request,1.0,1.0,1.0,feature_request,1.0,1.0,1.0,feature_request,,,,,True,True,True,True,True,True
C01_051,C01,answer,choice,choice,cancellation,5,hard,implicit,medium,cancellation,0.98,0.99,0.99,cancellation,0.96,0.97,0.97,cancellation,,,,,True,True,True,True,True,True
C01_052,C01,answer,choice,choice,account_access,5,hard,distractor,long,account_access,1.0,1.0,1.0,account_access,0.99,0.99,0.99,bug_report,,,,,True,True,True,True,False,False
C01_054,C01,answer,choice,choice,cancellation,5,medium,-,short,cancellation,1.0,1.0,1.0,cancellation,0.98,0.98,0.98,cancellation,,,,,True,True,True,True,True,True
C02_001,C02,answer,choice,choice,surprise,6,medium,-,medium,surprise,1.0,1.0,1.0,surprise,0.99,0.99,0.99,surprise,,,,,True,True,True,True,True,True
C02_002,C02,answer,choice,choice,joy,6,medium,-,short,joy,1.0,1.0,1.0,joy,1.0,1.0,1.0,joy,,,,,True,True,True,True,True,True
C02_003,C02,answer,choice,choice,joy,6,hard,implicit,long,joy,1.0,1.0,1.0,joy,1.0,1.0,1.0,joy,,,,,True,True,True,True,True,True
C02_004,C02,answer,choice,choice,anger,6,medium,-,long,anger,1.0,1.0,1.0,anger,1.0,1.0,1.0,anger,,,,,True,True,True,True,True,True
C02_005,C02,answer,choice,choice,disgust,6,hard,distractor,long,disgust,0.94,0.95,0.95,anger,0.88,0.9,0.09,disgust,,,,,True,True,False,False,True,True
C02_006,C02,answer,choice,choice,sadness,6,easy,-,medium,sadness,1.0,1.0,1.0,sadness,1.0,1.0,1.0,sadness,,,,,True,True,True,True,True,True
C02_007,C02,answer,choice,choice,disgust,6,medium,-,short,disgust,0.99,1.0,1.0,disgust,0.99,0.99,0.99,disgust,,,,,True,True,True,True,True,True
C02_008,C02,answer,choice,choice,fear,6,hard,sarcasm,medium,fear,1.0,1.0,1.0,fear,1.0,1.0,1.0,fear,,,,,True,True,True,True,True,True
C02_009,C02,answer,choice,choice,disgust,6,easy,-,long,disgust,1.0,1.0,1.0,disgust,1.0,1.0,1.0,disgust,,,,,True,True,True,True,True,True
C02_010,C02,answer,choice,choice,disgust,6,hard,implicit,medium,disgust,0.79,0.83,0.83,anger,0.87,0.89,0.11,disgust,,,,,True,True,False,False,True,True
C02_011,C02,answer,choice,choice,fear,6,easy,-,medium,fear,1.0,1.0,1.0,fear,1.0,1.0,1.0,fear,,,,,True,True,True,True,True,True
C02_013,C02,answer,choice,choice,sadness,6,hard,distractor,medium,sadness,1.0,1.0,1.0,sadness,1.0,1.0,1.0,sadness,,,,,True,True,True,True,True,True
C02_014,C02,answer,choice,choice,disgust,6,medium,-,medium,disgust,1.0,1.0,1.0,disgust,1.0,1.0,1.0,disgust,,,,,True,True,True,True,True,True
C02_015,C02,answer,choice,choice,fear,6,medium,-,long,fear,1.0,1.0,1.0,fear,1.0,1.0,1.0,fear,,,,,True,True,True,True,True,True
C02_016,C02,answer,choice,choice,joy,6,medium,-,short,surprise,0.47,0.55,0.15,surprise,0.53,0.61,0.3,joy,,,,,False,False,False,False,True,True
C02_018,C02,answer,choice,choice,anger,6,medium,-,short,anger,1.0,1.0,1.0,anger,0.87,0.89,0.89,anger,,,,,True,True,True,True,True,True
C02_019,C02,answer,choice,choice,anger,6,medium,-,short,anger,1.0,1.0,1.0,anger,1.0,1.0,1.0,anger,,,,,True,True,True,True,True,True
C02_020,C02,answer,choice,choice,disgust,6,medium,-,medium,disgust,1.0,1.0,1.0,anger,0.89,0.91,0.08,disgust,,,,,True,True,False,False,True,True
C02_021,C02,answer,choice,choice,joy,6,medium,-,short,joy,1.0,1.0,1.0,joy,0.98,0.98,0.98,joy,,,,,True,True,True,True,True,True
C02_022,C02,answer,choice,choice,joy,6,hard,distractor,medium,joy,0.99,0.99,0.99,joy,1.0,1.0,1.0,joy,,,,,True,True,True,True,True,True
C02_023,C02,answer,choice,choice,surprise,6,hard,distractor,long,surprise,0.93,0.94,0.94,surprise,0.98,0.98,0.98,surprise,,,,,True,True,True,True,True,True
C02_024,C02,answer,choice,choice,surprise,6,medium,-,medium,surprise,1.0,1.0,1.0,surprise,1.0,1.0,1.0,surprise,,,,,True,True,True,True,True,True
C02_025,C02,answer,choice,choice,surprise,6,medium,-,short,surprise,0.99,0.99,0.99,surprise,0.9,0.92,0.92,surprise,,,,,True,True,True,True,True,True
C02_026,C02,answer,choice,choice,joy,6,medium,-,short,joy,0.85,0.87,0.87,joy,1.0,1.0,1.0,joy,,,,,True,True,True,True,True,True
C02_027,C02,answer,choice,choice,sadness,6,easy,-,short,sadness,1.0,1.0,1.0,sadness,1.0,1.0,1.0,sadness,,,,,True,True,True,True,True,True
C02_028,C02,answer,choice,choice,joy,6,easy,-,short,joy,1.0,1.0,1.0,joy,1.0,1.0,1.0,joy,,,,,True,True,True,True,True,True
C02_029,C02,answer,choice,choice,disgust,6,easy,-,short,disgust,0.96,0.97,0.97,disgust,0.81,0.84,0.84,disgust,,,,,True,True,True,True,True,True
C02_030,C02,answer,choice,choice,anger,6,hard,implicit,medium,anger,1.0,1.0,1.0,anger,1.0,1.0,1.0,anger,,,,,True,True,True,True,True,True
C02_031,C02,answer,choice,choice,sadness,6,hard,sarcasm,long,sadness,0.98,0.98,0.98,sadness,1.0,1.0,1.0,sadness,,,,,True,True,True,True,True,True
C02_032,C02,answer,choice,choice,surprise,6,medium,-,medium,surprise,0.99,1.0,1.0,surprise,0.95,0.96,0.96,surprise,,,,,True,True,True,True,True,True
C02_033,C02,answer,choice,choice,anger,6,easy,-,medium,anger,1.0,1.0,1.0,anger,1.0,1.0,1.0,anger,,,,,True,True,True,True,True,True
C02_034,C02,answer,choice,choice,sadness,6,hard,implicit,medium,sadness,0.48,0.5700000000000001,0.5700000000000001,sadness,1.0,1.0,1.0,sadness,,,,,True,True,True,True,True,True
C02_035,C02,answer,choice,choice,fear,6,medium,-,short,fear,1.0,1.0,1.0,fear,1.0,1.0,1.0,fear,,,,,True,True,True,True,True,True
C02_036,C02,answer,choice,choice,fear,6,hard,distractor,short,fear,1.0,1.0,1.0,fear,1.0,1.0,1.0,fear,,,,,True,True,True,True,True,True
C02_037,C02,answer,choice,choice,sadness,6,medium,-,medium,sadness,0.97,0.98,0.98,sadness,1.0,1.0,1.0,sadness,,,,,True,True,True,True,True,True
C02_038,C02,answer,choice,choice,anger,6,easy,-,long,anger,1.0,1.0,1.0,anger,1.0,1.0,1.0,anger,,,,,True,True,True,True,True,True
C02_039,C02,answer,choice,choice,fear,6,easy,-,medium,fear,1.0,1.0,1.0,fear,1.0,1.0,1.0,fear,,,,,True,True,True,True,True,True
C02_041,C02,answer,choice,choice,fear,6,easy,-,short,fear,1.0,1.0,1.0,fear,1.0,1.0,1.0,fear,,,,,True,True,True,True,True,True
C02_042,C02,answer,choice,choice,joy,6,hard,sarcasm,short,joy,0.68,0.74,0.74,joy,0.99,0.99,0.99,joy,,,,,True,True,True,True,True,True
C02_043,C02,answer,choice,choice,fear,6,medium,-,long,fear,1.0,1.0,1.0,fear,1.0,1.0,1.0,fear,,,,,True,True,True,True,True,True
C02_044,C02,answer,choice,choice,fear,6,medium,-,long,fear,1.0,1.0,1.0,fear,1.0,1.0,1.0,fear,,,,,True,True,True,True,True,True
C02_046,C02,answer,choice,choice,anger,6,medium,-,long,sadness,0.81,0.85,0.15,sadness,0.8,0.83,0.17,anger,,,,,False,False,False,False,True,True
C02_047,C02,answer,choice,choice,sadness,6,medium,-,medium,sadness,1.0,1.0,1.0,sadness,1.0,1.0,1.0,sadness,,,,,True,True,True,True,True,True
C02_048,C02,answer,choice,choice,disgust,6,hard,sarcasm,short,anger,0.67,0.73,0.27,anger,0.93,0.94,0.06,anger,,,,,False,False,False,False,False,False
C02_050,C02,answer,choice,choice,disgust,6,medium,-,medium,disgust,0.99,0.99,0.99,anger,0.58,0.65,0.35,disgust,,,,,True,True,False,False,True,True
C02_052,C02,answer,choice,choice,surprise,6,hard,sarcasm,long,surprise,0.98,0.98,0.98,joy,0.86,0.88,0.12,surprise,,,,,True,True,False,False,True,True
C02_053,C02,answer,choice,choice,anger,6,hard,sarcasm,medium,anger,1.0,1.0,1.0,anger,1.0,1.0,1.0,anger,,,,,True,True,True,True,True,True
C02_055,C02,answer,choice,choice,sadness,6,medium,-,long,sadness,0.82,0.85,0.85,sadness,1.0,1.0,1.0,sadness,,,,,True,True,True,True,True,True
C02_056,C02,answer,choice,choice,surprise,6,medium,-,medium,surprise,0.99,0.99,0.99,surprise,0.94,0.95,0.95,surprise,,,,,True,True,True,True,True,True
C02_057,C02,answer,choice,choice,surprise,6,medium,-,short,surprise,1.0,1.0,1.0,surprise,0.99,0.99,0.99,surprise,,,,,True,True,True,True,True,True
C03_000,C03,answer,choice,choice,weather_environment,8,medium,-,short,weather_environment,1.0,1.0,1.0,weather_environment,0.99,0.99,0.99,weather_environment,,,,,True,True,True,True,True,True
C03_001,C03,answer,choice,choice,politics,8,hard,implicit,medium,politics,1.0,1.0,1.0,politics,0.99,0.99,0.99,politics,,,,,True,True,True,True,True,True
C03_002,C03,answer,choice,choice,health,8,medium,-,medium,health,1.0,1.0,1.0,health,1.0,1.0,1.0,health,,,,,True,True,True,True,True,True
C03_004,C03,answer,choice,choice,science,8,easy,-,short,science,1.0,1.0,1.0,science,1.0,1.0,1.0,science,,,,,True,True,True,True,True,True
C03_005,C03,answer,choice,choice,entertainment,8,medium,-,medium,entertainment,1.0,1.0,1.0,entertainment,1.0,1.0,1.0,entertainment,,,,,True,True,True,True,True,True
C03_006,C03,answer,choice,choice,weather_environment,8,hard,long_irrelevant,long,weather_environment,0.87,0.89,0.89,weather_environment,0.98,0.98,0.98,weather_environment,,,,,True,True,True,True,True,True
C03_007,C03,answer,choice,choice,entertainment,8,medium,-,short,entertainment,1.0,1.0,1.0,entertainment,1.0,1.0,1.0,entertainment,,,,,True,True,True,True,True,True
C03_008,C03,answer,choice,choice,sports,8,medium,-,long,sports,1.0,1.0,1.0,sports,1.0,1.0,1.0,sports,,,,,True,True,True,True,True,True
C03_009,C03,answer,choice,choice,health,8,hard,implicit,medium,health,1.0,1.0,1.0,health,1.0,1.0,1.0,health,,,,,True,True,True,True,True,True
C03_010,C03,answer,choice,choice,politics,8,medium,-,medium,politics,1.0,1.0,1.0,politics,1.0,1.0,1.0,politics,,,,,True,True,True,True,True,True
C03_011,C03,answer,choice,choice,technology,8,easy,-,short,technology,1.0,1.0,1.0,technology,0.99,0.99,0.99,technology,,,,,True,True,True,True,True,True
C03_014,C03,answer,choice,choice,sports,8,medium,-,short,sports,1.0,1.0,1.0,sports,1.0,1.0,1.0,sports,,,,,True,True,True,True,True,True
C03_015,C03,answer,choice,choice,crime_justice,8,easy,-,medium,crime_justice,1.0,1.0,1.0,crime_justice,1.0,1.0,1.0,crime_justice,,,,,True,True,True,True,True,True
C03_016,C03,answer,choice,choice,health,8,hard,distractor,long,health,0.74,0.77,0.77,health,0.87,0.89,0.89,health,,,,,True,True,True,True,True,True
C03_017,C03,answer,choice,choice,sports,8,easy,-,long,sports,1.0,1.0,1.0,sports,1.0,1.0,1.0,sports,,,,,True,True,True,True,True,True
C03_018,C03,answer,choice,choice,entertainment,8,easy,-,medium,entertainment,1.0,1.0,1.0,entertainment,1.0,1.0,1.0,entertainment,,,,,True,True,True,True,True,True
C03_019,C03,answer,choice,choice,weather_environment,8,easy,-,medium,weather_environment,1.0,1.0,1.0,weather_environment,1.0,1.0,1.0,weather_environment,,,,,True,True,True,True,True,True
C03_020,C03,answer,choice,choice,entertainment,8,medium,-,long,entertainment,1.0,1.0,1.0,entertainment,1.0,1.0,1.0,entertainment,,,,,True,True,True,True,True,True
C03_021,C03,answer,choice,choice,crime_justice,8,easy,-,short,crime_justice,0.93,0.94,0.94,crime_justice,0.94,0.95,0.95,crime_justice,,,,,True,True,True,True,True,True
C03_023,C03,answer,choice,choice,technology,8,easy,-,short,technology,0.92,0.9400000000000001,0.9400000000000001,technology,0.71,0.75,0.75,technology,,,,,True,True,True,True,True,True
C03_024,C03,answer,choice,choice,politics,8,hard,distractor,medium,politics,1.0,1.0,1.0,politics,1.0,1.0,1.0,politics,,,,,True,True,True,True,True,True
C03_025,C03,answer,choice,choice,politics,8,easy,-,short,politics,1.0,1.0,1.0,politics,1.0,1.0,1.0,politics,,,,,True,True,True,True,True,True
C03_026,C03,answer,choice,choice,science,8,hard,long_irrelevant,long,science,0.91,0.92,0.92,science,1.0,1.0,1.0,science,,,,,True,True,True,True,True,True
C03_027,C03,answer,choice,choice,crime_justice,8,hard,implicit,long,crime_justice,0.99,1.0,1.0,crime_justice,1.0,1.0,1.0,crime_justice,,,,,True,True,True,True,True,True
C03_028,C03,answer,choice,choice,weather_environment,8,hard,distractor,medium,weather_environment,1.0,1.0,1.0,weather_environment,0.99,0.99,0.99,weather_environment,,,,,True,True,True,True,True,True
C03_029,C03,answer,choice,choice,weather_environment,8,medium,-,medium,weather_environment,1.0,1.0,1.0,weather_environment,1.0,1.0,1.0,weather_environment,,,,,True,True,True,True,True,True
C03_030,C03,answer,choice,choice,technology,8,medium,-,short,technology,1.0,1.0,1.0,technology,1.0,1.0,1.0,technology,,,,,True,True,True,True,True,True
C03_033,C03,answer,choice,choice,sports,8,hard,distractor,medium,sports,1.0,1.0,1.0,sports,1.0,1.0,1.0,sports,,,,,True,True,True,True,True,True
C03_034,C03,answer,choice,choice,health,8,medium,-,long,health,1.0,1.0,1.0,health,1.0,1.0,1.0,health,,,,,True,True,True,True,True,True
C03_036,C03,answer,choice,choice,sports,8,hard,long_irrelevant,long,sports,1.0,1.0,1.0,sports,1.0,1.0,1.0,sports,,,,,True,True,True,True,True,True
C03_037,C03,answer,choice,choice,entertainment,8,hard,long_irrelevant,long,entertainment,0.81,0.84,0.84,entertainment,0.93,0.94,0.94,entertainment,,,,,True,True,True,True,True,True
C03_038,C03,answer,choice,choice,politics,8,easy,-,long,politics,1.0,1.0,1.0,politics,1.0,1.0,1.0,politics,,,,,True,True,True,True,True,True
C03_039,C03,answer,choice,choice,technology,8,easy,-,medium,technology,0.81,0.84,0.84,technology,0.42,0.49,0.49,technology,,,,,True,True,True,True,True,True
C03_040,C03,answer,choice,choice,crime_justice,8,medium,-,medium,crime_justice,1.0,1.0,1.0,crime_justice,1.0,1.0,1.0,crime_justice,,,,,True,True,True,True,True,True
C03_041,C03,answer,choice,choice,technology,8,medium,-,short,technology,1.0,1.0,1.0,technology,1.0,1.0,1.0,technology,,,,,True,True,True,True,True,True
C03_042,C03,answer,choice,choice,health,8,easy,-,long,health,1.0,1.0,1.0,health,1.0,1.0,1.0,health,,,,,True,True,True,True,True,True
C03_044,C03,answer,choice,choice,health,8,medium,-,medium,health,1.0,1.0,1.0,health,1.0,1.0,1.0,health,,,,,True,True,True,True,True,True
C03_046,C03,answer,choice,choice,entertainment,8,easy,-,long,entertainment,1.0,1.0,1.0,entertainment,1.0,1.0,1.0,entertainment,,,,,True,True,True,True,True,True
C03_047,C03,answer,choice,choice,science,8,medium,-,medium,science,0.89,0.9,0.9,science,0.98,0.98,0.98,science,,,,,True,True,True,True,True,True
C03_048,C03,answer,choice,choice,sports,8,easy,-,medium,sports,1.0,1.0,1.0,sports,1.0,1.0,1.0,sports,,,,,True,True,True,True,True,True
C03_049,C03,answer,choice,choice,technology,8,medium,-,medium,technology,0.77,0.8,0.8,technology,0.89,0.9,0.9,technology,,,,,True,True,True,True,True,True
C03_050,C03,answer,choice,choice,weather_environment,8,medium,-,medium,weather_environment,1.0,1.0,1.0,weather_environment,1.0,1.0,1.0,weather_environment,,,,,True,True,True,True,True,True
C03_051,C03,answer,choice,choice,crime_justice,8,hard,distractor,medium,crime_justice,1.0,1.0,1.0,crime_justice,1.0,1.0,1.0,crime_justice,,,,,True,True,True,True,True,True
C03_052,C03,answer,choice,choice,science,8,easy,-,long,science,0.77,0.8,0.8,science,0.97,0.97,0.97,science,,,,,True,True,True,True,True,True
C03_054,C03,answer,choice,choice,weather_environment,8,hard,implicit,medium,weather_environment,0.76,0.8,0.8,weather_environment,0.99,0.99,0.99,weather_environment,,,,,True,True,True,True,True,True
C03_055,C03,answer,choice,choice,technology,8,hard,long_irrelevant,long,technology,0.99,1.0,1.0,technology,0.97,0.97,0.97,technology,,,,,True,True,True,True,True,True
C03_056,C03,answer,choice,choice,politics,8,medium,-,short,politics,1.0,1.0,1.0,politics,0.99,0.99,0.99,politics,,,,,True,True,True,True,True,True
C03_057,C03,answer,choice,choice,crime_justice,8,hard,long_irrelevant,long,crime_justice,1.0,1.0,1.0,crime_justice,1.0,1.0,1.0,crime_justice,,,,,True,True,True,True,True,True
C03_058,C03,answer,choice,choice,science,8,medium,-,medium,science,1.0,1.0,1.0,science,1.0,1.0,1.0,science,,,,,True,True,True,True,True,True
C03_059,C03,answer,choice,choice,science,8,medium,-,medium,science,1.0,1.0,1.0,science,1.0,1.0,1.0,science,,,,,True,True,True,True,True,True
C04_000,C04,answer,choice,choice,mexican,8,hard,implicit,short,mexican,1.0,1.0,1.0,mexican,1.0,1.0,1.0,mexican,,,,,True,True,True,True,True,True
C04_001,C04,answer,choice,choice,french,8,hard,near_miss,short,french,1.0,1.0,1.0,french,0.99,0.99,0.99,french,,,,,True,True,True,True,True,True
C04_002,C04,answer,choice,choice,french,8,hard,implicit,short,french,1.0,1.0,1.0,french,0.99,0.99,0.99,french,,,,,True,True,True,True,True,True
C04_003,C04,answer,choice,choice,korean,8,easy,-,short,korean,1.0,1.0,1.0,korean,1.0,1.0,1.0,korean,,,,,True,True,True,True,True,True
C04_004,C04,answer,choice,choice,mexican,8,medium,-,long,mexican,1.0,1.0,1.0,mexican,1.0,1.0,1.0,mexican,,,,,True,True,True,True,True,True
C04_005,C04,answer,choice,choice,mexican,8,hard,near_miss,long,mexican,1.0,1.0,1.0,mexican,1.0,1.0,1.0,mexican,,,,,True,True,True,True,True,True
C04_006,C04,answer,choice,choice,indian,8,medium,-,short,indian,1.0,1.0,1.0,indian,1.0,1.0,1.0,indian,,,,,True,True,True,True,True,True
C04_007,C04,answer,choice,choice,french,8,easy,-,medium,french,1.0,1.0,1.0,french,1.0,1.0,1.0,french,,,,,True,True,True,True,True,True
C04_008,C04,answer,choice,choice,mexican,8,easy,-,short,mexican,1.0,1.0,1.0,mexican,1.0,1.0,1.0,mexican,,,,,True,True,True,True,True,True
C04_009,C04,answer,choice,choice,japanese,8,hard,long_irrelevant,long,japanese,1.0,1.0,1.0,japanese,1.0,1.0,1.0,japanese,,,,,True,True,True,True,True,True
C04_010,C04,answer,choice,choice,french,8,hard,long_irrelevant,long,french,0.99,1.0,1.0,french,1.0,1.0,1.0,french,,,,,True,True,True,True,True,True
C04_011,C04,answer,choice,choice,indian,8,hard,long_irrelevant,long,indian,1.0,1.0,1.0,indian,1.0,1.0,1.0,indian,,,,,True,True,True,True,True,True
C04_012,C04,answer,choice,choice,thai,8,easy,-,short,thai,1.0,1.0,1.0,thai,1.0,1.0,1.0,thai,,,,,True,True,True,True,True,True
C04_014,C04,answer,choice,choice,moroccan,8,hard,near_miss,short,moroccan,0.91,0.93,0.93,moroccan,0.99,0.99,0.99,moroccan,,,,,True,True,True,True,True,True
C04_017,C04,answer,choice,choice,french,8,medium,-,long,french,1.0,1.0,1.0,french,1.0,1.0,1.0,french,,,,,True,True,True,True,True,True
C04_018,C04,answer,choice,choice,thai,8,hard,implicit,short,thai,1.0,1.0,1.0,thai,1.0,1.0,1.0,thai,,,,,True,True,True,True,True,True
C04_019,C04,answer,choice,choice,korean,8,medium,-,short,korean,0.54,0.6,0.6,korean,0.99,0.99,0.99,korean,,,,,True,True,True,True,True,True
C04_020,C04,answer,choice,choice,indian,8,easy,-,medium,indian,1.0,1.0,1.0,indian,1.0,1.0,1.0,indian,,,,,True,True,True,True,True,True
C04_021,C04,answer,choice,choice,japanese,8,easy,-,long,japanese,1.0,1.0,1.0,japanese,1.0,1.0,1.0,japanese,,,,,True,True,True,True,True,True
C04_022,C04,answer,choice,choice,moroccan,8,medium,-,short,moroccan,0.99,0.99,0.99,moroccan,1.0,1.0,1.0,moroccan,,,,,True,True,True,True,True,True
C04_023,C04,answer,choice,choice,japanese,8,easy,-,short,japanese,1.0,1.0,1.0,japanese,1.0,1.0,1.0,japanese,,,,,True,True,True,True,True,True
C04_024,C04,answer,choice,choice,indian,8,medium,-,medium,indian,1.0,1.0,1.0,indian,1.0,1.0,1.0,indian,,,,,True,True,True,True,True,True
C04_025,C04,answer,choice,choice,thai,8,hard,near_miss,medium,thai,0.96,0.98,0.98,thai,0.99,0.99,0.99,thai,,,,,True,True,True,True,True,True
C04_026,C04,answer,choice,choice,indian,8,medium,-,short,indian,1.0,1.0,1.0,indian,1.0,1.0,1.0,indian,,,,,True,True,True,True,True,True
C04_027,C04,answer,choice,choice,moroccan,8,medium,-,short,moroccan,1.0,1.0,1.0,moroccan,1.0,1.0,1.0,moroccan,,,,,True,True,True,True,True,True
C04_028,C04,answer,choice,choice,japanese,8,hard,near_miss,medium,japanese,1.0,1.0,1.0,japanese,1.0,1.0,1.0,japanese,,,,,True,True,True,True,True,True
C04_029,C04,answer,choice,choice,moroccan,8,easy,-,short,moroccan,1.0,1.0,1.0,moroccan,1.0,1.0,1.0,moroccan,,,,,True,True,True,True,True,True
C04_030,C04,answer,choice,choice,italian,8,medium,-,medium,italian,1.0,1.0,1.0,italian,1.0,1.0,1.0,italian,,,,,True,True,True,True,True,True
C04_032,C04,answer,choice,choice,japanese,8,medium,-,short,japanese,1.0,1.0,1.0,japanese,1.0,1.0,1.0,japanese,,,,,True,True,True,True,True,True
C04_033,C04,answer,choice,choice,japanese,8,easy,-,medium,japanese,1.0,1.0,1.0,japanese,1.0,1.0,1.0,japanese,,,,,True,True,True,True,True,True
C04_034,C04,answer,choice,choice,italian,8,easy,-,short,italian,1.0,1.0,1.0,italian,0.98,0.98,0.98,italian,,,,,True,True,True,True,True,True
C04_035,C04,answer,choice,choice,mexican,8,medium,-,short,mexican,1.0,1.0,1.0,mexican,1.0,1.0,1.0,mexican,,,,,True,True,True,True,True,True
C04_036,C04,answer,choice,choice,thai,8,medium,-,short,thai,1.0,1.0,1.0,thai,1.0,1.0,1.0,thai,,,,,True,True,True,True,True,True
C04_037,C04,answer,choice,choice,french,8,medium,-,medium,french,0.97,0.98,0.98,french,0.99,0.99,0.99,french,,,,,True,True,True,True,True,True
C04_038,C04,answer,choice,choice,mexican,8,easy,-,medium,mexican,0.25,0.34,0.34,mexican,1.0,1.0,1.0,mexican,,,,,True,True,True,True,True,True
C04_039,C04,answer,choice,choice,indian,8,easy,-,medium,indian,1.0,1.0,1.0,indian,1.0,1.0,1.0,indian,,,,,True,True,True,True,True,True
C04_040,C04,answer,choice,choice,thai,8,easy,-,medium,thai,0.94,0.96,0.96,thai,1.0,1.0,1.0,thai,,,,,True,True,True,True,True,True
C04_042,C04,answer,choice,choice,moroccan,8,easy,-,medium,italian,0.42,0.5,0.36,moroccan,0.98,0.98,0.98,moroccan,,,,,False,False,True,True,True,True
C04_043,C04,answer,choice,choice,korean,8,hard,long_irrelevant,long,korean,1.0,1.0,1.0,korean,1.0,1.0,1.0,korean,,,,,True,True,True,True,True,True
C04_044,C04,answer,choice,choice,italian,8,medium,-,medium,italian,0.7,0.75,0.75,italian,1.0,1.0,1.0,italian,,,,,True,True,True,True,True,True
C04_045,C04,answer,choice,choice,french,8,easy,-,short,french,1.0,1.0,1.0,french,1.0,1.0,1.0,french,,,,,True,True,True,True,True,True
C04_046,C04,answer,choice,choice,korean,8,hard,implicit,medium,korean,0.89,0.9,0.9,korean,0.99,0.99,0.99,korean,,,,,True,True,True,True,True,True
C04_048,C04,answer,choice,choice,korean,8,medium,-,short,mexican,0.35,0.43,0.03,mexican,0.44,0.51,0.26,moroccan,,,,,False,False,False,False,False,False
C04_050,C04,answer,choice,choice,italian,8,easy,-,medium,italian,1.0,1.0,1.0,italian,1.0,1.0,1.0,italian,,,,,True,True,True,True,True,True
C04_051,C04,answer,choice,choice,italian,8,hard,long_irrelevant,long,italian,1.0,1.0,1.0,italian,1.0,1.0,1.0,italian,,,,,True,True,True,True,True,True
C04_053,C04,answer,choice,choice,korean,8,easy,-,short,korean,1.0,1.0,1.0,korean,1.0,1.0,1.0,korean,,,,,True,True,True,True,True,True
C04_054,C04,answer,choice,choice,thai,8,medium,-,short,thai,1.0,1.0,1.0,thai,1.0,1.0,1.0,thai,,,,,True,True,True,True,True,True
C04_055,C04,answer,choice,choice,moroccan,8,medium,-,medium,moroccan,0.66,0.71,0.71,moroccan,0.99,0.99,0.99,moroccan,,,,,True,True,True,True,True,True
C04_056,C04,answer,choice,choice,thai,8,medium,-,medium,korean,0.49,0.55,0.1,japanese,0.66,0.7,0.01,thai,,,,,False,False,False,False,True,True
C04_057,C04,answer,choice,choice,italian,8,hard,implicit,medium,italian,1.0,1.0,1.0,italian,1.0,1.0,1.0,italian,,,,,True,True,True,True,True,True
C05_000,C05,answer,choice,choice,materials_science,12,medium,-,short,materials_science,1.0,1.0,1.0,materials_science,1.0,1.0,1.0,materials_science,,,,,True,True,True,True,True,True
C05_001,C05,answer,choice,choice,epidemiology,12,hard,distractor,long,epidemiology,1.0,1.0,1.0,epidemiology,1.0,1.0,1.0,epidemiology,,,,,True,True,True,True,True,True
C05_002,C05,answer,choice,choice,organic_chemistry,12,medium,-,medium,organic_chemistry,1.0,1.0,1.0,organic_chemistry,1.0,1.0,1.0,organic_chemistry,,,,,True,True,True,True,True,True
C05_003,C05,answer,choice,choice,climate_science,12,easy,-,medium,climate_science,1.0,1.0,1.0,climate_science,1.0,1.0,1.0,climate_science,,,,,True,True,True,True,True,True
C05_004,C05,answer,choice,choice,particle_physics,12,hard,implicit,short,particle_physics,1.0,1.0,1.0,particle_physics,1.0,1.0,1.0,particle_physics,,,,,True,True,True,True,True,True
C05_005,C05,answer,choice,choice,materials_science,12,hard,implicit,medium,materials_science,1.0,1.0,1.0,materials_science,1.0,1.0,1.0,materials_science,,,,,True,True,True,True,True,True
C05_006,C05,answer,choice,choice,epidemiology,12,easy,-,short,epidemiology,1.0,1.0,1.0,epidemiology,1.0,1.0,1.0,epidemiology,,,,,True,True,True,True,True,True
C05_008,C05,answer,choice,choice,ecology,12,hard,long_irrelevant,long,ecology,1.0,1.0,1.0,ecology,1.0,1.0,1.0,ecology,,,,,True,True,True,True,True,True
C05_009,C05,answer,choice,choice,epidemiology,12,medium,-,medium,epidemiology,1.0,1.0,1.0,epidemiology,1.0,1.0,1.0,epidemiology,,,,,True,True,True,True,True,True
C05_010,C05,answer,choice,choice,genetics,12,medium,-,medium,genetics,1.0,1.0,1.0,genetics,1.0,1.0,1.0,genetics,,,,,True,True,True,True,True,True
C05_011,C05,answer,choice,choice,astronomy,12,hard,distractor,medium,astronomy,1.0,1.0,1.0,astronomy,1.0,1.0,1.0,astronomy,,,,,True,True,True,True,True,True
C05_012,C05,answer,choice,choice,computer_vision,12,medium,-,long,computer_vision,1.0,1.0,1.0,computer_vision,1.0,1.0,1.0,computer_vision,,,,,True,True,True,True,True,True
C05_016,C05,answer,choice,choice,neuroscience,12,hard,implicit,long,neuroscience,0.99,0.99,0.99,neuroscience,1.0,1.0,1.0,neuroscience,,,,,True,True,True,True,True,True
C05_018,C05,answer,choice,choice,linguistics,12,hard,distractor,long,linguistics,1.0,1.0,1.0,linguistics,1.0,1.0,1.0,linguistics,,,,,True,True,True,True,True,True
C05_019,C05,answer,choice,choice,climate_science,12,hard,implicit,medium,climate_science,0.98,0.98,0.98,climate_science,1.0,1.0,1.0,climate_science,,,,,True,True,True,True,True,True
C05_020,C05,answer,choice,choice,astronomy,12,easy,-,short,astronomy,1.0,1.0,1.0,astronomy,1.0,1.0,1.0,astronomy,,,,,True,True,True,True,True,True
C05_023,C05,answer,choice,choice,materials_science,12,medium,-,short,materials_science,1.0,1.0,1.0,materials_science,1.0,1.0,1.0,materials_science,,,,,True,True,True,True,True,True
C05_024,C05,answer,choice,choice,organic_chemistry,12,easy,-,long,organic_chemistry,1.0,1.0,1.0,organic_chemistry,1.0,1.0,1.0,organic_chemistry,,,,,True,True,True,True,True,True
C05_025,C05,answer,choice,choice,computer_vision,12,hard,implicit,medium,computer_vision,1.0,1.0,1.0,computer_vision,1.0,1.0,1.0,computer_vision,,,,,True,True,True,True,True,True
C05_026,C05,answer,choice,choice,particle_physics,12,easy,-,medium,particle_physics,1.0,1.0,1.0,particle_physics,1.0,1.0,1.0,particle_physics,,,,,True,True,True,True,True,True
C05_027,C05,answer,choice,choice,geology,12,medium,-,short,geology,1.0,1.0,1.0,geology,1.0,1.0,1.0,geology,,,,,True,True,True,True,True,True
C05_029,C05,answer,choice,choice,epidemiology,12,hard,long_irrelevant,long,epidemiology,1.0,1.0,1.0,epidemiology,1.0,1.0,1.0,epidemiology,,,,,True,True,True,True,True,True
C05_030,C05,answer,choice,choice,particle_physics,12,medium,-,medium,particle_physics,1.0,1.0,1.0,particle_physics,1.0,1.0,1.0,particle_physics,,,,,True,True,True,True,True,True
C05_031,C05,answer,choice,choice,climate_science,12,hard,long_irrelevant,long,climate_science,1.0,1.0,1.0,climate_science,1.0,1.0,1.0,climate_science,,,,,True,True,True,True,True,True
C05_032,C05,answer,choice,choice,geology,12,hard,long_irrelevant,long,geology,1.0,1.0,1.0,geology,1.0,1.0,1.0,geology,,,,,True,True,True,True,True,True
C05_033,C05,answer,choice,choice,astronomy,12,medium,-,short,astronomy,1.0,1.0,1.0,astronomy,1.0,1.0,1.0,astronomy,,,,,True,True,True,True,True,True
C05_034,C05,answer,choice,choice,ecology,12,easy,-,short,ecology,1.0,1.0,1.0,ecology,1.0,1.0,1.0,ecology,,,,,True,True,True,True,True,True
C05_035,C05,answer,choice,choice,geology,12,easy,-,medium,geology,1.0,1.0,1.0,geology,1.0,1.0,1.0,geology,,,,,True,True,True,True,True,True
C05_036,C05,answer,choice,choice,linguistics,12,medium,-,short,linguistics,0.99,0.99,0.99,linguistics,0.96,0.96,0.96,linguistics,,,,,True,True,True,True,True,True
C05_038,C05,answer,choice,choice,neuroscience,12,easy,-,medium,neuroscience,1.0,1.0,1.0,neuroscience,1.0,1.0,1.0,neuroscience,,,,,True,True,True,True,True,True
C05_039,C05,answer,choice,choice,linguistics,12,medium,-,long,linguistics,1.0,1.0,1.0,linguistics,1.0,1.0,1.0,linguistics,,,,,True,True,True,True,True,True
C05_040,C05,answer,choice,choice,climate_science,12,medium,-,short,climate_science,1.0,1.0,1.0,climate_science,1.0,1.0,1.0,climate_science,,,,,True,True,True,True,True,True
C05_041,C05,answer,choice,choice,organic_chemistry,12,hard,distractor,long,organic_chemistry,1.0,1.0,1.0,organic_chemistry,1.0,1.0,1.0,organic_chemistry,,,,,True,True,True,True,True,True
C05_043,C05,answer,choice,choice,organic_chemistry,12,hard,long_irrelevant,long,organic_chemistry,1.0,1.0,1.0,organic_chemistry,1.0,1.0,1.0,organic_chemistry,,,,,True,True,True,True,True,True
C05_044,C05,answer,choice,choice,ecology,12,medium,-,short,ecology,1.0,1.0,1.0,ecology,1.0,1.0,1.0,ecology,,,,,True,True,True,True,True,True
C05_045,C05,answer,choice,choice,genetics,12,hard,distractor,long,genetics,1.0,1.0,1.0,genetics,1.0,1.0,1.0,genetics,,,,,True,True,True,True,True,True
C05_046,C05,answer,choice,choice,geology,12,hard,distractor,medium,geology,1.0,1.0,1.0,geology,0.98,0.98,0.98,geology,,,,,True,True,True,True,True,True
C05_047,C05,answer,choice,choice,ecology,12,medium,-,long,ecology,1.0,1.0,1.0,ecology,1.0,1.0,1.0,ecology,,,,,True,True,True,True,True,True
C05_048,C05,answer,choice,choice,genetics,12,easy,-,medium,genetics,1.0,1.0,1.0,genetics,1.0,1.0,1.0,genetics,,,,,True,True,True,True,True,True
C05_049,C05,answer,choice,choice,materials_science,12,hard,distractor,medium,materials_science,1.0,1.0,1.0,materials_science,1.0,1.0,1.0,materials_science,,,,,True,True,True,True,True,True
C05_050,C05,answer,choice,choice,genetics,12,medium,-,short,epidemiology,0.49,0.54,0.46,genetics,0.95,0.95,0.95,genetics,,,,,False,False,True,True,True,True
C05_051,C05,answer,choice,choice,particle_physics,12,medium,-,long,particle_physics,1.0,1.0,1.0,particle_physics,1.0,1.0,1.0,particle_physics,,,,,True,True,True,True,True,True
C05_052,C05,answer,choice,choice,computer_vision,12,easy,-,medium,computer_vision,1.0,1.0,1.0,computer_vision,1.0,1.0,1.0,computer_vision,,,,,True,True,True,True,True,True
C05_053,C05,answer,choice,choice,ecology,12,medium,-,medium,ecology,1.0,1.0,1.0,ecology,1.0,1.0,1.0,ecology,,,,,True,True,True,True,True,True
C05_054,C05,answer,choice,choice,astronomy,12,medium,-,long,astronomy,1.0,1.0,1.0,astronomy,1.0,1.0,1.0,astronomy,,,,,True,True,True,True,True,True
C05_055,C05,answer,choice,choice,neuroscience,12,medium,-,short,neuroscience,1.0,1.0,1.0,neuroscience,1.0,1.0,1.0,neuroscience,,,,,True,True,True,True,True,True
C05_057,C05,answer,choice,choice,computer_vision,12,medium,-,short,computer_vision,1.0,1.0,1.0,computer_vision,1.0,1.0,1.0,computer_vision,,,,,True,True,True,True,True,True
C05_058,C05,answer,choice,choice,linguistics,12,easy,-,long,linguistics,1.0,1.0,1.0,linguistics,1.0,1.0,1.0,linguistics,,,,,True,True,True,True,True,True
C05_059,C05,answer,choice,choice,neuroscience,12,hard,long_irrelevant,long,neuroscience,1.0,1.0,1.0,neuroscience,1.0,1.0,1.0,neuroscience,,,,,True,True,True,True,True,True
C05_061,C05,answer,choice,choice,organic_chemistry,12,medium,-,medium,organic_chemistry,1.0,1.0,1.0,organic_chemistry,1.0,1.0,1.0,organic_chemistry,,,,,True,True,True,True,True,True
C06_002,C06,answer,choice,choice,set_alarm,20,medium,-,medium,set_alarm,1.0,1.0,1.0,set_alarm,0.97,0.97,0.97,set_alarm,,,,,True,True,True,True,True,True
C06_004,C06,answer,choice,choice,unlock_door,20,medium,-,medium,unlock_door,0.98,0.98,0.98,unlock_door,0.74,0.75,0.75,unlock_door,,,,,True,True,True,True,True,True
C06_005,C06,answer,choice,choice,set_thermostat,20,easy,-,short,set_thermostat,1.0,1.0,1.0,set_thermostat,1.0,1.0,1.0,set_thermostat,,,,,True,True,True,True,True,True
C06_006,C06,answer,choice,choice,add_to_shopping_list,20,easy,-,short,add_to_shopping_list,1.0,1.0,1.0,add_to_shopping_list,1.0,1.0,1.0,add_to_shopping_list,,,,,True,True,True,True,True,True
C06_008,C06,answer,choice,choice,other,20,medium,-,medium,other,1.0,1.0,1.0,other,0.98,0.98,0.98,other,,,,,True,True,True,True,True,True
C06_009,C06,answer,choice,choice,read_calendar,20,easy,-,short,read_calendar,1.0,1.0,1.0,read_calendar,0.99,0.99,0.99,read_calendar,,,,,True,True,True,True,True,True
C06_011,C06,answer,choice,choice,lights_off,20,medium,-,short,lights_off,1.0,1.0,1.0,lights_off,0.98,0.98,0.98,lights_off,,,,,True,True,True,True,True,True
C06_012,C06,answer,choice,choice,lights_on,20,hard,distractor,short,lights_on,1.0,1.0,1.0,lights_on,1.0,1.0,1.0,lights_on,,,,,True,True,True,True,True,True
C06_015,C06,answer,choice,choice,other,20,medium,-,medium,other,0.97,0.97,0.97,other,0.97,0.97,0.97,other,,,,,True,True,True,True,True,True
C06_016,C06,answer,choice,choice,dim_lights,20,medium,-,short,dim_lights,1.0,1.0,1.0,dim_lights,1.0,1.0,1.0,dim_lights,,,,,True,True,True,True,True,True
C06_017,C06,answer,choice,choice,call_contact,20,easy,-,medium,call_contact,1.0,1.0,1.0,call_contact,1.0,1.0,1.0,call_contact,,,,,True,True,True,True,True,True
C06_018,C06,answer,choice,choice,other,20,easy,-,short,other,1.0,1.0,1.0,other,0.97,0.97,0.97,other,,,,,True,True,True,True,True,True
C06_019,C06,answer,choice,choice,other,20,hard,negation,medium,other,0.69,0.7,0.7,other,0.98,0.98,0.98,set_alarm,,,,,True,True,True,True,False,False
C06_021,C06,answer,choice,choice,volume_up,20,medium,-,short,volume_up,1.0,1.0,1.0,volume_up,0.97,0.97,0.97,volume_up,,,,,True,True,True,True,True,True
C06_023,C06,answer,choice,choice,turn_on_tv,20,hard,distractor,short,turn_on_tv,1.0,1.0,1.0,turn_on_tv,0.96,0.96,0.96,turn_on_tv,,,,,True,True,True,True,True,True
C06_024,C06,answer,choice,choice,dim_lights,20,easy,-,short,dim_lights,0.97,0.97,0.97,dim_lights,0.98,0.98,0.98,dim_lights,,,,,True,True,True,True,True,True
C06_026,C06,answer,choice,choice,pause_music,20,medium,-,short,pause_music,0.81,0.83,0.83,pause_music,0.98,0.98,0.98,pause_music,,,,,True,True,True,True,True,True
C06_027,C06,answer,choice,choice,start_vacuum,20,medium,-,short,start_vacuum,0.95,0.95,0.95,start_vacuum,0.83,0.84,0.84,start_vacuum,,,,,True,True,True,True,True,True
C06_028,C06,answer,choice,choice,check_camera,20,hard,distractor,short,check_camera,1.0,1.0,1.0,check_camera,0.99,0.99,0.99,check_camera,,,,,True,True,True,True,True,True
C06_029,C06,answer,choice,choice,lights_off,20,hard,implicit,short,lights_off,1.0,1.0,1.0,lights_off,1.0,1.0,1.0,lights_off,,,,,True,True,True,True,True,True
C06_030,C06,answer,choice,choice,turn_on_tv,20,easy,-,medium,turn_on_tv,0.99,0.99,0.99,turn_on_tv,0.95,0.95,0.95,turn_on_tv,,,,,True,True,True,True,True,True
C06_031,C06,answer,choice,choice,volume_up,20,medium,-,medium,volume_up,1.0,1.0,1.0,volume_up,1.0,1.0,1.0,volume_up,,,,,True,True,True,True,True,True
C06_032,C06,answer,choice,choice,volume_down,20,hard,implicit,medium,volume_down,1.0,1.0,1.0,volume_down,1.0,1.0,1.0,volume_down,,,,,True,True,True,True,True,True
C06_033,C06,answer,choice,choice,volume_up,20,hard,distractor,short,volume_up,1.0,1.0,1.0,volume_up,1.0,1.0,1.0,volume_up,,,,,True,True,True,True,True,True
C06_035,C06,answer,choice,choice,call_contact,20,hard,implicit,short,call_contact,1.0,1.0,1.0,call_contact,0.67,0.69,0.69,call_contact,,,,,True,True,True,True,True,True
C06_037,C06,answer,choice,choice,set_alarm,20,easy,-,medium,set_alarm,1.0,1.0,1.0,set_alarm,1.0,1.0,1.0,set_alarm,,,,,True,True,True,True,True,True
C06_038,C06,answer,choice,choice,turn_on_tv,20,medium,-,medium,turn_on_tv,0.99,0.99,0.99,turn_on_tv,0.79,0.8,0.8,turn_on_tv,,,,,True,True,True,True,True,True
C06_039,C06,answer,choice,choice,add_to_shopping_list,20,hard,negation,short,add_to_shopping_list,1.0,1.0,1.0,add_to_shopping_list,0.99,0.99,0.99,add_to_shopping_list,,,,,True,True,True,True,True,True
C06_040,C06,answer,choice,choice,other,20,easy,-,short,other,1.0,1.0,1.0,other,0.99,0.99,0.99,other,,,,,True,True,True,True,True,True
C06_041,C06,answer,choice,choice,play_music,20,easy,-,short,play_music,1.0,1.0,1.0,play_music,0.99,0.99,0.99,play_music,,,,,True,True,True,True,True,True
C06_043,C06,answer,choice,choice,pause_music,20,medium,-,short,pause_music,0.88,0.89,0.89,pause_music,0.95,0.95,0.95,pause_music,,,,,True,True,True,True,True,True
C06_044,C06,answer,choice,choice,read_calendar,20,medium,-,short,read_calendar,1.0,1.0,1.0,read_calendar,0.94,0.94,0.94,read_calendar,,,,,True,True,True,True,True,True
C06_045,C06,answer,choice,choice,lights_on,20,medium,-,short,lights_on,0.98,0.99,0.99,lights_on,0.99,0.99,0.99,lights_on,,,,,True,True,True,True,True,True
C06_047,C06,answer,choice,choice,pause_music,20,hard,negation,short,pause_music,1.0,1.0,1.0,pause_music,1.0,1.0,1.0,pause_music,,,,,True,True,True,True,True,True
C06_048,C06,answer,choice,choice,set_timer,20,medium,-,medium,set_timer,1.0,1.0,1.0,set_timer,0.98,0.98,0.98,set_timer,,,,,True,True,True,True,True,True
C06_050,C06,answer,choice,choice,weather_query,20,medium,-,short,weather_query,0.63,0.65,0.65,weather_query,0.94,0.94,0.94,weather_query,,,,,True,True,True,True,True,True
C06_053,C06,answer,choice,choice,lock_door,20,easy,-,medium,lock_door,1.0,1.0,1.0,lock_door,0.76,0.77,0.77,lock_door,,,,,True,True,True,True,True,True
C06_055,C06,answer,choice,choice,read_calendar,20,hard,negation,short,read_calendar,1.0,1.0,1.0,read_calendar,0.83,0.84,0.84,read_calendar,,,,,True,True,True,True,True,True
C06_056,C06,answer,choice,choice,check_camera,20,easy,-,short,check_camera,1.0,1.0,1.0,check_camera,1.0,1.0,1.0,check_camera,,,,,True,True,True,True,True,True
C06_057,C06,answer,choice,choice,dim_lights,20,hard,negation,short,dim_lights,1.0,1.0,1.0,dim_lights,1.0,1.0,1.0,dim_lights,,,,,True,True,True,True,True,True
C06_059,C06,answer,choice,choice,set_timer,20,easy,-,short,set_timer,1.0,1.0,1.0,set_timer,1.0,1.0,1.0,set_timer,,,,,True,True,True,True,True,True
C06_061,C06,answer,choice,choice,start_vacuum,20,hard,negation,short,start_vacuum,0.97,0.98,0.98,start_vacuum,0.98,0.98,0.98,start_vacuum,,,,,True,True,True,True,True,True
C06_062,C06,answer,choice,choice,weather_query,20,medium,-,medium,weather_query,1.0,1.0,1.0,weather_query,1.0,1.0,1.0,weather_query,,,,,True,True,True,True,True,True
C06_063,C06,answer,choice,choice,volume_down,20,easy,-,short,volume_down,1.0,1.0,1.0,volume_down,0.96,0.96,0.96,volume_down,,,,,True,True,True,True,True,True
C06_064,C06,answer,choice,choice,lock_door,20,hard,distractor,short,lock_door,1.0,1.0,1.0,lock_door,0.71,0.72,0.72,lock_door,,,,,True,True,True,True,True,True
C06_065,C06,answer,choice,choice,play_music,20,hard,implicit,short,play_music,1.0,1.0,1.0,play_music,0.99,0.99,0.99,play_music,,,,,True,True,True,True,True,True
C06_066,C06,answer,choice,choice,call_contact,20,easy,-,short,call_contact,1.0,1.0,1.0,call_contact,1.0,1.0,1.0,call_contact,,,,,True,True,True,True,True,True
C06_067,C06,answer,choice,choice,set_thermostat,20,hard,distractor,medium,set_thermostat,1.0,1.0,1.0,set_thermostat,1.0,1.0,1.0,set_thermostat,,,,,True,True,True,True,True,True
C06_068,C06,answer,choice,choice,unlock_door,20,hard,implicit,short,unlock_door,0.99,1.0,1.0,unlock_door,0.75,0.76,0.76,unlock_door,,,,,True,True,True,True,True,True
C06_069,C06,answer,choice,choice,weather_query,20,hard,implicit,short,weather_query,1.0,1.0,1.0,weather_query,0.99,0.99,0.99,weather_query,,,,,True,True,True,True,True,True
C07_000,C07,answer,choice,choice,dermatology,6,easy,-,long,dermatology,1.0,1.0,1.0,dermatology,1.0,1.0,1.0,dermatology,,,,,True,True,True,True,True,True
C07_001,C07,answer,choice,choice,cardiology,6,hard,distractor,short,cardiology,1.0,1.0,1.0,cardiology,1.0,1.0,1.0,cardiology,,,,,True,True,True,True,True,True
C07_002,C07,answer,choice,choice,gastroenterology,6,hard,implicit,long,gastroenterology,1.0,1.0,1.0,gastroenterology,1.0,1.0,1.0,gastroenterology,,,,,True,True,True,True,True,True
C07_004,C07,answer,choice,choice,dermatology,6,medium,-,short,dermatology,1.0,1.0,1.0,dermatology,1.0,1.0,1.0,dermatology,,,,,True,True,True,True,True,True
C07_005,C07,answer,choice,choice,dermatology,6,hard,distractor,long,dermatology,1.0,1.0,1.0,dermatology,1.0,1.0,1.0,dermatology,,,,,True,True,True,True,True,True
C07_006,C07,answer,choice,choice,dermatology,6,hard,implicit,medium,dermatology,1.0,1.0,1.0,dermatology,1.0,1.0,1.0,dermatology,,,,,True,True,True,True,True,True
C07_007,C07,answer,choice,choice,neurology,6,medium,-,long,neurology,1.0,1.0,1.0,neurology,0.99,0.99,0.99,neurology,,,,,True,True,True,True,True,True
C07_008,C07,answer,choice,choice,orthopedics,6,hard,long_irrelevant,long,orthopedics,1.0,1.0,1.0,orthopedics,0.99,0.99,0.99,orthopedics,,,,,True,True,True,True,True,True
C07_009,C07,answer,choice,choice,dermatology,6,hard,long_irrelevant,long,dermatology,1.0,1.0,1.0,dermatology,0.98,0.98,0.98,dermatology,,,,,True,True,True,True,True,True
C07_010,C07,answer,choice,choice,gastroenterology,6,easy,-,short,gastroenterology,1.0,1.0,1.0,gastroenterology,0.95,0.96,0.96,gastroenterology,,,,,True,True,True,True,True,True
C07_011,C07,answer,choice,choice,orthopedics,6,medium,-,short,orthopedics,1.0,1.0,1.0,orthopedics,1.0,1.0,1.0,orthopedics,,,,,True,True,True,True,True,True
C07_012,C07,answer,choice,choice,cardiology,6,easy,-,medium,cardiology,1.0,1.0,1.0,cardiology,1.0,1.0,1.0,cardiology,,,,,True,True,True,True,True,True
C07_013,C07,answer,choice,choice,cardiology,6,medium,-,medium,cardiology,1.0,1.0,1.0,cardiology,1.0,1.0,1.0,cardiology,,,,,True,True,True,True,True,True
C07_014,C07,answer,choice,choice,cardiology,6,easy,-,short,cardiology,1.0,1.0,1.0,cardiology,1.0,1.0,1.0,cardiology,,,,,True,True,True,True,True,True
C07_015,C07,answer,choice,choice,cardiology,6,hard,long_irrelevant,long,cardiology,1.0,1.0,1.0,cardiology,0.99,0.99,0.99,cardiology,,,,,True,True,True,True,True,True
C07_016,C07,answer,choice,choice,gastroenterology,6,medium,-,medium,gastroenterology,1.0,1.0,1.0,gastroenterology,0.99,0.99,0.99,gastroenterology,,,,,True,True,True,True,True,True
C07_017,C07,answer,choice,choice,orthopedics,6,hard,implicit,medium,orthopedics,1.0,1.0,1.0,orthopedics,1.0,1.0,1.0,orthopedics,,,,,True,True,True,True,True,True
C07_018,C07,answer,choice,choice,neurology,6,medium,-,long,neurology,1.0,1.0,1.0,neurology,1.0,1.0,1.0,neurology,,,,,True,True,True,True,True,True
C07_019,C07,answer,choice,choice,gastroenterology,6,easy,-,short,gastroenterology,1.0,1.0,1.0,gastroenterology,0.96,0.97,0.97,gastroenterology,,,,,True,True,True,True,True,True
C07_020,C07,answer,choice,choice,neurology,6,easy,-,short,neurology,0.99,0.99,0.99,neurology,0.75,0.79,0.79,neurology,,,,,True,True,True,True,True,True
C07_021,C07,answer,choice,choice,ophthalmology,6,medium,-,medium,ophthalmology,1.0,1.0,1.0,ophthalmology,1.0,1.0,1.0,ophthalmology,,,,,True,True,True,True,True,True
C07_022,C07,answer,choice,choice,neurology,6,medium,-,short,neurology,1.0,1.0,1.0,neurology,0.98,0.98,0.98,neurology,,,,,True,True,True,True,True,True
C07_023,C07,answer,choice,choice,gastroenterology,6,hard,distractor,short,gastroenterology,1.0,1.0,1.0,gastroenterology,1.0,1.0,1.0,gastroenterology,,,,,True,True,True,True,True,True
C07_024,C07,answer,choice,choice,orthopedics,6,medium,-,long,orthopedics,1.0,1.0,1.0,orthopedics,1.0,1.0,1.0,orthopedics,,,,,True,True,True,True,True,True
C07_026,C07,answer,choice,choice,dermatology,6,medium,-,long,dermatology,1.0,1.0,1.0,dermatology,1.0,1.0,1.0,dermatology,,,,,True,True,True,True,True,True
C07_027,C07,answer,choice,choice,dermatology,6,medium,-,medium,dermatology,1.0,1.0,1.0,dermatology,1.0,1.0,1.0,dermatology,,,,,True,True,True,True,True,True
C07_028,C07,answer,choice,choice,ophthalmology,6,hard,long_irrelevant,long,ophthalmology,1.0,1.0,1.0,ophthalmology,1.0,1.0,1.0,ophthalmology,,,,,True,True,True,True,True,True
C07_029,C07,answer,choice,choice,ophthalmology,6,easy,-,medium,ophthalmology,1.0,1.0,1.0,ophthalmology,1.0,1.0,1.0,ophthalmology,,,,,True,True,True,True,True,True
C07_030,C07,answer,choice,choice,ophthalmology,6,medium,-,long,ophthalmology,1.0,1.0,1.0,ophthalmology,1.0,1.0,1.0,ophthalmology,,,,,True,True,True,True,True,True
C07_031,C07,answer,choice,choice,ophthalmology,6,hard,implicit,short,ophthalmology,1.0,1.0,1.0,ophthalmology,1.0,1.0,1.0,ophthalmology,,,,,True,True,True,True,True,True
C07_033,C07,answer,choice,choice,gastroenterology,6,medium,-,short,gastroenterology,1.0,1.0,1.0,gastroenterology,1.0,1.0,1.0,gastroenterology,,,,,True,True,True,True,True,True
C07_034,C07,answer,choice,choice,neurology,6,easy,-,medium,neurology,1.0,1.0,1.0,neurology,1.0,1.0,1.0,neurology,,,,,True,True,True,True,True,True
C07_035,C07,answer,choice,choice,neurology,6,easy,-,medium,neurology,1.0,1.0,1.0,neurology,0.96,0.97,0.97,neurology,,,,,True,True,True,True,True,True
C07_036,C07,answer,choice,choice,cardiology,6,medium,-,short,cardiology,1.0,1.0,1.0,cardiology,0.99,0.99,0.99,cardiology,,,,,True,True,True,True,True,True
C07_037,C07,answer,choice,choice,gastroenterology,6,easy,-,short,gastroenterology,1.0,1.0,1.0,gastroenterology,1.0,1.0,1.0,gastroenterology,,,,,True,True,True,True,True,True
C07_038,C07,answer,choice,choice,neurology,6,medium,-,medium,neurology,1.0,1.0,1.0,neurology,1.0,1.0,1.0,neurology,,,,,True,True,True,True,True,True
C07_039,C07,answer,choice,choice,cardiology,6,easy,-,short,cardiology,1.0,1.0,1.0,cardiology,1.0,1.0,1.0,cardiology,,,,,True,True,True,True,True,True
C07_040,C07,answer,choice,choice,ophthalmology,6,medium,-,short,ophthalmology,1.0,1.0,1.0,ophthalmology,0.99,0.99,0.99,ophthalmology,,,,,True,True,True,True,True,True
C07_041,C07,answer,choice,choice,ophthalmology,6,easy,-,medium,ophthalmology,1.0,1.0,1.0,ophthalmology,1.0,1.0,1.0,ophthalmology,,,,,True,True,True,True,True,True
C07_043,C07,answer,choice,choice,orthopedics,6,medium,-,medium,orthopedics,1.0,1.0,1.0,orthopedics,1.0,1.0,1.0,orthopedics,,,,,True,True,True,True,True,True
C07_044,C07,answer,choice,choice,neurology,6,hard,distractor,medium,neurology,1.0,1.0,1.0,neurology,1.0,1.0,1.0,neurology,,,,,True,True,True,True,True,True
C07_045,C07,answer,choice,choice,dermatology,6,easy,-,medium,dermatology,1.0,1.0,1.0,dermatology,0.99,0.99,0.99,dermatology,,,,,True,True,True,True,True,True
C07_046,C07,answer,choice,choice,ophthalmology,6,easy,-,medium,ophthalmology,1.0,1.0,1.0,ophthalmology,1.0,1.0,1.0,ophthalmology,,,,,True,True,True,True,True,True
C07_047,C07,answer,choice,choice,cardiology,6,medium,-,short,cardiology,1.0,1.0,1.0,cardiology,0.99,0.99,0.99,cardiology,,,,,True,True,True,True,True,True
C07_048,C07,answer,choice,choice,orthopedics,6,medium,-,short,orthopedics,1.0,1.0,1.0,orthopedics,1.0,1.0,1.0,orthopedics,,,,,True,True,True,True,True,True
C07_049,C07,answer,choice,choice,orthopedics,6,hard,distractor,short,orthopedics,1.0,1.0,1.0,orthopedics,1.0,1.0,1.0,orthopedics,,,,,True,True,True,True,True,True
C07_050,C07,answer,choice,choice,orthopedics,6,easy,-,long,orthopedics,1.0,1.0,1.0,orthopedics,1.0,1.0,1.0,orthopedics,,,,,True,True,True,True,True,True
C07_052,C07,answer,choice,choice,dermatology,6,easy,-,long,dermatology,1.0,1.0,1.0,dermatology,1.0,1.0,1.0,dermatology,,,,,True,True,True,True,True,True
C07_054,C07,answer,choice,choice,gastroenterology,6,hard,long_irrelevant,long,gastroenterology,1.0,1.0,1.0,gastroenterology,0.99,0.99,0.99,gastroenterology,,,,,True,True,True,True,True,True
C07_055,C07,answer,choice,choice,orthopedics,6,easy,-,medium,orthopedics,1.0,1.0,1.0,orthopedics,1.0,1.0,1.0,orthopedics,,,,,True,True,True,True,True,True
C08_000,C08,answer,choice,choice,bash,12,hard,distractor,short,bash,1.0,1.0,1.0,bash,0.99,0.99,0.99,bash,,,,,True,True,True,True,True,True
C08_002,C08,answer,choice,choice,sql,12,medium,-,long,sql,1.0,1.0,1.0,sql,1.0,1.0,1.0,sql,,,,,True,True,True,True,True,True
C08_003,C08,answer,choice,choice,css,12,medium,-,short,css,0.97,0.98,0.98,css,1.0,1.0,1.0,css,,,,,True,True,True,True,True,True
C08_005,C08,answer,choice,choice,css,12,easy,-,medium,css,1.0,1.0,1.0,css,1.0,1.0,1.0,css,,,,,True,True,True,True,True,True
C08_006,C08,answer,choice,choice,rust,12,medium,-,medium,rust,1.0,1.0,1.0,rust,1.0,1.0,1.0,rust,,,,,True,True,True,True,True,True
C08_007,C08,answer,choice,choice,bash,12,hard,long_irrelevant,long,bash,1.0,1.0,1.0,bash,1.0,1.0,1.0,bash,,,,,True,True,True,True,True,True
C08_008,C08,answer,choice,choice,r,12,medium,-,medium,r,1.0,1.0,1.0,r,1.0,1.0,1.0,r,,,,,True,True,True,True,True,True
C08_010,C08,answer,choice,choice,git,12,medium,-,short,git,1.0,1.0,1.0,git,1.0,1.0,1.0,git,,,,,True,True,True,True,True,True
C08_011,C08,answer,choice,choice,sql,12,easy,-,short,sql,1.0,1.0,1.0,sql,1.0,1.0,1.0,sql,,,,,True,True,True,True,True,True
C08_013,C08,answer,choice,choice,css,12,easy,-,short,css,1.0,1.0,1.0,css,1.0,1.0,1.0,css,,,,,True,True,True,True,True,True
C08_015,C08,answer,choice,choice,java,12,hard,distractor,long,java,1.0,1.0,1.0,java,1.0,1.0,1.0,java,,,,,True,True,True,True,True,True
C08_016,C08,answer,choice,choice,cpp,12,medium,-,short,cpp,1.0,1.0,1.0,cpp,1.0,1.0,1.0,cpp,,,,,True,True,True,True,True,True
C08_017,C08,answer,choice,choice,cpp,12,hard,long_irrelevant,long,cpp,1.0,1.0,1.0,cpp,1.0,1.0,1.0,cpp,,,,,True,True,True,True,True,True
C08_019,C08,answer,choice,choice,rust,12,easy,-,long,rust,1.0,1.0,1.0,rust,1.0,1.0,1.0,rust,,,,,True,True,True,True,True,True
C08_022,C08,answer,choice,choice,go,12,medium,-,short,go,1.0,1.0,1.0,go,1.0,1.0,1.0,go,,,,,True,True,True,True,True,True
C08_024,C08,answer,choice,choice,css,12,hard,implicit,long,css,1.0,1.0,1.0,css,1.0,1.0,1.0,css,,,,,True,True,True,True,True,True
C08_025,C08,answer,choice,choice,docker,12,easy,-,medium,docker,1.0,1.0,1.0,docker,1.0,1.0,1.0,docker,,,,,True,True,True,True,True,True
C08_026,C08,answer,choice,choice,javascript,12,easy,-,short,javascript,1.0,1.0,1.0,javascript,1.0,1.0,1.0,javascript,,,,,True,True,True,True,True,True
C08_027,C08,answer,choice,choice,sql,12,medium,-,medium,sql,1.0,1.0,1.0,sql,1.0,1.0,1.0,sql,,,,,True,True,True,True,True,True
C08_028,C08,answer,choice,choice,r,12,hard,long_irrelevant,long,r,1.0,1.0,1.0,r,1.0,1.0,1.0,r,,,,,True,True,True,True,True,True
C08_030,C08,answer,choice,choice,go,12,hard,implicit,short,go,1.0,1.0,1.0,go,1.0,1.0,1.0,go,,,,,True,True,True,True,True,True
C08_031,C08,answer,choice,choice,git,12,easy,-,medium,git,0.99,0.99,0.99,git,1.0,1.0,1.0,git,,,,,True,True,True,True,True,True
C08_032,C08,answer,choice,choice,bash,12,easy,-,short,bash,1.0,1.0,1.0,bash,1.0,1.0,1.0,bash,,,,,True,True,True,True,True,True
C08_033,C08,answer,choice,choice,cpp,12,easy,-,short,cpp,1.0,1.0,1.0,cpp,1.0,1.0,1.0,cpp,,,,,True,True,True,True,True,True
C08_034,C08,answer,choice,choice,javascript,12,medium,-,medium,javascript,1.0,1.0,1.0,javascript,1.0,1.0,1.0,javascript,,,,,True,True,True,True,True,True
C08_036,C08,answer,choice,choice,javascript,12,medium,-,long,javascript,1.0,1.0,1.0,javascript,1.0,1.0,1.0,javascript,,,,,True,True,True,True,True,True
C08_037,C08,answer,choice,choice,go,12,easy,-,short,go,1.0,1.0,1.0,go,1.0,1.0,1.0,go,,,,,True,True,True,True,True,True
C08_038,C08,answer,choice,choice,rust,12,easy,-,medium,rust,1.0,1.0,1.0,rust,1.0,1.0,1.0,rust,,,,,True,True,True,True,True,True
C08_039,C08,answer,choice,choice,go,12,medium,-,medium,go,1.0,1.0,1.0,go,1.0,1.0,1.0,go,,,,,True,True,True,True,True,True
C08_040,C08,answer,choice,choice,bash,12,easy,-,medium,bash,0.99,0.99,0.99,bash,1.0,1.0,1.0,bash,,,,,True,True,True,True,True,True
C08_041,C08,answer,choice,choice,sql,12,hard,long_irrelevant,long,sql,1.0,1.0,1.0,sql,1.0,1.0,1.0,sql,,,,,True,True,True,True,True,True
C08_042,C08,answer,choice,choice,git,12,hard,long_irrelevant,long,git,1.0,1.0,1.0,git,1.0,1.0,1.0,git,,,,,True,True,True,True,True,True
C08_043,C08,answer,choice,choice,git,12,medium,-,short,git,1.0,1.0,1.0,git,1.0,1.0,1.0,git,,,,,True,True,True,True,True,True
C08_044,C08,answer,choice,choice,docker,12,hard,implicit,short,docker,1.0,1.0,1.0,docker,1.0,1.0,1.0,docker,,,,,True,True,True,True,True,True
C08_045,C08,answer,choice,choice,r,12,easy,-,short,r,1.0,1.0,1.0,r,1.0,1.0,1.0,r,,,,,True,True,True,True,True,True
C08_046,C08,answer,choice,choice,java,12,hard,long_irrelevant,long,java,1.0,1.0,1.0,java,1.0,1.0,1.0,java,,,,,True,True,True,True,True,True
C08_047,C08,answer,choice,choice,bash,12,medium,-,medium,bash,1.0,1.0,1.0,bash,1.0,1.0,1.0,bash,,,,,True,True,True,True,True,True
C08_048,C08,answer,choice,choice,cpp,12,medium,-,short,cpp,1.0,1.0,1.0,cpp,1.0,1.0,1.0,cpp,,,,,True,True,True,True,True,True
C08_050,C08,answer,choice,choice,r,12,medium,-,medium,r,1.0,1.0,1.0,r,1.0,1.0,1.0,r,,,,,True,True,True,True,True,True
C08_051,C08,answer,choice,choice,javascript,12,hard,implicit,short,javascript,1.0,1.0,1.0,javascript,1.0,1.0,1.0,javascript,,,,,True,True,True,True,True,True
C08_052,C08,answer,choice,choice,python,12,easy,-,short,python,1.0,1.0,1.0,python,1.0,1.0,1.0,python,,,,,True,True,True,True,True,True
C08_054,C08,answer,choice,choice,docker,12,hard,distractor,medium,docker,0.71,0.74,0.74,docker,0.89,0.9,0.9,docker,,,,,True,True,True,True,True,True
C08_056,C08,answer,choice,choice,docker,12,medium,-,long,docker,1.0,1.0,1.0,docker,1.0,1.0,1.0,docker,,,,,True,True,True,True,True,True
C08_057,C08,answer,choice,choice,java,12,easy,-,medium,java,1.0,1.0,1.0,java,1.0,1.0,1.0,java,,,,,True,True,True,True,True,True
C08_058,C08,answer,choice,choice,docker,12,easy,-,medium,docker,1.0,1.0,1.0,docker,1.0,1.0,1.0,docker,,,,,True,True,True,True,True,True
C08_059,C08,answer,choice,choice,rust,12,hard,implicit,short,rust,0.95,0.96,0.96,rust,1.0,1.0,1.0,rust,,,,,True,True,True,True,True,True
C08_060,C08,answer,choice,choice,java,12,medium,-,medium,java,1.0,1.0,1.0,java,1.0,1.0,1.0,java,,,,,True,True,True,True,True,True
C08_061,C08,answer,choice,choice,python,12,easy,-,short,python,1.0,1.0,1.0,python,0.97,0.97,0.97,python,,,,,True,True,True,True,True,True
C08_062,C08,answer,choice,choice,python,12,medium,-,short,python,1.0,1.0,1.0,python,1.0,1.0,1.0,python,,,,,True,True,True,True,True,True
C08_063,C08,answer,choice,choice,python,12,medium,-,short,python,1.0,1.0,1.0,python,1.0,1.0,1.0,python,,,,,True,True,True,True,True,True
C09_000,C09,answer,choice,choice,harassment,5,medium,-,medium,harassment,1.0,1.0,1.0,harassment,1.0,1.0,1.0,harassment,,,,,True,True,True,True,True,True
C09_001,C09,answer,choice,choice,misinformation,5,medium,-,medium,misinformation,0.97,0.98,0.98,misinformation,1.0,1.0,1.0,misinformation,,,,,True,True,True,True,True,True
C09_002,C09,answer,choice,choice,harassment,5,easy,-,short,harassment,1.0,1.0,1.0,harassment,1.0,1.0,1.0,harassment,,,,,True,True,True,True,True,True
C09_003,C09,answer,choice,choice,misinformation,5,hard,distractor,short,misinformation,0.96,0.97,0.97,misinformation,0.74,0.79,0.79,misinformation,,,,,True,True,True,True,True,True
C09_004,C09,answer,choice,choice,misinformation,5,medium,-,medium,misinformation,0.78,0.82,0.82,misinformation,0.68,0.74,0.74,misinformation,,,,,True,True,True,True,True,True
C09_006,C09,answer,choice,choice,acceptable,5,easy,-,short,acceptable,0.99,0.99,0.99,acceptable,0.99,0.99,0.99,acceptable,,,,,True,True,True,True,True,True
C09_007,C09,answer,choice,choice,spam,5,hard,distractor,medium,spam,0.99,0.99,0.99,spam,1.0,1.0,1.0,spam,,,,,True,True,True,True,True,True
C09_008,C09,answer,choice,choice,harassment,5,easy,-,short,harassment,1.0,1.0,1.0,harassment,1.0,1.0,1.0,harassment,,,,,True,True,True,True,True,True
C09_009,C09,answer,choice,choice,off_topic,5,medium,-,medium,off_topic,1.0,1.0,1.0,off_topic,0.99,0.99,0.99,off_topic,,,,,True,True,True,True,True,True
C09_010,C09,answer,choice,choice,acceptable,5,medium,-,short,acceptable,1.0,1.0,1.0,acceptable,1.0,1.0,1.0,acceptable,,,,,True,True,True,True,True,True
C09_011,C09,answer,choice,choice,harassment,5,hard,sarcasm,short,harassment,1.0,1.0,1.0,harassment,1.0,1.0,1.0,harassment,,,,,True,True,True,True,True,True
C09_012,C09,answer,choice,choice,misinformation,5,hard,implicit,medium,misinformation,0.98,0.98,0.98,misinformation,0.99,0.99,0.99,misinformation,,,,,True,True,True,True,True,True
C09_013,C09,answer,choice,choice,spam,5,medium,-,medium,spam,0.99,0.99,0.99,spam,1.0,1.0,1.0,spam,,,,,True,True,True,True,True,True
C09_014,C09,answer,choice,choice,harassment,5,hard,distractor,medium,harassment,1.0,1.0,1.0,harassment,1.0,1.0,1.0,harassment,,,,,True,True,True,True,True,True
C09_015,C09,answer,choice,choice,harassment,5,hard,implicit,short,harassment,0.99,1.0,1.0,harassment,0.99,0.99,0.99,harassment,,,,,True,True,True,True,True,True
C09_016,C09,answer,choice,choice,acceptable,5,medium,-,long,acceptable,1.0,1.0,1.0,acceptable,1.0,1.0,1.0,acceptable,,,,,True,True,True,True,True,True
C09_017,C09,answer,choice,choice,off_topic,5,hard,sarcasm,medium,off_topic,0.99,0.99,0.99,off_topic,1.0,1.0,1.0,off_topic,,,,,True,True,True,True,True,True
C09_018,C09,answer,choice,choice,acceptable,5,easy,-,short,acceptable,1.0,1.0,1.0,acceptable,1.0,1.0,1.0,acceptable,,,,,True,True,True,True,True,True
C09_019,C09,answer,choice,choice,off_topic,5,medium,-,short,off_topic,1.0,1.0,1.0,off_topic,1.0,1.0,1.0,off_topic,,,,,True,True,True,True,True,True
C09_020,C09,answer,choice,choice,misinformation,5,easy,-,short,misinformation,1.0,1.0,1.0,misinformation,1.0,1.0,1.0,misinformation,,,,,True,True,True,True,True,True
C09_021,C09,answer,choice,choice,off_topic,5,hard,sarcasm,long,off_topic,0.98,0.99,0.99,off_topic,1.0,1.0,1.0,off_topic,,,,,True,True,True,True,True,True
C09_022,C09,answer,choice,choice,misinformation,5,hard,sarcasm,medium,misinformation,0.37,0.5,0.5,misinformation,0.59,0.67,0.67,misinformation,,,,,True,True,True,True,True,True
C09_023,C09,answer,choice,choice,acceptable,5,hard,implicit,short,acceptable,1.0,1.0,1.0,acceptable,1.0,1.0,1.0,acceptable,,,,,True,True,True,True,True,True
C09_024,C09,answer,choice,choice,misinformation,5,medium,-,medium,misinformation,1.0,1.0,1.0,misinformation,1.0,1.0,1.0,misinformation,,,,,True,True,True,True,True,True
C09_025,C09,answer,choice,choice,spam,5,hard,sarcasm,short,spam,1.0,1.0,1.0,spam,1.0,1.0,1.0,spam,,,,,True,True,True,True,True,True
C09_027,C09,answer,choice,choice,harassment,5,medium,-,short,harassment,0.99,0.99,0.99,harassment,1.0,1.0,1.0,harassment,,,,,True,True,True,True,True,True
C09_029,C09,answer,choice,choice,acceptable,5,medium,-,medium,acceptable,1.0,1.0,1.0,acceptable,1.0,1.0,1.0,acceptable,,,,,True,True,True,True,True,True
C09_030,C09,answer,choice,choice,misinformation,5,medium,-,medium,misinformation,0.95,0.96,0.96,misinformation,0.96,0.97,0.97,misinformation,,,,,True,True,True,True,True,True
C09_031,C09,answer,choice,choice,harassment,5,medium,-,medium,harassment,0.94,0.96,0.96,harassment,0.87,0.9,0.9,acceptable,,,,,True,True,True,True,False,False
C09_032,C09,answer,choice,choice,off_topic,5,hard,distractor,long,off_topic,1.0,1.0,1.0,off_topic,0.91,0.93,0.93,off_topic,,,,,True,True,True,True,True,True
C09_033,C09,answer,choice,choice,acceptable,5,medium,-,short,acceptable,1.0,1.0,1.0,acceptable,1.0,1.0,1.0,acceptable,,,,,True,True,True,True,True,True
C09_034,C09,answer,choice,choice,spam,5,medium,-,medium,spam,0.99,1.0,1.0,spam,1.0,1.0,1.0,spam,,,,,True,True,True,True,True,True
C09_035,C09,answer,choice,choice,off_topic,5,hard,implicit,medium,off_topic,1.0,1.0,1.0,off_topic,1.0,1.0,1.0,off_topic,,,,,True,True,True,True,True,True
C09_036,C09,answer,choice,choice,spam,5,easy,-,short,spam,1.0,1.0,1.0,spam,1.0,1.0,1.0,spam,,,,,True,True,True,True,True,True
C09_037,C09,answer,choice,choice,acceptable,5,easy,-,long,acceptable,1.0,1.0,1.0,acceptable,1.0,1.0,1.0,acceptable,,,,,True,True,True,True,True,True
C09_038,C09,answer,choice,choice,acceptable,5,hard,distractor,medium,acceptable,0.99,0.99,0.99,acceptable,0.91,0.93,0.93,acceptable,,,,,True,True,True,True,True,True
C09_039,C09,answer,choice,choice,acceptable,5,hard,sarcasm,long,acceptable,1.0,1.0,1.0,acceptable,1.0,1.0,1.0,acceptable,,,,,True,True,True,True,True,True
C09_040,C09,answer,choice,choice,spam,5,hard,implicit,medium,spam,0.81,0.85,0.85,spam,1.0,1.0,1.0,spam,,,,,True,True,True,True,True,True
C09_041,C09,answer,choice,choice,misinformation,5,easy,-,medium,misinformation,0.99,0.99,0.99,misinformation,1.0,1.0,1.0,misinformation,,,,,True,True,True,True,True,True
C09_042,C09,answer,choice,choice,spam,5,easy,-,medium,spam,1.0,1.0,1.0,spam,1.0,1.0,1.0,spam,,,,,True,True,True,True,True,True
C09_043,C09,answer,choice,choice,spam,5,easy,-,medium,spam,1.0,1.0,1.0,spam,1.0,1.0,1.0,spam,,,,,True,True,True,True,True,True
C09_044,C09,answer,choice,choice,off_topic,5,easy,-,medium,off_topic,1.0,1.0,1.0,off_topic,1.0,1.0,1.0,off_topic,,,,,True,True,True,True,True,True
C09_045,C09,answer,choice,choice,off_topic,5,medium,-,short,off_topic,1.0,1.0,1.0,off_topic,1.0,1.0,1.0,off_topic,,,,,True,True,True,True,True,True
C09_046,C09,answer,choice,choice,off_topic,5,easy,-,long,off_topic,1.0,1.0,1.0,off_topic,1.0,1.0,1.0,off_topic,,,,,True,True,True,True,True,True
C09_047,C09,answer,choice,choice,harassment,5,hard,distractor,short,harassment,0.99,1.0,1.0,harassment,0.99,0.99,0.99,harassment,,,,,True,True,True,True,True,True
C09_049,C09,answer,choice,choice,harassment,5,medium,-,short,harassment,0.99,0.99,0.99,harassment,0.95,0.96,0.96,harassment,,,,,True,True,True,True,True,True
C09_050,C09,answer,choice,choice,misinformation,5,medium,-,medium,misinformation,1.0,1.0,1.0,misinformation,1.0,1.0,1.0,misinformation,,,,,True,True,True,True,True,True
C09_051,C09,answer,choice,choice,spam,5,medium,-,short,spam,0.97,0.98,0.98,spam,0.99,0.99,0.99,spam,,,,,True,True,True,True,True,True
C09_052,C09,answer,choice,choice,spam,5,easy,-,medium,spam,0.99,0.99,0.99,spam,1.0,1.0,1.0,spam,,,,,True,True,True,True,True,True
C09_053,C09,answer,choice,choice,off_topic,5,medium,-,medium,off_topic,1.0,1.0,1.0,off_topic,1.0,1.0,1.0,off_topic,,,,,True,True,True,True,True,True
C10_000,C10,answer,choice,choice,staff_service,6,hard,implicit,medium,staff_service,1.0,1.0,1.0,staff_service,1.0,1.0,1.0,staff_service,,,,,True,True,True,True,True,True
C10_001,C10,answer,choice,choice,location,6,easy,-,short,location,1.0,1.0,1.0,location,1.0,1.0,1.0,location,,,,,True,True,True,True,True,True
C10_002,C10,answer,choice,choice,food,6,medium,-,short,food,1.0,1.0,1.0,food,0.98,0.98,0.98,food,,,,,True,True,True,True,True,True
C10_004,C10,answer,choice,choice,cleanliness,6,easy,-,short,cleanliness,1.0,1.0,1.0,cleanliness,1.0,1.0,1.0,cleanliness,,,,,True,True,True,True,True,True
C10_005,C10,answer,choice,choice,location,6,medium,-,medium,location,1.0,1.0,1.0,location,1.0,1.0,1.0,location,,,,,True,True,True,True,True,True
C10_006,C10,answer,choice,choice,food,6,hard,sarcasm,long,food,1.0,1.0,1.0,food,1.0,1.0,1.0,food,,,,,True,True,True,True,True,True
C10_007,C10,answer,choice,choice,room_comfort,6,hard,implicit,medium,room_comfort,1.0,1.0,1.0,room_comfort,1.0,1.0,1.0,room_comfort,,,,,True,True,True,True,True,True
C10_008,C10,answer,choice,choice,cleanliness,6,medium,-,short,cleanliness,1.0,1.0,1.0,cleanliness,1.0,1.0,1.0,cleanliness,,,,,True,True,True,True,True,True
C10_009,C10,answer,choice,choice,location,6,medium,-,medium,location,1.0,1.0,1.0,location,1.0,1.0,1.0,location,,,,,True,True,True,True,True,True
C10_011,C10,answer,choice,choice,room_comfort,6,medium,-,long,room_comfort,1.0,1.0,1.0,room_comfort,1.0,1.0,1.0,room_comfort,,,,,True,True,True,True,True,True
C10_012,C10,answer,choice,choice,staff_service,6,hard,sarcasm,medium,staff_service,1.0,1.0,1.0,staff_service,1.0,1.0,1.0,staff_service,,,,,True,True,True,True,True,True
C10_013,C10,answer,choice,choice,room_comfort,6,medium,-,medium,room_comfort,1.0,1.0,1.0,room_comfort,1.0,1.0,1.0,room_comfort,,,,,True,True,True,True,True,True
C10_014,C10,answer,choice,choice,food,6,easy,-,long,food,1.0,1.0,1.0,food,1.0,1.0,1.0,food,,,,,True,True,True,True,True,True
C10_015,C10,answer,choice,choice,location,6,hard,sarcasm,medium,location,1.0,1.0,1.0,location,1.0,1.0,1.0,location,,,,,True,True,True,True,True,True
C10_016,C10,answer,choice,choice,other,6,medium,-,short,other,1.0,1.0,1.0,other,0.88,0.9,0.9,other,,,,,True,True,True,True,True,True
C10_017,C10,answer,choice,choice,staff_service,6,easy,-,short,staff_service,1.0,1.0,1.0,staff_service,1.0,1.0,1.0,staff_service,,,,,True,True,True,True,True,True
C10_018,C10,answer,choice,choice,food,6,hard,implicit,medium,food,1.0,1.0,1.0,food,1.0,1.0,1.0,food,,,,,True,True,True,True,True,True
C10_019,C10,answer,choice,choice,room_comfort,6,hard,distractor,long,room_comfort,1.0,1.0,1.0,room_comfort,1.0,1.0,1.0,room_comfort,,,,,True,True,True,True,True,True
C10_020,C10,answer,choice,choice,staff_service,6,medium,-,long,staff_service,1.0,1.0,1.0,staff_service,1.0,1.0,1.0,staff_service,,,,,True,True,True,True,True,True
C10_021,C10,answer,choice,choice,cleanliness,6,easy,-,medium,cleanliness,1.0,1.0,1.0,cleanliness,1.0,1.0,1.0,cleanliness,,,,,True,True,True,True,True,True
C10_022,C10,answer,choice,choice,food,6,medium,-,medium,food,1.0,1.0,1.0,food,1.0,1.0,1.0,food,,,,,True,True,True,True,True,True
C10_023,C10,answer,choice,choice,cleanliness,6,medium,-,long,cleanliness,1.0,1.0,1.0,cleanliness,1.0,1.0,1.0,cleanliness,,,,,True,True,True,True,True,True
C10_024,C10,answer,choice,choice,location,6,hard,distractor,medium,location,1.0,1.0,1.0,location,1.0,1.0,1.0,location,,,,,True,True,True,True,True,True
C10_025,C10,answer,choice,choice,other,6,medium,-,short,other,1.0,1.0,1.0,other,1.0,1.0,1.0,other,,,,,True,True,True,True,True,True
C10_026,C10,answer,choice,choice,cleanliness,6,easy,-,medium,cleanliness,0.99,1.0,1.0,cleanliness,1.0,1.0,1.0,cleanliness,,,,,True,True,True,True,True,True
C10_027,C10,answer,choice,choice,room_comfort,6,easy,-,short,room_comfort,1.0,1.0,1.0,room_comfort,0.98,0.98,0.98,room_comfort,,,,,True,True,True,True,True,True
C10_028,C10,answer,choice,choice,other,6,hard,distractor,medium,other,0.85,0.88,0.88,other,0.99,0.99,0.99,other,,,,,True,True,True,True,True,True
C10_030,C10,answer,choice,choice,staff_service,6,medium,-,medium,staff_service,1.0,1.0,1.0,staff_service,1.0,1.0,1.0,staff_service,,,,,True,True,True,True,True,True
C10_031,C10,answer,choice,choice,staff_service,6,medium,-,short,staff_service,1.0,1.0,1.0,staff_service,1.0,1.0,1.0,staff_service,,,,,True,True,True,True,True,True
C10_032,C10,answer,choice,choice,staff_service,6,easy,-,long,staff_service,1.0,1.0,1.0,staff_service,1.0,1.0,1.0,staff_service,,,,,True,True,True,True,True,True
C10_033,C10,answer,choice,choice,cleanliness,6,hard,sarcasm,short,cleanliness,0.99,0.99,0.99,cleanliness,0.98,0.98,0.98,cleanliness,,,,,True,True,True,True,True,True
C10_034,C10,answer,choice,choice,other,6,easy,-,medium,other,1.0,1.0,1.0,other,1.0,1.0,1.0,other,,,,,True,True,True,True,True,True
C10_035,C10,answer,choice,choice,staff_service,6,medium,-,long,staff_service,1.0,1.0,1.0,staff_service,1.0,1.0,1.0,staff_service,,,,,True,True,True,True,True,True
C10_036,C10,answer,choice,choice,cleanliness,6,hard,implicit,medium,cleanliness,1.0,1.0,1.0,cleanliness,1.0,1.0,1.0,cleanliness,,,,,True,True,True,True,True,True
C10_037,C10,answer,choice,choice,food,6,easy,-,medium,food,0.98,0.99,0.99,food,0.93,0.94,0.94,food,,,,,True,True,True,True,True,True
C10_038,C10,answer,choice,choice,cleanliness,6,hard,distractor,short,cleanliness,1.0,1.0,1.0,cleanliness,0.96,0.97,0.97,cleanliness,,,,,True,True,True,True,True,True
C10_040,C10,answer,choice,choice,cleanliness,6,medium,-,short,cleanliness,0.98,0.99,0.99,cleanliness,0.82,0.85,0.85,cleanliness,,,,,True,True,True,True,True,True
C10_041,C10,answer,choice,choice,location,6,medium,-,medium,location,1.0,1.0,1.0,location,1.0,1.0,1.0,location,,,,,True,True,True,True,True,True
C10_043,C10,answer,choice,choice,location,6,hard,implicit,medium,location,1.0,1.0,1.0,location,0.95,0.96,0.96,location,,,,,True,True,True,True,True,True
C10_044,C10,answer,choice,choice,food,6,hard,distractor,medium,food,0.99,0.99,0.99,food,1.0,1.0,1.0,food,,,,,True,True,True,True,True,True
C10_045,C10,answer,choice,choice,location,6,easy,-,medium,location,1.0,1.0,1.0,location,1.0,1.0,1.0,location,,,,,True,True,True,True,True,True
C10_047,C10,answer,choice,choice,food,6,medium,-,long,food,1.0,1.0,1.0,food,1.0,1.0,1.0,food,,,,,True,True,True,True,True,True
C10_048,C10,answer,choice,choice,room_comfort,6,hard,sarcasm,medium,room_comfort,1.0,1.0,1.0,room_comfort,1.0,1.0,1.0,room_comfort,,,,,True,True,True,True,True,True
C10_049,C10,answer,choice,choice,staff_service,6,easy,-,short,staff_service,1.0,1.0,1.0,staff_service,0.98,0.98,0.98,staff_service,,,,,True,True,True,True,True,True
C10_050,C10,answer,choice,choice,food,6,medium,-,short,food,1.0,1.0,1.0,food,1.0,1.0,1.0,food,,,,,True,True,True,True,True,True
C10_051,C10,answer,choice,choice,location,6,easy,-,short,location,1.0,1.0,1.0,location,1.0,1.0,1.0,location,,,,,True,True,True,True,True,True
C10_052,C10,answer,choice,choice,room_comfort,6,easy,-,short,room_comfort,0.98,0.99,0.99,room_comfort,0.84,0.87,0.87,room_comfort,,,,,True,True,True,True,True,True
C10_053,C10,answer,choice,choice,other,6,hard,sarcasm,long,other,1.0,1.0,1.0,other,1.0,1.0,1.0,other,,,,,True,True,True,True,True,True
C10_054,C10,answer,choice,choice,room_comfort,6,medium,-,long,room_comfort,1.0,1.0,1.0,room_comfort,1.0,1.0,1.0,room_comfort,,,,,True,True,True,True,True,True
C10_055,C10,answer,choice,choice,room_comfort,6,medium,-,short,room_comfort,1.0,1.0,1.0,room_comfort,1.0,1.0,1.0,room_comfort,,,,,True,True,True,True,True,True
S01_000,S01,answer,score,score,0,4,medium,-,short,0,1.0,1.0,1.0,0,1.0,1.0,1.0,0,0.0,0.0,,,True,True,True,True,True,True
S01_001,S01,answer,score,score,3,4,medium,-,medium,3,1.0,1.0,1.0,3,0.99,0.99,0.99,3,3.0,2.99,,,True,True,True,True,True,True
S01_002,S01,answer,score,score,2,4,medium,-,short,2,1.0,1.0,1.0,2,0.99,0.99,0.99,2,2.0,1.99,,,True,True,True,True,True,True
S01_003,S01,answer,score,score,1,4,easy,-,medium,1,0.86,0.86,0.86,1,1.0,1.0,1.0,1,1.14,1.0,,,True,True,True,True,True,True
S01_004,S01,answer,score,score,2,4,easy,-,short,2,0.93,0.93,0.93,2,0.98,0.98,0.98,2,2.07,2.02,,,True,True,True,True,True,True
S01_005,S01,answer,score,score,3,4,easy,-,medium,3,0.73,0.73,0.73,2,0.84,0.84,0.16,3,2.73,2.16,,,True,True,False,True,True,True
S01_006,S01,answer,score,score,1,4,medium,-,medium,1,0.99,0.99,0.99,1,1.0,1.0,1.0,1,1.01,1.0,,,True,True,True,True,True,True
S01_007,S01,answer,score,score,1,4,hard,implicit,short,1,0.83,0.84,0.84,1,0.99,0.99,0.99,1,0.84,0.99,,,True,True,True,True,True,True
S01_008,S01,answer,score,score,2,4,medium,-,short,2,0.93,0.93,0.93,3,0.62,0.62,0.38,2,2.07,2.62,,,True,True,False,True,True,True
S01_010,S01,answer,score,score,0,4,hard,long_irrelevant,long,0,1.0,1.0,1.0,0,1.0,1.0,1.0,0,0.0,0.0,,,True,True,True,True,True,True
S01_011,S01,answer,score,score,2,4,hard,distractor,short,2,1.0,1.0,1.0,2,1.0,1.0,1.0,2,2.0,2.0,,,True,True,True,True,True,True
S01_012,S01,answer,score,score,3,4,medium,-,medium,3,1.0,1.0,1.0,3,1.0,1.0,1.0,3,3.0,3.0,,,True,True,True,True,True,True
S01_013,S01,answer,score,score,0,4,hard,distractor,short,0,1.0,1.0,1.0,0,1.0,1.0,1.0,0,0.0,0.0,,,True,True,True,True,True,True
S01_014,S01,answer,score,score,3,4,easy,-,medium,3,1.0,1.0,1.0,3,0.69,0.75,0.75,3,3.0,2.69,,,True,True,True,True,True,True
S01_015,S01,answer,score,score,1,4,easy,-,short,1,1.0,1.0,1.0,1,1.0,1.0,1.0,1,1.0,1.0,,,True,True,True,True,True,True
S01_016,S01,answer,score,score,2,4,easy,-,short,2,1.0,1.0,1.0,2,0.99,0.99,0.99,2,2.0,1.99,,,True,True,True,True,True,True
S01_017,S01,answer,score,score,3,4,hard,long_irrelevant,long,3,0.99,0.99,0.99,3,1.0,1.0,1.0,3,2.99,3.0,,,True,True,True,True,True,True
S01_018,S01,answer,score,score,2,4,easy,-,medium,2,1.0,1.0,1.0,2,1.0,1.0,1.0,2,2.0,2.0,,,True,True,True,True,True,True
S01_019,S01,answer,score,score,2,4,medium,-,medium,2,1.0,1.0,1.0,2,1.0,1.0,1.0,2,2.0,2.0,,,True,True,True,True,True,True
S01_020,S01,answer,score,score,2,4,medium,-,medium,2,1.0,1.0,1.0,2,1.0,1.0,1.0,2,2.0,2.0,,,True,True,True,True,True,True
S01_021,S01,answer,score,score,3,4,medium,-,medium,3,0.99,1.0,1.0,3,0.94,0.95,0.95,3,2.99,2.94,,,True,True,True,True,True,True
S01_022,S01,answer,score,score,2,4,medium,-,medium,2,0.99,0.99,0.99,2,0.99,0.99,0.99,2,2.01,2.01,,,True,True,True,True,True,True
S01_023,S01,answer,score,score,3,4,easy,-,medium,3,1.0,1.0,1.0,3,0.99,0.99,0.99,3,3.0,2.99,,,True,True,True,True,True,True
S01_024,S01,answer,score,score,2,4,hard,implicit,long,2,1.0,1.0,1.0,2,1.0,1.0,1.0,2,2.0,2.0,,,True,True,True,True,True,True
S01_025,S01,answer,score,score,3,4,easy,-,long,3,1.0,1.0,1.0,3,1.0,1.0,1.0,3,3.0,3.0,,,True,True,True,True,True,True
S01_026,S01,answer,score,score,2,4,hard,long_irrelevant,long,2,0.98,0.98,0.98,2,1.0,1.0,1.0,2,1.98,2.0,,,True,True,True,True,True,True
S01_029,S01,answer,score,score,0,4,medium,-,medium,0,1.0,1.0,1.0,0,1.0,1.0,1.0,0,0.0,0.0,,,True,True,True,True,True,True
S01_030,S01,answer,score,score,3,4,hard,distractor,long,3,1.0,1.0,1.0,3,0.96,0.96,0.96,3,3.0,2.96,,,True,True,True,True,True,True
S01_031,S01,answer,score,score,0,4,hard,distractor,short,0,1.0,1.0,1.0,0,1.0,1.0,1.0,0,0.0,0.0,,,True,True,True,True,True,True
S01_032,S01,answer,score,score,3,4,easy,-,short,3,1.0,1.0,1.0,3,1.0,1.0,1.0,3,3.0,3.0,,,True,True,True,True,True,True
S01_034,S01,answer,score,score,0,4,easy,-,short,0,1.0,1.0,1.0,0,0.99,0.99,0.99,0,0.0,0.01,,,True,True,True,True,True,True
S01_035,S01,answer,score,score,0,4,medium,-,long,0,1.0,1.0,1.0,0,1.0,1.0,1.0,0,0.0,0.0,,,True,True,True,True,True,True
S01_037,S01,answer,score,score,0,4,easy,-,short,0,1.0,1.0,1.0,0,1.0,1.0,1.0,0,0.0,0.0,,,True,True,True,True,True,True
S01_039,S01,answer,score,score,1,4,hard,distractor,long,1,1.0,1.0,1.0,1,1.0,1.0,1.0,1,1.0,1.0,,,True,True,True,True,True,True
S01_040,S01,answer,score,score,1,4,medium,-,medium,0,0.61,0.61,0.39,0,0.73,0.73,0.27,1,0.39,0.27,,,False,True,False,True,True,True
S01_042,S01,answer,score,score,1,4,medium,-,medium,1,0.99,0.99,0.99,1,1.0,1.0,1.0,1,1.01,1.0,,,True,True,True,True,True,True
S01_043,S01,answer,score,score,0,4,hard,implicit,medium,0,1.0,1.0,1.0,0,1.0,1.0,1.0,0,0.0,0.0,,,True,True,True,True,True,True
S01_044,S01,answer,score,score,1,4,medium,-,medium,1,0.99,0.99,0.99,1,1.0,1.0,1.0,1,0.99,1.0,,,True,True,True,True,True,True
S01_045,S01,answer,score,score,1,4,hard,implicit,short,1,1.0,1.0,1.0,1,1.0,1.0,1.0,1,1.0,1.0,,,True,True,True,True,True,True
S01_046,S01,answer,score,score,0,4,medium,-,short,0,1.0,1.0,1.0,0,1.0,1.0,1.0,0,0.0,0.0,,,True,True,True,True,True,True
S01_048,S01,answer,score,score,1,4,medium,-,short,1,0.99,0.99,0.99,1,1.0,1.0,1.0,1,1.01,1.0,,,True,True,True,True,True,True
S01_049,S01,answer,score,score,3,4,easy,-,short,2,0.74,0.74,0.26,2,0.86,0.86,0.13,3,2.26,2.12,,,False,True,False,True,True,True
S01_050,S01,answer,score,score,0,4,medium,-,medium,0,1.0,1.0,1.0,0,1.0,1.0,1.0,0,0.0,0.0,,,True,True,True,True,True,True
S01_051,S01,answer,score,score,1,4,easy,-,medium,1,0.91,0.91,0.91,1,1.0,1.0,1.0,1,1.09,1.0,,,True,True,True,True,True,True
S01_052,S01,answer,score,score,0,4,easy,-,short,0,1.0,1.0,1.0,0,1.0,1.0,1.0,0,0.0,0.0,,,True,True,True,True,True,True
S01_053,S01,answer,score,score,1,4,hard,long_irrelevant,long,1,1.0,1.0,1.0,1,1.0,1.0,1.0,1,1.0,1.0,,,True,True,True,True,True,True
S01_054,S01,answer,score,score,3,4,hard,implicit,medium,3,0.98,0.98,0.98,3,0.86,0.89,0.89,3,2.98,2.86,,,True,True,True,True,True,True
S01_055,S01,answer,score,score,0,4,easy,-,long,0,1.0,1.0,1.0,0,1.0,1.0,1.0,0,0.0,0.0,,,True,True,True,True,True,True
S01_056,S01,answer,score,score,1,4,medium,-,long,1,0.99,0.99,0.99,1,1.0,1.0,1.0,1,1.01,1.0,,,True,True,True,True,True,True
S01_057,S01,answer,score,score,2,4,easy,-,long,2,1.0,1.0,1.0,2,1.0,1.0,1.0,2,2.0,2.0,,,True,True,True,True,True,True
S02_000,S02,answer,score,score,3,5,easy,-,long,3,0.73,0.67,0.67,3,0.9,0.88,0.88,3,3.33,3.12,,,True,True,True,True,True,True
S02_002,S02,answer,score,score,2,5,hard,distractor,medium,3,1.0,0.99,0.01,3,0.99,0.99,0.0,3,2.99,3.01,,,False,True,False,True,False,True
S02_003,S02,answer,score,score,2,5,medium,-,medium,3,0.98,0.98,0.0,3,0.94,0.93,0.0,3,3.02,3.07,,,False,True,False,True,False,True
S02_004,S02,answer,score,score,4,5,hard,distractor,medium,4,0.98,0.98,0.98,4,0.98,0.98,0.98,4,3.98,3.98,,,True,True,True,True,True,True
S02_005,S02,answer,score,score,1,5,easy,-,long,1,1.0,1.0,1.0,1,1.0,1.0,1.0,1,1.0,1.0,,,True,True,True,True,True,True
S02_006,S02,answer,score,score,4,5,medium,-,medium,4,0.98,0.97,0.97,4,0.99,0.99,0.99,4,3.97,3.99,,,True,True,True,True,True,True
S02_007,S02,answer,score,score,3,5,easy,-,medium,3,1.0,1.0,1.0,3,1.0,1.0,1.0,3,3.0,3.0,,,True,True,True,True,True,True
S02_008,S02,answer,score,score,1,5,medium,-,medium,1,1.0,1.0,1.0,1,1.0,1.0,1.0,1,1.0,1.0,,,True,True,True,True,True,True
S02_009,S02,answer,score,score,4,5,hard,implicit,short,4,0.99,0.99,0.99,4,0.97,0.97,0.97,4,3.99,3.96,,,True,True,True,True,True,True
S02_010,S02,answer,score,score,3,5,medium,-,medium,3,1.0,1.0,1.0,3,1.0,1.0,1.0,3,3.0,3.0,,,True,True,True,True,True,True
S02_011,S02,answer,score,score,1,5,hard,implicit,medium,1,0.99,0.99,0.99,1,1.0,1.0,1.0,1,0.99,1.0,,,True,True,True,True,True,True
S02_012,S02,answer,score,score,3,5,hard,distractor,short,3,0.81,0.77,0.77,3,0.75,0.7,0.7,3,3.23,3.3,,,True,True,True,True,True,True
S02_013,S02,answer,score,score,2,5,medium,-,short,2,1.0,1.0,1.0,2,0.99,0.99,0.99,2,2.0,2.01,,,True,True,True,True,True,True
S02_014,S02,answer,score,score,0,5,hard,distractor,medium,1,0.61,0.53,0.47,0,0.85,0.82,0.82,1,0.54,0.18,,,False,True,True,True,False,True
S02_015,S02,answer,score,score,3,5,medium,-,medium,3,1.0,1.0,1.0,3,1.0,1.0,1.0,3,3.0,3.0,,,True,True,True,True,True,True
S02_016,S02,answer,score,score,1,5,easy,-,long,1,0.99,0.99,0.99,1,0.96,0.95,0.95,1,0.99,0.95,,,True,True,True,True,True,True
S02_017,S02,answer,score,score,0,5,medium,-,medium,1,0.79,0.74,0.26,0,0.93,0.91,0.91,1,0.74,0.09,,,False,True,True,True,False,True
S02_018,S02,answer,score,score,4,5,medium,-,medium,4,0.96,0.95,0.95,4,0.98,0.98,0.98,4,3.95,3.98,,,True,True,True,True,True,True
S02_020,S02,answer,score,score,2,5,easy,-,medium,3,0.79,0.74,0.26,2,0.64,0.59,0.59,2,2.74,2.41,,,False,True,True,True,True,True
S02_021,S02,answer,score,score,4,5,hard,sarcasm,medium,4,0.9,0.88,0.88,4,0.98,0.97,0.97,4,3.88,3.97,,,True,True,True,True,True,True
S02_023,S02,answer,score,score,0,5,easy,-,medium,0,1.0,1.0,1.0,0,0.99,0.99,0.99,0,0.0,0.01,,,True,True,True,True,True,True
S02_024,S02,answer,score,score,2,5,medium,-,medium,3,1.0,1.0,0.0,3,0.98,0.98,0.02,2,3.0,2.98,,,False,True,False,True,True,True
S02_025,S02,answer,score,score,0,5,medium,-,short,1,0.61,0.53,0.47,0,0.64,0.63,0.63,0,0.53,0.43,,,False,True,True,True,True,True
S02_028,S02,answer,score,score,4,5,medium,-,short,4,0.96,0.95,0.95,4,0.98,0.98,0.98,4,3.95,3.98,,,True,True,True,True,True,True
S02_029,S02,answer,score,score,4,5,easy,-,short,4,1.0,1.0,1.0,4,0.98,0.97,0.97,4,4.0,3.97,,,True,True,True,True,True,True
S02_030,S02,answer,score,score,0,5,medium,-,medium,0,0.92,0.9,0.9,0,0.95,0.94,0.94,0,0.1,0.06,,,True,True,True,True,True,True
S02_031,S02,answer,score,score,4,5,medium,-,medium,4,0.77,0.72,0.72,4,0.63,0.55,0.55,3,3.72,3.55,,,True,True,True,True,False,True
S02_032,S02,answer,score,score,0,5,easy,-,long,0,0.96,0.95,0.95,0,0.99,0.99,0.99,0,0.05,0.01,,,True,True,True,True,True,True
S02_033,S02,answer,score,score,0,5,medium,-,medium,0,0.71,0.65,0.65,0,0.93,0.91,0.91,0,0.35,0.09,,,True,True,True,True,True,True
S02_037,S02,answer,score,score,3,5,medium,-,long,3,0.9,0.88,0.88,3,0.98,0.98,0.98,3,3.12,3.02,,,True,True,True,True,True,True
S02_038,S02,answer,score,score,3,5,hard,sarcasm,medium,3,1.0,1.0,1.0,3,1.0,1.0,1.0,3,3.0,3.0,,,True,True,True,True,True,True
S02_039,S02,answer,score,score,2,5,hard,sarcasm,short,2,0.63,0.56,0.56,2,0.97,0.96,0.96,2,2.44,2.04,,,True,True,True,True,True,True
S02_040,S02,answer,score,score,0,5,easy,-,short,0,1.0,1.0,1.0,0,0.98,0.98,0.98,0,0.0,0.02,,,True,True,True,True,True,True
S02_042,S02,answer,score,score,3,5,hard,implicit,short,3,1.0,1.0,1.0,3,0.99,0.99,0.99,3,3.0,3.01,,,True,True,True,True,True,True
S02_043,S02,answer,score,score,2,5,easy,-,short,3,0.81,0.77,0.23,3,0.63,0.56,0.44,2,2.77,2.56,,,False,True,False,True,True,True
S02_045,S02,answer,score,score,3,5,medium,-,medium,3,0.99,0.99,0.99,3,0.97,0.96,0.96,3,2.99,2.98,,,True,True,True,True,True,True
S02_047,S02,answer,score,score,4,5,easy,-,medium,4,1.0,1.0,1.0,4,0.99,0.99,0.99,4,4.0,3.99,,,True,True,True,True,True,True
S02_048,S02,answer,score,score,2,5,easy,-,medium,3,0.99,0.99,0.01,3,0.99,0.99,0.01,3,2.99,2.99,,,False,True,False,True,False,True
S02_051,S02,answer,score,score,4,5,easy,-,long,4,1.0,1.0,1.0,4,1.0,1.0,1.0,4,4.0,4.0,,,True,True,True,True,True,True
S02_052,S02,answer,score,score,0,5,hard,implicit,short,0,0.65,0.58,0.58,1,0.83,0.8,0.2,0,0.42,0.8,,,True,True,False,True,True,True
S02_053,S02,answer,score,score,3,5,medium,-,medium,3,1.0,1.0,1.0,3,1.0,1.0,1.0,3,3.0,3.0,,,True,True,True,True,True,True
S02_054,S02,answer,score,score,0,5,easy,-,long,0,0.89,0.87,0.87,0,1.0,1.0,1.0,0,0.13,0.0,,,True,True,True,True,True,True
S02_055,S02,answer,score,score,1,5,medium,-,medium,1,1.0,1.0,1.0,1,0.98,0.98,0.98,1,1.0,0.98,,,True,True,True,True,True,True
S02_056,S02,answer,score,score,1,5,medium,-,short,1,0.98,0.97,0.97,1,1.0,1.0,1.0,1,1.03,1.0,,,True,True,True,True,True,True
S02_057,S02,answer,score,score,1,5,medium,-,short,1,0.97,0.96,0.96,1,1.0,1.0,1.0,1,1.04,1.0,,,True,True,True,True,True,True
S02_059,S02,answer,score,score,1,5,medium,-,medium,1,1.0,1.0,1.0,1,1.0,1.0,1.0,1,1.0,1.0,,,True,True,True,True,True,True
S02_061,S02,answer,score,score,1,5,medium,-,short,1,0.93,0.91,0.91,1,0.85,0.82,0.82,1,1.09,1.18,,,True,True,True,True,True,True
S02_062,S02,answer,score,score,1,5,medium,-,medium,1,1.0,1.0,1.0,1,1.0,1.0,1.0,1,1.0,1.0,,,True,True,True,True,True,True
S02_063,S02,answer,score,score,2,5,medium,-,short,2,0.95,0.94,0.94,2,0.99,0.99,0.99,2,2.06,2.01,,,True,True,True,True,True,True
S02_064,S02,answer,score,score,2,5,medium,-,short,2,1.0,1.0,1.0,2,1.0,1.0,1.0,2,2.0,2.0,,,True,True,True,True,True,True
S03_000,S03,answer,score,score,0,5,medium,-,medium,0,0.95,0.94,0.94,0,0.96,0.95,0.95,0,0.06,0.05,,,True,True,True,True,True,True
S03_001,S03,answer,score,score,2,5,medium,-,short,1,0.49,0.46,0.46,1,0.61,0.58,0.37,2,1.61,1.45,,,False,True,False,True,True,True
S03_002,S03,answer,score,score,1,5,hard,long_irrelevant,long,1,0.94,0.93,0.93,1,1.0,1.0,1.0,1,0.93,1.0,,,True,True,True,True,True,True
S03_003,S03,answer,score,score,3,5,easy,-,medium,3,1.0,1.0,1.0,3,1.0,1.0,1.0,3,3.0,3.0,,,True,True,True,True,True,True
S03_004,S03,answer,score,score,1,5,easy,-,medium,1,1.0,1.0,1.0,1,0.99,0.99,0.99,1,1.0,0.99,,,True,True,True,True,True,True
S03_005,S03,answer,score,score,3,5,medium,-,medium,3,1.0,1.0,1.0,3,1.0,1.0,1.0,3,3.0,3.0,,,True,True,True,True,True,True
S03_006,S03,answer,score,score,3,5,medium,-,medium,3,0.99,0.99,0.99,3,1.0,1.0,1.0,3,3.01,3.0,,,True,True,True,True,True,True
S03_008,S03,answer,score,score,1,5,hard,mixed_signals,medium,1,0.99,0.99,0.99,1,0.97,0.98,0.98,1,1.01,1.04,,,True,True,True,True,True,True
S03_009,S03,answer,score,score,3,5,medium,-,long,3,1.0,1.0,1.0,3,1.0,1.0,1.0,3,3.0,3.0,,,True,True,True,True,True,True
S03_011,S03,answer,score,score,4,5,medium,-,short,4,0.66,0.59,0.59,3,0.63,0.58,0.4,4,3.59,3.36,,,True,True,False,True,True,True
S03_012,S03,answer,score,score,0,5,easy,-,short,0,0.83,0.8,0.8,0,0.92,0.9,0.9,0,0.2,0.1,,,True,True,True,True,True,True
S03_014,S03,answer,score,score,0,5,easy,-,short,0,0.75,0.7,0.7,0,0.98,0.98,0.98,0,0.3,0.02,,,True,True,True,True,True,True
S03_016,S03,answer,score,score,4,5,hard,mixed_signals,short,3,0.61,0.53,0.47,3,0.77,0.73,0.26,3,3.47,3.25,,,False,True,False,True,False,True
S03_017,S03,answer,score,score,0,5,hard,long_irrelevant,long,0,0.95,0.94,0.94,0,1.0,1.0,1.0,0,0.06,0.0,,,True,True,True,True,True,True
S03_018,S03,answer,score,score,1,5,medium,-,short,1,0.97,0.97,0.97,1,1.0,1.0,1.0,1,1.03,1.0,,,True,True,True,True,True,True
S03_019,S03,answer,score,score,0,5,easy,-,short,0,0.97,0.97,0.97,0,0.98,0.97,0.97,0,0.03,0.03,,,True,True,True,True,True,True
S03_020,S03,answer,score,score,4,5,medium,-,medium,4,0.88,0.86,0.86,4,0.95,0.94,0.94,4,3.86,3.94,,,True,True,True,True,True,True
S03_021,S03,answer,score,score,2,5,medium,-,medium,3,0.87,0.85,0.15,3,0.95,0.94,0.06,3,2.84,2.94,,,False,True,False,True,False,True
S03_022,S03,answer,score,score,4,5,easy,-,short,4,0.97,0.96,0.96,4,0.88,0.85,0.85,4,3.96,3.85,,,True,True,True,True,True,True
S03_023,S03,answer,score,score,2,5,easy,-,short,3,0.94,0.93,0.07,2,0.7,0.64,0.64,3,2.93,2.34,,,False,True,True,True,False,True
S03_024,S03,answer,score,score,0,5,hard,distractor,long,0,0.91,0.89,0.89,0,0.99,0.99,0.99,0,0.11,0.01,,,True,True,True,True,True,True
S03_026,S03,answer,score,score,3,5,easy,-,short,3,0.62,0.54,0.54,3,0.78,0.74,0.74,4,3.46,3.26,,,True,True,True,True,False,True
S03_028,S03,answer,score,score,1,5,easy,-,medium,1,1.0,1.0,1.0,1,1.0,1.0,1.0,1,1.0,1.0,,,True,True,True,True,True,True
S03_029,S03,answer,score,score,4,5,hard,long_irrelevant,long,4,0.98,0.98,0.98,4,1.0,1.0,1.0,4,3.98,4.0,,,True,True,True,True,True,True
S03_030,S03,answer,score,score,1,5,medium,-,short,1,0.97,0.98,0.98,1,0.96,0.95,0.95,1,1.03,1.03,,,True,True,True,True,True,True
S03_031,S03,answer,score,score,4,5,hard,long_irrelevant,long,4,0.63,0.55,0.55,4,0.98,0.97,0.97,3,3.55,3.97,,,True,True,True,True,False,True
S03_032,S03,answer,score,score,3,5,hard,long_irrelevant,long,3,1.0,1.0,1.0,3,1.0,1.0,1.0,3,3.0,3.0,,,True,True,True,True,True,True
S03_033,S03,answer,score,score,3,5,easy,-,short,3,0.99,0.99,0.99,3,0.96,0.95,0.95,3,3.0,2.97,,,True,True,True,True,True,True
S03_034,S03,answer,score,score,1,5,medium,-,long,1,0.98,0.97,0.97,1,1.0,1.0,1.0,1,0.97,1.0,,,True,True,True,True,True,True
S03_036,S03,answer,score,score,0,5,medium,-,long,0,0.85,0.82,0.82,0,0.99,0.99,0.99,0,0.18,0.01,,,True,True,True,True,True,True
S03_037,S03,answer,score,score,1,5,hard,distractor,short,1,1.0,1.0,1.0,1,0.98,0.98,0.98,1,1.0,1.0,,,True,True,True,True,True,True
S03_038,S03,answer,score,score,3,5,easy,-,short,3,0.99,0.99,0.99,3,0.95,0.94,0.94,3,2.99,2.94,,,True,True,True,True,True,True
S03_039,S03,answer,score,score,2,5,medium,-,short,3,0.7,0.65,0.35,2,0.63,0.55,0.55,2,2.64,2.43,,,False,True,True,True,True,True
S03_040,S03,answer,score,score,4,5,hard,distractor,short,4,0.84,0.81,0.81,4,0.99,0.99,0.99,4,3.81,3.99,,,True,True,True,True,True,True
S03_041,S03,answer,score,score,1,5,medium,-,medium,1,1.0,1.0,1.0,1,1.0,1.0,1.0,1,1.0,1.0,,,True,True,True,True,True,True
S03_044,S03,answer,score,score,0,5,medium,-,short,0,0.99,0.99,0.99,0,1.0,1.0,1.0,0,0.01,0.0,,,True,True,True,True,True,True
S03_045,S03,answer,score,score,0,5,hard,distractor,medium,0,0.86,0.83,0.83,0,0.98,0.97,0.97,0,0.17,0.03,,,True,True,True,True,True,True
S03_046,S03,answer,score,score,4,5,easy,-,short,3,0.69,0.62,0.38,3,0.88,0.86,0.14,3,3.38,3.14,,,False,True,False,True,False,True
S03_047,S03,answer,score,score,3,5,easy,-,medium,3,0.99,0.99,0.99,3,0.98,0.97,0.97,3,2.99,2.97,,,True,True,True,True,True,True
S03_048,S03,answer,score,score,0,5,hard,mixed_signals,long,0,0.75,0.7,0.7,0,0.98,0.97,0.97,1,0.3,0.03,,,True,True,True,True,False,True
S03_049,S03,answer,score,score,2,5,easy,-,short,3,0.86,0.84,0.16,2,0.58,0.5,0.5,3,2.83,2.5,,,False,True,True,True,False,True
S03_050,S03,answer,score,score,1,5,hard,mixed_signals,short,1,0.73,0.73,0.73,1,0.74,0.73,0.73,2,1.32,1.31,,,True,True,True,True,False,True
S03_051,S03,answer,score,score,3,5,hard,distractor,medium,3,1.0,1.0,1.0,3,1.0,1.0,1.0,3,3.0,3.0,,,True,True,True,True,True,True
S03_053,S03,answer,score,score,2,5,medium,-,medium,2,0.54,0.45,0.45,2,0.67,0.6,0.6,2,1.84,1.86,,,True,True,True,True,True,True
S03_054,S03,answer,score,score,4,5,medium,-,medium,4,0.99,0.99,0.99,4,0.96,0.95,0.95,4,3.99,3.95,,,True,True,True,True,True,True
S03_057,S03,answer,score,score,2,5,medium,-,medium,3,0.99,0.99,0.01,3,0.95,0.94,0.06,3,2.99,2.94,,,False,True,False,True,False,True
S03_058,S03,answer,score,score,2,5,medium,-,short,3,0.98,0.98,0.02,3,0.64,0.58,0.41,3,2.98,2.57,,,False,True,False,True,False,True
S03_059,S03,answer,score,score,2,5,medium,-,short,3,0.98,0.98,0.02,3,0.77,0.74,0.25,3,2.98,2.73,,,False,True,False,True,False,True
S03_060,S03,answer,score,score,2,5,medium,-,short,3,0.96,0.95,0.05,3,0.84,0.82,0.17,3,2.95,2.81,,,False,True,False,True,False,True
S03_061,S03,answer,score,score,4,5,medium,-,medium,4,1.0,1.0,1.0,4,0.99,0.99,0.99,4,4.0,3.99,,,True,True,True,True,True,True
S04_000,S04,answer,score,score,0,4,medium,-,medium,0,0.98,0.98,0.98,0,1.0,1.0,1.0,0,0.02,0.0,,,True,True,True,True,True,True
S04_002,S04,answer,score,score,2,4,hard,implicit,short,2,0.9,0.9,0.9,2,0.97,0.97,0.97,2,1.9,1.97,,,True,True,True,True,True,True
S04_003,S04,answer,score,score,1,4,medium,-,short,1,0.99,1.0,1.0,1,0.91,0.91,0.91,0,1.0,0.93,,,True,True,True,True,False,True
S04_004,S04,answer,score,score,3,4,hard,distractor,medium,3,0.68,0.68,0.68,2,0.97,0.97,0.03,3,2.68,2.03,,,True,True,False,True,True,True
S04_005,S04,answer,score,score,0,4,medium,-,short,0,1.0,1.0,1.0,0,1.0,1.0,1.0,0,0.0,0.0,,,True,True,True,True,True,True
S04_006,S04,answer,score,score,3,4,easy,-,short,3,0.84,0.84,0.84,2,0.89,0.89,0.11,3,2.84,2.11,,,True,True,False,True,True,True
S04_007,S04,answer,score,score,1,4,hard,distractor,short,1,0.76,0.76,0.76,1,0.96,0.96,0.96,1,1.24,0.98,,,True,True,True,True,True,True
S04_008,S04,answer,score,score,3,4,hard,long_irrelevant,long,3,0.86,0.86,0.86,2,0.95,0.95,0.05,2,2.86,2.05,,,True,True,False,True,False,True
S04_009,S04,answer,score,score,1,4,medium,-,short,1,0.95,0.95,0.95,1,0.99,0.99,0.99,0,0.98,0.99,,,True,True,True,True,False,True
S04_010,S04,answer,score,score,2,4,medium,-,long,2,0.73,0.73,0.73,2,0.95,0.95,0.95,1,1.73,1.95,,,True,True,True,True,False,True
S04_011,S04,answer,score,score,3,4,easy,-,short,2,0.81,0.81,0.19,2,1.0,1.0,0.0,3,2.19,2.0,,,False,True,False,True,True,True
S04_012,S04,answer,score,score,1,4,medium,-,short,1,0.99,1.0,1.0,1,0.99,0.99,0.99,1,1.0,0.99,,,True,True,True,True,True,True
S04_013,S04,answer,score,score,3,4,hard,distractor,medium,3,0.87,0.87,0.87,2,0.93,0.93,0.07,3,2.87,2.07,,,True,True,False,True,True,True
S04_014,S04,answer,score,score,1,4,medium,-,long,1,0.88,0.88,0.88,1,0.99,0.99,0.99,1,0.88,0.99,,,True,True,True,True,True,True
S04_015,S04,answer,score,score,2,4,medium,-,long,2,1.0,1.0,1.0,2,1.0,1.0,1.0,2,2.0,2.0,,,True,True,True,True,True,True
S04_016,S04,answer,score,score,0,4,hard,long_irrelevant,long,0,0.93,0.93,0.93,0,1.0,1.0,1.0,0,0.07,0.0,,,True,True,True,True,True,True
S04_017,S04,answer,score,score,1,4,medium,-,medium,1,0.98,0.98,0.98,1,1.0,1.0,1.0,1,1.02,1.0,,,True,True,True,True,True,True
S04_018,S04,answer,score,score,0,4,easy,-,short,0,0.95,0.96,0.96,0,1.0,1.0,1.0,0,0.05,0.0,,,True,True,True,True,True,True
S04_019,S04,answer,score,score,0,4,hard,long_irrelevant,long,0,0.98,0.98,0.98,0,1.0,1.0,1.0,0,0.02,0.0,,,True,True,True,True,True,True
S04_020,S04,answer,score,score,0,4,easy,-,medium,0,0.94,0.94,0.94,0,1.0,1.0,1.0,0,0.06,0.0,,,True,True,True,True,True,True
S04_021,S04,answer,score,score,0,4,hard,implicit,medium,0,0.99,0.99,0.99,0,1.0,1.0,1.0,0,0.01,0.0,,,True,True,True,True,True,True
S04_023,S04,answer,score,score,1,4,hard,implicit,medium,1,1.0,1.0,1.0,1,1.0,1.0,1.0,1,1.0,1.0,,,True,True,True,True,True,True
S04_026,S04,answer,score,score,1,4,easy,-,short,1,0.84,0.84,0.84,1,0.72,0.72,0.72,0,0.88,0.74,,,True,True,True,True,False,True
S04_027,S04,answer,score,score,0,4,hard,distractor,medium,0,0.94,0.95,0.95,0,0.99,0.99,0.99,0,0.06,0.01,,,True,True,True,True,True,True
S04_028,S04,answer,score,score,3,4,easy,-,short,2,0.84,0.84,0.16,2,1.0,1.0,0.0,2,2.16,2.0,,,False,True,False,True,False,True
S04_029,S04,answer,score,score,0,4,medium,-,short,1,0.78,0.78,0.21,0,0.98,0.98,0.98,0,0.8,0.02,,,False,True,True,True,True,True
S04_030,S04,answer,score,score,1,4,medium,-,medium,1,0.99,1.0,1.0,1,1.0,1.0,1.0,1,1.0,1.0,,,True,True,True,True,True,True
S04_032,S04,answer,score,score,3,4,medium,-,long,3,0.92,0.92,0.92,2,0.85,0.85,0.15,3,2.92,2.15,,,True,True,False,True,True,True
S04_033,S04,answer,score,score,2,4,hard,long_irrelevant,long,2,0.72,0.72,0.72,2,1.0,1.0,1.0,2,2.28,2.0,,,True,True,True,True,True,True
S04_034,S04,answer,score,score,2,4,medium,-,medium,2,1.0,1.0,1.0,2,0.99,0.99,0.99,2,2.0,1.99,,,True,True,True,True,True,True
S04_035,S04,answer,score,score,3,4,easy,-,medium,3,0.91,0.92,0.92,3,0.84,0.84,0.84,3,2.91,2.84,,,True,True,True,True,True,True
S04_036,S04,answer,score,score,2,4,medium,-,short,2,0.93,0.93,0.93,2,0.98,0.98,0.98,2,1.93,1.98,,,True,True,True,True,True,True
S04_037,S04,answer,score,score,3,4,medium,-,short,2,0.84,0.84,0.16,2,1.0,1.0,0.0,3,2.16,2.0,,,False,True,False,True,True,True
S04_039,S04,answer,score,score,1,4,easy,-,short,1,0.93,0.93,0.93,1,0.97,0.97,0.97,1,1.07,0.99,,,True,True,True,True,True,True
S04_040,S04,answer,score,score,0,4,medium,-,medium,0,0.8,0.81,0.81,0,0.99,0.99,0.99,0,0.2,0.01,,,True,True,True,True,True,True
S04_041,S04,answer,score,score,3,4,medium,-,medium,2,0.96,0.96,0.04,2,0.98,0.98,0.01,2,2.04,2.0,,,False,True,False,True,False,True
S04_042,S04,answer,score,score,2,4,easy,-,long,2,0.99,0.99,0.99,2,1.0,1.0,1.0,2,2.01,2.0,,,True,True,True,True,True,True
S04_043,S04,answer,score,score,1,4,easy,-,short,1,0.88,0.89,0.89,1,1.0,1.0,1.0,1,1.11,1.0,,,True,True,True,True,True,True
S04_044,S04,answer,score,score,2,4,hard,distractor,short,2,0.76,0.76,0.76,2,0.96,0.96,0.96,1,1.76,1.96,,,True,True,True,True,False,True
S04_045,S04,answer,score,score,1,4,medium,-,medium,1,0.99,0.99,0.99,1,1.0,1.0,1.0,1,1.01,1.0,,,True,True,True,True,True,True
S04_046,S04,answer,score,score,2,4,easy,-,short,2,0.99,0.99,0.99,2,0.99,0.99,0.99,2,2.01,2.01,,,True,True,True,True,True,True
S04_047,S04,answer,score,score,0,4,easy,-,long,0,0.85,0.85,0.85,0,1.0,1.0,1.0,0,0.15,0.0,,,True,True,True,True,True,True
S04_048,S04,answer,score,score,1,4,hard,implicit,long,1,1.0,1.0,1.0,1,1.0,1.0,1.0,1,1.0,1.0,,,True,True,True,True,True,True
S04_049,S04,answer,score,score,3,4,medium,-,medium,2,0.99,0.99,0.01,2,1.0,1.0,0.0,2,2.01,2.0,,,False,True,False,True,False,True
S04_050,S04,answer,score,score,2,4,easy,-,medium,2,1.0,1.0,1.0,2,0.99,0.99,0.99,2,2.0,1.99,,,True,True,True,True,True,True
S04_051,S04,answer,score,score,0,4,medium,-,medium,1,0.56,0.56,0.43,0,0.84,0.85,0.85,0,0.58,0.16,,,False,True,True,True,True,True
S04_053,S04,answer,score,score,0,4,medium,-,medium,1,0.85,0.86,0.14,0,0.89,0.89,0.89,0,0.86,0.11,,,False,True,True,True,True,True
S04_054,S04,answer,score,score,3,4,hard,implicit,medium,3,0.89,0.89,0.89,2,0.79,0.79,0.21,3,2.89,2.21,,,True,True,False,True,True,True
S04_056,S04,answer,score,score,2,4,hard,long_irrelevant,long,2,0.99,0.99,0.99,2,0.99,0.99,0.99,2,1.99,1.99,,,True,True,True,True,True,True
S04_057,S04,answer,score,score,2,4,easy,-,short,2,0.99,0.99,0.99,2,1.0,1.0,1.0,1,1.99,2.0,,,True,True,True,True,False,True
S05_001,S05,answer,score,score,4,5,medium,-,short,4,1.0,1.0,1.0,4,1.0,1.0,1.0,4,4.0,4.0,,,True,True,True,True,True,True
S05_002,S05,answer,score,score,2,5,hard,sarcasm,short,2,0.77,0.73,0.73,2,0.48,0.5,0.5,2,2.03,1.64,,,True,True,True,True,True,True
S05_004,S05,answer,score,score,4,5,easy,-,medium,4,1.0,1.0,1.0,4,1.0,1.0,1.0,4,4.0,4.0,,,True,True,True,True,True,True
S05_005,S05,answer,score,score,1,5,easy,-,medium,1,0.99,0.99,0.99,1,0.75,0.73,0.73,1,1.01,0.86,,,True,True,True,True,True,True
S05_007,S05,answer,score,score,3,5,easy,-,medium,3,0.9,0.88,0.88,3,0.99,0.99,0.99,3,3.12,3.01,,,True,True,True,True,True,True
S05_008,S05,answer,score,score,4,5,medium,-,short,4,1.0,1.0,1.0,4,0.99,0.99,0.99,4,4.0,3.99,,,True,True,True,True,True,True
S05_009,S05,answer,score,score,4,5,easy,-,long,4,1.0,1.0,1.0,4,1.0,1.0,1.0,4,4.0,4.0,,,True,True,True,True,True,True
S05_010,S05,answer,score,score,0,5,medium,-,short,0,0.99,0.99,0.99,0,0.93,0.96,0.96,0,0.01,0.08,,,True,True,True,True,True,True
S05_013,S05,answer,score,score,0,5,hard,implicit,medium,0,1.0,0.99,0.99,0,0.85,0.85,0.85,0,0.01,0.18,,,True,True,True,True,True,True
S05_014,S05,answer,score,score,3,5,hard,mixed_signals,short,3,0.7,0.64,0.64,3,0.58,0.5,0.5,3,3.35,3.48,,,True,True,True,True,True,True
S05_016,S05,answer,score,score,4,5,hard,implicit,short,4,0.97,0.97,0.97,4,0.88,0.9,0.9,4,3.96,3.86,,,True,True,True,True,True,True
S05_019,S05,answer,score,score,3,5,easy,-,medium,3,1.0,1.0,1.0,3,0.97,0.96,0.96,3,3.0,2.98,,,True,True,True,True,True,True
S05_020,S05,answer,score,score,1,5,easy,-,long,1,0.82,0.79,0.79,0,0.83,0.79,0.21,1,0.79,0.21,,,True,True,False,True,True,True
S05_021,S05,answer,score,score,0,5,hard,mixed_signals,long,0,0.97,0.97,0.97,0,1.0,1.0,1.0,0,0.04,0.0,,,True,True,True,True,True,True
S05_022,S05,answer,score,score,1,5,medium,-,medium,1,0.97,0.96,0.96,1,0.68,0.65,0.65,1,0.96,0.76,,,True,True,True,True,True,True
S05_023,S05,answer,score,score,1,5,hard,implicit,short,1,0.99,0.99,0.99,1,0.57,0.51,0.51,1,1.0,0.62,,,True,True,True,True,True,True
S05_024,S05,answer,score,score,1,5,medium,-,medium,1,0.7,0.64,0.64,0,0.67,0.6,0.4,0,0.64,0.4,,,True,True,False,True,False,True
S05_025,S05,answer,score,score,4,5,hard,mixed_signals,short,4,1.0,1.0,1.0,4,0.99,0.99,0.99,4,4.0,3.99,,,True,True,True,True,True,True
S05_027,S05,answer,score,score,3,5,easy,-,short,3,0.81,0.77,0.77,3,0.63,0.56,0.56,3,2.77,2.56,,,True,True,True,True,True,True
S05_028,S05,answer,score,score,1,5,medium,-,medium,1,0.99,1.0,1.0,1,0.51,0.48,0.48,1,1.0,1.21,,,True,True,True,True,True,True
S05_030,S05,answer,score,score,0,5,easy,-,short,0,1.0,1.0,1.0,0,0.88,0.89,0.89,0,0.0,0.15,,,True,True,True,True,True,True
S05_031,S05,answer,score,score,3,5,easy,-,medium,4,0.72,0.66,0.34,4,0.61,0.53,0.47,4,3.66,3.53,,,False,True,False,True,False,True
S05_032,S05,answer,score,score,0,5,medium,-,short,0,0.99,0.99,0.99,0,0.96,0.95,0.95,0,0.01,0.05,,,True,True,True,True,True,True
S05_033,S05,answer,score,score,3,5,medium,-,short,3,0.96,0.96,0.96,3,0.84,0.81,0.81,3,3.04,3.15,,,True,True,True,True,True,True
S05_034,S05,answer,score,score,3,5,easy,-,medium,3,0.99,0.99,0.99,3,0.98,0.98,0.98,3,3.01,3.02,,,True,True,True,True,True,True
S05_035,S05,answer,score,score,0,5,medium,-,medium,0,0.74,0.69,0.69,0,0.98,0.97,0.97,0,0.31,0.03,,,True,True,True,True,True,True
S05_038,S05,answer,score,score,0,5,medium,-,short,0,0.97,0.97,0.97,0,0.88,0.86,0.86,0,0.03,0.14,,,True,True,True,True,True,True
S05_039,S05,answer,score,score,1,5,easy,-,short,1,1.0,1.0,1.0,1,0.91,0.89,0.89,1,1.0,0.91,,,True,True,True,True,True,True
S05_040,S05,answer,score,score,0,5,easy,-,short,0,0.86,0.83,0.83,0,0.85,0.83,0.83,0,0.17,0.18,,,True,True,True,True,True,True
S05_041,S05,answer,score,score,1,5,easy,-,short,1,0.99,0.99,0.99,1,0.84,0.81,0.81,1,0.99,0.83,,,True,True,True,True,True,True
S05_042,S05,answer,score,score,3,5,hard,mixed_signals,medium,3,0.89,0.87,0.87,3,0.88,0.85,0.85,3,3.13,2.91,,,True,True,True,True,True,True
S05_043,S05,answer,score,score,0,5,hard,sarcasm,short,0,0.98,0.98,0.98,0,0.77,0.84,0.84,0,0.02,0.28,,,True,True,True,True,True,True
S05_045,S05,answer,score,score,4,5,easy,-,medium,4,1.0,1.0,1.0,4,1.0,1.0,1.0,4,4.0,4.0,,,True,True,True,True,True,True
S05_046,S05,answer,score,score,4,5,hard,sarcasm,long,4,1.0,1.0,1.0,4,1.0,1.0,1.0,4,4.0,4.0,,,True,True,True,True,True,True
S05_047,S05,answer,score,score,4,5,hard,mixed_signals,long,4,1.0,1.0,1.0,4,1.0,1.0,1.0,4,4.0,4.0,,,True,True,True,True,True,True
S05_048,S05,answer,score,score,2,5,hard,implicit,short,3,0.59,0.51,0.49,2,0.56,0.49,0.49,3,2.51,2.47,,,False,True,True,True,False,True
S05_049,S05,answer,score,score,0,5,easy,-,short,0,0.99,0.99,0.99,0,0.78,0.82,0.82,0,0.01,0.26,,,True,True,True,True,True,True
S05_050,S05,answer,score,score,4,5,medium,-,short,4,0.98,0.98,0.98,4,0.77,0.79,0.79,4,3.98,3.72,,,True,True,True,True,True,True
S05_051,S05,answer,score,score,3,5,medium,-,medium,3,1.0,1.0,1.0,3,0.96,0.95,0.95,3,3.0,3.03,,,True,True,True,True,True,True
S05_052,S05,answer,score,score,1,5,hard,mixed_signals,short,1,0.98,0.97,0.97,1,0.77,0.73,0.73,1,0.98,0.75,,,True,True,True,True,True,True
S05_053,S05,answer,score,score,3,5,easy,-,medium,3,1.0,0.99,0.99,3,0.98,0.98,0.98,3,3.0,3.0,,,True,True,True,True,True,True
S05_054,S05,answer,score,score,2,5,easy,-,short,2,0.73,0.67,0.67,2,0.66,0.59,0.59,2,2.32,2.41,,,True,True,True,True,True,True
S05_055,S05,answer,score,score,2,5,medium,-,short,2,0.79,0.75,0.75,1,0.64,0.6,0.3,2,2.05,1.27,,,True,True,False,True,True,True
S05_056,S05,answer,score,score,1,5,medium,-,short,1,0.76,0.72,0.72,1,0.86,0.85,0.85,1,1.28,0.93,,,True,True,True,True,True,True
S05_057,S05,answer,score,score,2,5,medium,-,short,2,0.81,0.77,0.77,1,0.83,0.82,0.05,2,1.91,0.99,,,True,True,False,True,True,True
S05_058,S05,answer,score,score,2,5,medium,-,short,2,0.63,0.56,0.56,1,0.6,0.56,0.37,2,2.4,1.4,,,True,True,False,True,True,True
S05_059,S05,answer,score,score,2,5,medium,-,medium,2,0.83,0.8,0.8,2,0.85,0.83,0.83,2,1.92,1.82,,,True,True,True,True,True,True
S05_061,S05,answer,score,score,2,5,medium,-,medium,2,0.73,0.68,0.68,2,0.83,0.82,0.82,3,1.98,2.12,,,True,True,True,True,False,True
S05_062,S05,answer,score,score,2,5,medium,-,medium,2,0.75,0.7,0.7,1,0.65,0.58,0.41,2,2.02,1.4,,,True,True,False,True,True,True
S05_063,S05,answer,score,score,2,5,medium,-,medium,1,0.61,0.55,0.44,1,0.96,0.95,0.02,2,1.47,0.99,,,False,True,False,True,True,True
S06_000,S06,answer,score,score,1,3,hard,numbers,short,1,0.56,0.71,0.71,1,0.84,0.89,0.89,2,1.29,1.07,,,True,True,True,True,False,True
S06_001,S06,answer,score,score,0,3,medium,-,short,0,0.63,0.76,0.76,0,0.49,0.67,0.67,0,0.24,0.34,,,True,True,True,True,True,True
S06_002,S06,answer,score,score,1,3,hard,distractor,medium,1,1.0,1.0,1.0,1,1.0,1.0,1.0,1,1.0,1.0,,,True,True,True,True,True,True
S06_003,S06,answer,score,score,2,3,medium,-,medium,2,1.0,1.0,1.0,2,0.99,0.99,0.99,2,2.0,1.99,,,True,True,True,True,True,True
S06_004,S06,answer,score,score,1,3,medium,-,short,1,1.0,1.0,1.0,1,1.0,1.0,1.0,1,1.0,1.0,,,True,True,True,True,True,True
S06_005,S06,answer,score,score,0,3,hard,numbers,long,0,0.82,0.89,0.89,2,0.56,0.8,0.09,2,0.12,1.71,,,True,True,False,False,False,False
S06_006,S06,answer,score,score,2,3,easy,-,long,2,1.0,1.0,1.0,2,1.0,1.0,1.0,2,2.0,2.0,,,True,True,True,True,True,True
S06_007,S06,answer,score,score,2,3,medium,-,medium,2,1.0,1.0,1.0,2,0.99,0.99,0.99,2,2.0,1.99,,,True,True,True,True,True,True
S06_008,S06,answer,score,score,0,3,medium,-,medium,0,1.0,1.0,1.0,0,0.99,0.99,0.99,0,0.0,0.01,,,True,True,True,True,True,True
S06_009,S06,answer,score,score,0,3,hard,distractor,medium,0,1.0,1.0,1.0,0,1.0,1.0,1.0,0,0.0,0.0,,,True,True,True,True,True,True
S06_010,S06,answer,score,score,1,3,easy,-,short,1,1.0,1.0,1.0,1,0.97,0.98,0.98,1,1.0,1.0,,,True,True,True,True,True,True
S06_011,S06,answer,score,score,2,3,easy,-,medium,2,1.0,1.0,1.0,2,0.96,0.98,0.98,2,2.0,1.97,,,True,True,True,True,True,True
S06_013,S06,answer,score,score,1,3,medium,-,medium,1,1.0,1.0,1.0,1,1.0,1.0,1.0,1,1.0,1.0,,,True,True,True,True,True,True
S06_015,S06,answer,score,score,1,3,medium,-,medium,1,1.0,1.0,1.0,1,0.96,0.97,0.97,1,1.0,0.99,,,True,True,True,True,True,True
S06_016,S06,answer,score,score,1,3,easy,-,medium,1,1.0,1.0,1.0,1,0.99,0.99,0.99,1,1.0,1.01,,,True,True,True,True,True,True
S06_017,S06,answer,score,score,0,3,easy,-,medium,0,1.0,1.0,1.0,0,1.0,1.0,1.0,0,0.0,0.0,,,True,True,True,True,True,True
S06_018,S06,answer,score,score,1,3,hard,long_irrelevant,long,1,1.0,1.0,1.0,1,1.0,1.0,1.0,1,1.0,1.0,,,True,True,True,True,True,True
S06_019,S06,answer,score,score,0,3,easy,-,medium,0,1.0,1.0,1.0,0,1.0,1.0,1.0,0,0.0,0.0,,,True,True,True,True,True,True
S06_020,S06,answer,score,score,2,3,hard,distractor,medium,2,0.93,0.95,0.95,2,1.0,1.0,1.0,2,1.95,2.0,,,True,True,True,True,True,True
S06_021,S06,answer,score,score,2,3,hard,long_irrelevant,long,2,1.0,1.0,1.0,2,1.0,1.0,1.0,2,2.0,2.0,,,True,True,True,True,True,True
S06_022,S06,answer,score,score,2,3,easy,-,medium,2,1.0,1.0,1.0,2,1.0,1.0,1.0,2,2.0,2.0,,,True,True,True,True,True,True
S06_023,S06,answer,score,score,0,3,easy,-,medium,0,1.0,1.0,1.0,0,1.0,1.0,1.0,0,0.0,0.0,,,True,True,True,True,True,True
S06_024,S06,answer,score,score,1,3,hard,numbers,medium,1,0.68,0.78,0.78,1,0.34,0.56,0.56,2,1.22,1.44,,,True,True,True,True,False,True
S06_025,S06,answer,score,score,0,3,hard,long_irrelevant,long,0,1.0,1.0,1.0,0,1.0,1.0,1.0,0,0.0,0.0,,,True,True,True,True,True,True
S06_026,S06,answer,score,score,1,3,medium,-,short,1,1.0,1.0,1.0,1,1.0,1.0,1.0,1,1.0,1.0,,,True,True,True,True,True,True
S06_027,S06,answer,score,score,0,3,medium,-,medium,0,1.0,1.0,1.0,0,1.0,1.0,1.0,0,0.0,0.0,,,True,True,True,True,True,True
S06_028,S06,answer,score,score,2,3,medium,-,medium,2,1.0,1.0,1.0,2,1.0,1.0,1.0,2,2.0,2.0,,,True,True,True,True,True,True
S06_029,S06,answer,score,score,2,3,medium,-,long,2,1.0,1.0,1.0,2,1.0,1.0,1.0,2,2.0,2.0,,,True,True,True,True,True,True
S06_030,S06,answer,score,score,0,3,easy,-,short,0,1.0,1.0,1.0,0,1.0,1.0,1.0,0,0.0,0.0,,,True,True,True,True,True,True
S06_031,S06,answer,score,score,2,3,easy,-,medium,2,1.0,1.0,1.0,2,0.96,0.98,0.98,2,2.0,1.97,,,True,True,True,True,True,True
S06_032,S06,answer,score,score,0,3,medium,-,medium,0,1.0,1.0,1.0,0,0.99,0.99,0.99,0,0.0,0.01,,,True,True,True,True,True,True
S06_033,S06,answer,score,score,0,3,hard,long_irrelevant,long,0,1.0,1.0,1.0,0,0.99,0.99,0.99,0,0.0,0.01,,,True,True,True,True,True,True
S06_034,S06,answer,score,score,0,3,medium,-,medium,0,1.0,1.0,1.0,0,1.0,1.0,1.0,0,0.0,0.0,,,True,True,True,True,True,True
S06_036,S06,answer,score,score,1,3,easy,-,short,1,1.0,1.0,1.0,1,1.0,1.0,1.0,1,1.0,1.0,,,True,True,True,True,True,True
S06_037,S06,answer,score,score,0,3,easy,-,short,0,1.0,1.0,1.0,0,1.0,1.0,1.0,0,0.0,0.0,,,True,True,True,True,True,True
S06_038,S06,answer,score,score,0,3,medium,-,medium,0,1.0,1.0,1.0,0,1.0,1.0,1.0,0,0.0,0.0,,,True,True,True,True,True,True
S06_039,S06,answer,score,score,1,3,easy,-,medium,1,1.0,1.0,1.0,1,1.0,1.0,1.0,1,1.0,1.0,,,True,True,True,True,True,True
S06_040,S06,answer,score,score,2,3,easy,-,medium,2,1.0,1.0,1.0,2,0.96,0.98,0.98,2,2.0,1.97,,,True,True,True,True,True,True
S06_041,S06,answer,score,score,1,3,easy,-,short,1,1.0,1.0,1.0,1,0.97,0.98,0.98,1,1.0,1.0,,,True,True,True,True,True,True
S06_042,S06,answer,score,score,1,3,hard,distractor,medium,1,0.99,1.0,1.0,1,0.94,0.96,0.96,1,1.0,0.98,,,True,True,True,True,True,True
S06_043,S06,answer,score,score,2,3,medium,-,medium,2,1.0,1.0,1.0,2,0.99,0.99,0.99,2,2.0,1.99,,,True,True,True,True,True,True
S06_044,S06,answer,score,score,2,3,easy,-,short,2,1.0,1.0,1.0,2,1.0,1.0,1.0,2,2.0,2.0,,,True,True,True,True,True,True
S06_045,S06,answer,score,score,2,3,medium,-,medium,2,1.0,1.0,1.0,2,1.0,1.0,1.0,2,2.0,2.0,,,True,True,True,True,True,True
S06_046,S06,answer,score,score,0,3,hard,distractor,medium,0,1.0,1.0,1.0,0,0.91,0.95,0.95,0,0.0,0.06,,,True,True,True,True,True,True
S06_047,S06,answer,score,score,2,3,hard,long_irrelevant,long,2,1.0,1.0,1.0,2,1.0,1.0,1.0,2,2.0,2.0,,,True,True,True,True,True,True
S06_048,S06,answer,score,score,2,3,medium,-,short,2,1.0,1.0,1.0,2,1.0,1.0,1.0,2,2.0,2.0,,,True,True,True,True,True,True
S06_050,S06,answer,score,score,1,3,hard,long_irrelevant,long,1,1.0,1.0,1.0,1,1.0,1.0,1.0,1,1.0,1.0,,,True,True,True,True,True,True
S06_051,S06,answer,score,score,2,3,hard,distractor,long,2,1.0,1.0,1.0,2,1.0,1.0,1.0,2,2.0,2.0,,,True,True,True,True,True,True
S06_054,S06,answer,score,score,1,3,medium,-,medium,1,1.0,1.0,1.0,1,1.0,1.0,1.0,1,1.0,1.0,,,True,True,True,True,True,True
S06_055,S06,answer,score,score,0,3,easy,-,long,0,1.0,1.0,1.0,0,1.0,1.0,1.0,0,0.0,0.0,,,True,True,True,True,True,True
S07_001,S07,answer,score,score,2,4,medium,-,short,2,1.0,1.0,1.0,2,1.0,1.0,1.0,2,2.0,2.0,,,True,True,True,True,True,True
S07_002,S07,answer,score,score,3,4,easy,-,medium,3,0.9,0.9,0.9,3,0.95,0.97,0.97,3,2.9,2.95,,,True,True,True,True,True,True
S07_003,S07,answer,score,score,3,4,medium,-,long,3,0.97,0.97,0.97,2,0.53,0.53,0.47,3,2.97,2.47,,,True,True,False,True,True,True
S07_004,S07,answer,score,score,3,4,medium,-,medium,3,1.0,1.0,1.0,3,0.94,0.97,0.97,3,3.0,2.94,,,True,True,True,True,True,True
S07_006,S07,answer,score,score,1,4,medium,-,short,1,0.68,0.68,0.68,0,0.51,0.51,0.49,1,0.68,0.49,,,True,True,False,True,True,True
S07_008,S07,answer,score,score,0,4,hard,long_irrelevant,long,0,0.72,0.72,0.72,0,0.99,0.99,0.99,0,0.28,0.01,,,True,True,True,True,True,True
S07_012,S07,answer,score,score,3,4,hard,long_irrelevant,long,2,0.75,0.76,0.22,2,0.87,0.87,0.01,1,2.19,1.89,,,False,True,False,True,False,False
S07_013,S07,answer,score,score,0,4,hard,near_miss,short,0,0.73,0.74,0.74,0,0.94,0.94,0.94,1,0.27,0.06,,,True,True,True,True,False,True
S07_015,S07,answer,score,score,1,4,hard,distractor,long,1,0.97,0.97,0.97,1,1.0,1.0,1.0,1,1.0,1.0,,,True,True,True,True,True,True
S07_016,S07,answer,score,score,2,4,hard,near_miss,short,2,1.0,1.0,1.0,2,1.0,1.0,1.0,2,2.0,2.0,,,True,True,True,True,True,True
S07_017,S07,answer,score,score,2,4,hard,distractor,short,2,0.99,1.0,1.0,2,0.98,0.98,0.98,2,2.0,1.98,,,True,True,True,True,True,True
S07_019,S07,answer,score,score,0,4,medium,-,medium,0,1.0,1.0,1.0,0,1.0,1.0,1.0,0,0.0,0.0,,,True,True,True,True,True,True
S07_020,S07,answer,score,score,2,4,medium,-,medium,2,1.0,1.0,1.0,2,0.99,0.99,0.99,2,2.0,1.99,,,True,True,True,True,True,True
S07_022,S07,answer,score,score,1,4,medium,-,short,0,0.74,0.74,0.26,0,0.7,0.7,0.3,0,0.26,0.3,,,False,True,False,True,False,True
S07_023,S07,answer,score,score,1,4,medium,-,medium,1,0.96,0.96,0.96,1,0.98,0.98,0.98,1,1.02,0.98,,,True,True,True,True,True,True
S07_024,S07,answer,score,score,1,4,easy,-,medium,1,0.76,0.76,0.76,1,0.99,0.99,0.99,1,1.24,1.01,,,True,True,True,True,True,True
S07_025,S07,answer,score,score,1,4,hard,near_miss,medium,1,0.82,0.82,0.82,0,0.91,0.91,0.09,1,0.85,0.09,,,True,True,False,True,True,True
S07_027,S07,answer,score,score,2,4,medium,-,short,2,0.99,1.0,1.0,2,1.0,1.0,1.0,2,2.0,2.0,,,True,True,True,True,True,True
S07_029,S07,answer,score,score,0,4,easy,-,medium,1,0.58,0.59,0.4,1,0.74,0.74,0.24,1,0.62,0.78,,,False,True,False,True,False,True
S07_030,S07,answer,score,score,3,4,hard,distractor,medium,3,0.96,0.96,0.96,3,0.93,0.93,0.93,3,2.96,2.93,,,True,True,True,True,True,True
S07_032,S07,answer,score,score,1,4,easy,-,medium,1,0.72,0.72,0.72,1,0.74,0.74,0.74,1,0.72,0.74,,,True,True,True,True,True,True
S07_033,S07,answer,score,score,3,4,easy,-,long,3,0.96,0.96,0.96,3,1.0,1.0,1.0,3,2.96,3.0,,,True,True,True,True,True,True
S07_034,S07,answer,score,score,3,4,easy,-,medium,3,1.0,1.0,1.0,3,0.99,0.99,0.99,3,3.0,2.99,,,True,True,True,True,True,True
S07_035,S07,answer,score,score,0,4,easy,-,medium,0,1.0,1.0,1.0,0,0.99,0.99,0.99,0,0.0,0.01,,,True,True,True,True,True,True
S07_036,S07,answer,score,score,2,4,medium,-,medium,2,0.99,0.99,0.99,2,0.99,0.99,0.99,2,2.01,1.99,,,True,True,True,True,True,True
S07_037,S07,answer,score,score,1,4,hard,near_miss,short,1,0.98,0.98,0.98,1,1.0,1.0,1.0,1,1.0,1.0,,,True,True,True,True,True,True
S07_039,S07,answer,score,score,3,4,easy,-,long,3,1.0,1.0,1.0,3,0.99,0.99,0.99,3,3.0,2.99,,,True,True,True,True,True,True
S07_040,S07,answer,score,score,3,4,hard,long_irrelevant,long,3,0.93,0.9400000000000001,0.9400000000000001,3,1.0,1.0,1.0,3,2.93,3.0,,,True,True,True,True,True,True
S07_041,S07,answer,score,score,2,4,medium,-,medium,2,0.95,0.95,0.95,2,0.98,0.98,0.98,2,2.05,1.98,,,True,True,True,True,True,True
S07_042,S07,answer,score,score,2,4,easy,-,short,2,0.98,0.98,0.98,2,0.9,0.9,0.9,2,2.0,1.9,,,True,True,True,True,True,True
S07_044,S07,answer,score,score,1,4,medium,-,medium,1,0.98,0.99,0.99,1,0.96,0.96,0.96,1,0.99,0.96,,,True,True,True,True,True,True
S07_045,S07,answer,score,score,3,4,medium,-,short,3,0.92,0.92,0.92,3,0.96,0.96,0.96,3,2.92,2.96,,,True,True,True,True,True,True
S07_046,S07,answer,score,score,1,4,medium,-,short,1,0.91,0.9,0.9,1,0.96,0.96,0.96,1,1.0,0.96,,,True,True,True,True,True,True
S07_047,S07,answer,score,score,3,4,hard,distractor,medium,3,0.52,0.53,0.53,2,0.85,0.85,0.12,3,2.52,2.09,,,True,True,False,True,True,True
S07_048,S07,answer,score,score,1,4,easy,-,medium,0,0.83,0.83,0.17,0,0.99,0.99,0.01,0,0.17,0.01,,,False,True,False,True,False,True
S07_049,S07,answer,score,score,1,4,easy,-,long,1,0.93,0.93,0.93,1,1.0,1.0,1.0,1,0.96,1.0,,,True,True,True,True,True,True
S07_050,S07,answer,score,score,3,4,medium,-,short,3,1.0,1.0,1.0,3,0.97,0.99,0.99,3,3.0,2.97,,,True,True,True,True,True,True
S07_051,S07,answer,score,score,2,4,easy,-,medium,2,0.99,0.99,0.99,2,1.0,1.0,1.0,2,2.0,2.0,,,True,True,True,True,True,True
S07_054,S07,answer,score,score,1,4,medium,-,long,1,0.83,0.83,0.83,0,0.64,0.64,0.36,0,0.83,0.36,,,True,True,False,True,False,True
S07_056,S07,answer,score,score,3,4,hard,near_miss,medium,3,1.0,1.0,1.0,3,0.95,0.97,0.97,3,3.0,2.95,,,True,True,True,True,True,True
S07_058,S07,answer,score,score,0,4,medium,-,medium,0,1.0,1.0,1.0,0,1.0,1.0,1.0,0,0.0,0.0,,,True,True,True,True,True,True
S07_059,S07,answer,score,score,0,4,medium,-,short,0,1.0,1.0,1.0,0,1.0,1.0,1.0,0,0.0,0.0,,,True,True,True,True,True,True
S07_060,S07,answer,score,score,0,4,medium,-,medium,0,1.0,1.0,1.0,0,1.0,1.0,1.0,0,0.0,0.0,,,True,True,True,True,True,True
S07_061,S07,answer,score,score,0,4,medium,-,short,0,1.0,1.0,1.0,0,1.0,1.0,1.0,0,0.0,0.0,,,True,True,True,True,True,True
S07_062,S07,answer,score,score,0,4,medium,-,short,0,1.0,1.0,1.0,0,1.0,1.0,1.0,0,0.0,0.0,,,True,True,True,True,True,True
S07_063,S07,answer,score,score,0,4,medium,-,short,0,1.0,1.0,1.0,0,1.0,1.0,1.0,0,0.0,0.0,,,True,True,True,True,True,True
S07_064,S07,answer,score,score,0,4,medium,-,short,0,1.0,1.0,1.0,0,1.0,1.0,1.0,0,0.0,0.0,,,True,True,True,True,True,True
S07_066,S07,answer,score,score,2,4,medium,-,medium,2,1.0,1.0,1.0,2,0.99,0.99,0.99,2,2.0,1.99,,,True,True,True,True,True,True
S07_067,S07,answer,score,score,2,4,medium,-,short,2,0.96,0.96,0.96,2,0.97,0.97,0.97,2,2.04,1.97,,,True,True,True,True,True,True
S07_068,S07,answer,score,score,2,4,medium,-,medium,2,0.99,0.99,0.99,2,0.99,0.99,0.99,2,2.0,1.99,,,True,True,True,True,True,True
S08_000,S08,answer,score,score,2,5,hard,mixed_signals,medium,2,0.99,1.0,1.0,2,0.99,0.99,0.99,2,2.0,1.99,,,True,True,True,True,True,True
S08_002,S08,answer,score,score,0,5,medium,-,medium,0,1.0,1.0,1.0,0,1.0,1.0,1.0,0,0.0,0.0,,,True,True,True,True,True,True
S08_003,S08,answer,score,score,3,5,medium,-,short,3,1.0,0.99,0.99,3,0.99,0.99,0.99,3,2.99,2.99,,,True,True,True,True,True,True
S08_004,S08,answer,score,score,2,5,medium,-,short,2,0.94,0.93,0.93,2,0.78,0.74,0.74,2,2.05,1.74,,,True,True,True,True,True,True
S08_005,S08,answer,score,score,3,5,hard,mixed_signals,medium,3,1.0,1.0,1.0,3,1.0,1.0,1.0,3,3.0,3.0,,,True,True,True,True,True,True
S08_007,S08,answer,score,score,4,5,easy,-,short,4,1.0,1.0,1.0,4,0.96,0.95,0.95,4,4.0,3.95,,,True,True,True,True,True,True
S08_008,S08,answer,score,score,4,5,hard,sarcasm,long,4,1.0,1.0,1.0,4,1.0,1.0,1.0,4,4.0,4.0,,,True,True,True,True,True,True
S08_009,S08,answer,score,score,3,5,hard,sarcasm,medium,3,0.99,0.99,0.99,3,1.0,1.0,1.0,3,3.01,3.0,,,True,True,True,True,True,True
S08_010,S08,answer,score,score,4,5,medium,-,medium,4,1.0,1.0,1.0,4,0.99,0.99,0.99,4,4.0,3.99,,,True,True,True,True,True,True
S08_011,S08,answer,score,score,1,5,hard,long_irrelevant,long,1,0.89,0.87,0.87,0,0.99,0.99,0.01,1,1.05,0.01,,,True,True,False,True,True,True
S08_012,S08,answer,score,score,0,5,easy,-,short,0,1.0,1.0,1.0,0,1.0,1.0,1.0,0,0.0,0.0,,,True,True,True,True,True,True
S08_013,S08,answer,score,score,2,5,easy,-,short,2,0.88,0.85,0.85,1,0.76,0.71,0.29,2,1.93,1.29,,,True,True,False,True,True,True
S08_014,S08,answer,score,score,3,5,medium,-,short,3,0.83,0.8,0.8,3,0.92,0.91,0.91,3,2.8,2.9,,,True,True,True,True,True,True
S08_015,S08,answer,score,score,4,5,hard,mixed_signals,short,3,0.78,0.74,0.26,4,0.69,0.63,0.63,3,3.25,3.63,,,False,True,True,True,False,True
S08_016,S08,answer,score,score,0,5,medium,-,medium,0,1.0,1.0,1.0,0,1.0,1.0,1.0,0,0.0,0.0,,,True,True,True,True,True,True
S08_017,S08,answer,score,score,3,5,easy,-,medium,3,1.0,1.0,1.0,3,1.0,1.0,1.0,3,3.0,3.0,,,True,True,True,True,True,True
S08_018,S08,answer,score,score,1,5,medium,-,long,1,0.98,0.98,0.98,1,0.99,0.99,0.99,1,0.98,0.99,,,True,True,True,True,True,True
S08_019,S08,answer,score,score,2,5,easy,-,short,2,1.0,1.0,1.0,2,1.0,1.0,1.0,2,2.0,2.0,,,True,True,True,True,True,True
S08_020,S08,answer,score,score,1,5,hard,sarcasm,short,1,0.71,0.66,0.66,1,0.73,0.68,0.68,1,1.35,1.32,,,True,True,True,True,True,True
S08_021,S08,answer,score,score,2,5,medium,-,short,2,0.93,0.91,0.91,2,0.9,0.88,0.88,1,1.95,1.88,,,True,True,True,True,False,True
S08_022,S08,answer,score,score,4,5,hard,long_irrelevant,long,4,0.88,0.91,0.91,4,0.96,0.95,0.95,4,3.86,3.95,,,True,True,True,True,True,True
S08_023,S08,answer,score,score,4,5,medium,-,medium,4,1.0,1.0,1.0,4,0.99,0.99,0.99,4,4.0,3.99,,,True,True,True,True,True,True
S08_024,S08,answer,score,score,3,5,easy,-,short,3,1.0,1.0,1.0,3,1.0,1.0,1.0,3,3.0,3.0,,,True,True,True,True,True,True
S08_025,S08,answer,score,score,3,5,easy,-,short,3,0.99,0.99,0.99,3,1.0,1.0,1.0,3,3.01,3.0,,,True,True,True,True,True,True
S08_026,S08,answer,score,score,4,5,medium,-,long,4,1.0,1.0,1.0,4,1.0,1.0,1.0,4,4.0,4.0,,,True,True,True,True,True,True
S08_027,S08,answer,score,score,4,5,medium,-,medium,4,1.0,1.0,1.0,4,0.99,0.99,0.99,4,4.0,3.99,,,True,True,True,True,True,True
S08_028,S08,answer,score,score,3,5,medium,-,medium,3,1.0,1.0,1.0,3,1.0,1.0,1.0,3,3.0,3.0,,,True,True,True,True,True,True
S08_029,S08,answer,score,score,4,5,medium,-,medium,4,0.99,0.99,0.99,4,0.95,0.94,0.94,4,3.99,3.94,,,True,True,True,True,True,True
S08_030,S08,answer,score,score,0,5,hard,mixed_signals,short,1,0.85,0.82,0.14,0,0.82,0.78,0.78,1,0.9,0.22,,,False,True,True,True,False,True
S08_031,S08,answer,score,score,2,5,hard,long_irrelevant,long,2,0.98,0.98,0.98,2,1.0,1.0,1.0,2,2.02,2.0,,,True,True,True,True,True,True
S08_032,S08,answer,score,score,3,5,hard,long_irrelevant,long,3,0.87,0.87,0.87,3,0.51,0.49,0.49,2,2.86,2.49,,,True,True,True,True,False,True
S08_033,S08,answer,score,score,1,5,hard,mixed_signals,medium,1,0.99,0.99,0.99,0,0.63,0.55,0.45,1,0.99,0.45,,,True,True,False,True,True,True
S08_034,S08,answer,score,score,1,5,hard,long_irrelevant,long,2,0.68,0.62,0.01,2,0.91,0.92,0.0,2,2.34,2.07,,,False,True,False,True,False,True
S08_037,S08,answer,score,score,0,5,easy,-,short,0,1.0,1.0,1.0,0,1.0,1.0,1.0,0,0.0,0.0,,,True,True,True,True,True,True
S08_038,S08,answer,score,score,0,5,easy,-,long,0,1.0,1.0,1.0,0,1.0,1.0,1.0,0,0.0,0.0,,,True,True,True,True,True,True
S08_039,S08,answer,score,score,2,5,medium,-,short,2,0.99,0.99,0.99,2,1.0,1.0,1.0,2,2.01,2.0,,,True,True,True,True,True,True
S08_041,S08,answer,score,score,1,5,medium,-,medium,1,0.99,0.99,0.99,1,0.98,0.98,0.98,1,1.0,0.98,,,True,True,True,True,True,True
S08_042,S08,answer,score,score,1,5,easy,-,short,1,0.96,0.95,0.95,1,0.78,0.74,0.74,1,1.01,0.74,,,True,True,True,True,True,True
S08_043,S08,answer,score,score,3,5,medium,-,medium,3,1.0,1.0,1.0,3,1.0,1.0,1.0,3,3.0,3.0,,,True,True,True,True,True,True
S08_044,S08,answer,score,score,2,5,easy,-,medium,2,1.0,1.0,1.0,2,1.0,1.0,1.0,2,2.0,2.0,,,True,True,True,True,True,True
S08_045,S08,answer,score,score,0,5,easy,-,medium,0,1.0,1.0,1.0,0,1.0,1.0,1.0,0,0.0,0.0,,,True,True,True,True,True,True
S08_046,S08,answer,score,score,0,5,medium,-,medium,0,1.0,0.99,0.99,0,1.0,1.0,1.0,0,0.01,0.0,,,True,True,True,True,True,True
S08_047,S08,answer,score,score,2,5,medium,-,medium,2,0.99,0.99,0.99,2,1.0,1.0,1.0,2,2.01,2.0,,,True,True,True,True,True,True
S08_048,S08,answer,score,score,1,5,easy,-,short,1,0.9,0.89,0.89,1,0.63,0.56,0.56,1,0.93,0.56,,,True,True,True,True,True,True
S08_049,S08,answer,score,score,0,5,hard,long_irrelevant,long,0,0.99,0.99,0.99,0,1.0,1.0,1.0,0,0.01,0.0,,,True,True,True,True,True,True
S08_050,S08,answer,score,score,4,5,easy,-,short,4,1.0,1.0,1.0,4,1.0,1.0,1.0,4,4.0,4.0,,,True,True,True,True,True,True
S08_051,S08,answer,score,score,2,5,easy,-,long,2,1.0,1.0,1.0,2,1.0,1.0,1.0,2,2.0,2.0,,,True,True,True,True,True,True
S08_052,S08,answer,score,score,0,5,hard,sarcasm,medium,0,1.0,1.0,1.0,0,1.0,1.0,1.0,0,0.0,0.0,,,True,True,True,True,True,True
S08_053,S08,answer,score,score,1,5,medium,-,long,1,0.95,0.94,0.94,1,0.68,0.62,0.62,1,1.02,0.62,,,True,True,True,True,True,True
S08_054,S08,answer,score,score,1,5,medium,-,medium,1,0.94,0.93,0.93,1,0.85,0.82,0.82,1,0.93,0.82,,,True,True,True,True,True,True
S09_000,S09,answer,score,score,2,4,hard,numbers,long,2,0.92,0.92,0.92,3,0.64,0.64,0.36,2,2.06,2.64,,,True,True,False,True,True,True
S09_001,S09,answer,score,score,2,4,medium,-,medium,3,0.58,0.59,0.41,2,0.56,0.56,0.56,3,2.58,2.44,,,False,True,True,True,False,True
S09_002,S09,answer,score,score,0,4,medium,-,medium,1,0.64,0.64,0.36,1,0.69,0.69,0.31,0,0.64,0.69,,,False,True,False,True,True,True
S09_003,S09,answer,score,score,2,4,medium,-,long,2,0.98,0.98,0.98,2,0.87,0.87,0.87,2,2.02,2.13,,,True,True,True,True,True,True
S09_005,S09,answer,score,score,1,4,hard,distractor,medium,1,0.97,0.98,0.98,1,0.92,0.92,0.92,1,1.0,1.06,,,True,True,True,True,True,True
S09_006,S09,answer,score,score,1,4,medium,-,medium,1,0.94,0.9299999999999999,0.9299999999999999,1,0.95,0.95,0.95,1,1.05,1.03,,,True,True,True,True,True,True
S09_007,S09,answer,score,score,2,4,easy,-,medium,2,0.59,0.6,0.6,3,0.85,0.85,0.15,2,2.4,2.85,,,True,True,False,True,True,True
S09_008,S09,answer,score,score,3,4,easy,-,long,3,1.0,1.0,1.0,3,1.0,1.0,1.0,3,3.0,3.0,,,True,True,True,True,True,True
S09_009,S09,answer,score,score,3,4,easy,-,short,3,0.9,0.9,0.9,3,0.95,0.95,0.95,3,2.9,2.95,,,True,True,True,True,True,True
S09_010,S09,answer,score,score,2,4,medium,-,long,2,0.89,0.89,0.89,2,0.97,0.97,0.97,2,2.11,2.03,,,True,True,True,True,True,True
S09_013,S09,answer,score,score,2,4,hard,implicit,medium,2,0.7,0.7,0.7,3,0.95,0.95,0.05,2,2.3,2.95,,,True,True,False,True,True,True
S09_014,S09,answer,score,score,3,4,medium,-,short,3,1.0,1.0,1.0,3,1.0,1.0,1.0,3,3.0,3.0,,,True,True,True,True,True,True
S09_017,S09,answer,score,score,1,4,hard,distractor,short,1,0.84,0.85,0.85,1,0.93,0.93,0.93,1,1.11,1.05,,,True,True,True,True,True,True
S09_018,S09,answer,score,score,0,4,medium,-,long,1,0.61,0.61,0.39,1,0.94,0.94,0.06,0,0.61,0.94,,,False,True,False,True,True,True
S09_019,S09,answer,score,score,1,4,easy,-,medium,1,0.6,0.6,0.6,1,0.91,0.91,0.91,0,0.6,0.91,,,True,True,True,True,False,True
S09_020,S09,answer,score,score,0,4,easy,-,short,0,0.99,0.99,0.99,0,0.92,0.92,0.92,0,0.01,0.08,,,True,True,True,True,True,True
S09_021,S09,answer,score,score,0,4,hard,implicit,medium,0,0.97,0.97,0.97,0,0.74,0.74,0.74,0,0.03,0.26,,,True,True,True,True,True,True
S09_022,S09,answer,score,score,1,4,medium,-,medium,1,1.0,1.0,1.0,1,0.99,0.99,0.99,1,1.0,0.99,,,True,True,True,True,True,True
S09_023,S09,answer,score,score,2,4,medium,-,short,2,0.84,0.84,0.84,2,0.63,0.63,0.63,2,2.14,2.37,,,True,True,True,True,True,True
S09_024,S09,answer,score,score,1,4,hard,distractor,medium,1,0.97,0.97,0.97,1,0.99,0.99,0.99,1,1.02,1.01,,,True,True,True,True,True,True
S09_025,S09,answer,score,score,1,4,easy,-,short,1,0.96,0.96,0.96,1,0.58,0.58,0.58,1,0.98,1.42,,,True,True,True,True,True,True
S09_026,S09,answer,score,score,3,4,easy,-,short,3,1.0,1.0,1.0,3,1.0,1.0,1.0,3,3.0,3.0,,,True,True,True,True,True,True
S09_027,S09,answer,score,score,3,4,medium,-,short,3,0.99,0.99,0.99,3,0.99,0.99,0.99,3,2.99,2.99,,,True,True,True,True,True,True
S09_028,S09,answer,score,score,3,4,hard,implicit,long,3,0.99,0.99,0.99,3,1.0,1.0,1.0,3,2.99,3.0,,,True,True,True,True,True,True
S09_029,S09,answer,score,score,0,4,medium,-,short,0,0.99,0.99,0.99,0,0.85,0.85,0.85,0,0.01,0.15,,,True,True,True,True,True,True
S09_030,S09,answer,score,score,3,4,medium,-,medium,3,0.99,0.99,0.99,3,1.0,1.0,1.0,3,2.99,3.0,,,True,True,True,True,True,True
S09_031,S09,answer,score,score,3,4,easy,-,short,3,0.99,1.0,1.0,3,1.0,1.0,1.0,3,2.99,3.0,,,True,True,True,True,True,True
S09_032,S09,answer,score,score,2,4,medium,-,medium,2,0.93,0.93,0.93,2,0.99,0.99,0.99,2,2.07,2.01,,,True,True,True,True,True,True
S09_033,S09,answer,score,score,0,4,easy,-,medium,0,0.5,0.53,0.53,1,0.74,0.74,0.25,0,0.5,0.76,,,True,True,False,True,True,True
S09_034,S09,answer,score,score,2,4,hard,distractor,short,2,0.79,0.79,0.79,2,0.54,0.54,0.54,2,1.95,2.46,,,True,True,True,True,True,True
S09_035,S09,answer,score,score,1,4,medium,-,medium,1,0.94,0.94,0.94,1,0.95,0.95,0.95,1,0.98,0.97,,,True,True,True,True,True,True
S09_036,S09,answer,score,score,2,4,medium,-,medium,2,0.79,0.79,0.79,2,0.97,0.97,0.97,2,2.21,2.03,,,True,True,True,True,True,True
S09_038,S09,answer,score,score,0,4,medium,-,short,0,0.69,0.69,0.69,1,0.54,0.54,0.46,0,0.31,0.54,,,True,True,False,True,True,True
S09_039,S09,answer,score,score,3,4,easy,-,long,3,0.99,0.99,0.99,3,1.0,1.0,1.0,3,2.99,3.0,,,True,True,True,True,True,True
S09_040,S09,answer,score,score,1,4,medium,-,long,1,0.98,0.98,0.98,1,0.99,0.99,0.99,1,0.98,0.99,,,True,True,True,True,True,True
S09_041,S09,answer,score,score,3,4,hard,distractor,short,3,1.0,1.0,1.0,3,1.0,1.0,1.0,3,3.0,3.0,,,True,True,True,True,True,True
S09_043,S09,answer,score,score,0,4,hard,numbers,long,0,0.9,0.9,0.9,1,0.54,0.54,0.46,0,0.1,0.54,,,True,True,False,True,True,True
S09_044,S09,answer,score,score,2,4,easy,-,short,2,0.95,0.95,0.95,2,1.0,1.0,1.0,2,2.04,2.0,,,True,True,True,True,True,True
S09_045,S09,answer,score,score,0,4,easy,-,long,1,0.68,0.68,0.32,1,0.93,0.93,0.06,0,0.68,0.95,,,False,True,False,True,True,True
S09_046,S09,answer,score,score,1,4,easy,-,short,1,0.95,0.95,0.95,1,0.94,0.94,0.94,1,1.01,0.98,,,True,True,True,True,True,True
S09_047,S09,answer,score,score,0,4,easy,-,medium,0,0.97,0.97,0.97,0,0.75,0.75,0.75,0,0.03,0.25,,,True,True,True,True,True,True
S09_050,S09,answer,score,score,1,4,hard,implicit,short,1,0.94,0.94,0.94,2,0.94,0.94,0.06,1,1.05,1.94,,,True,True,False,True,True,True
S09_051,S09,answer,score,score,2,4,easy,-,long,2,0.63,0.63,0.63,3,0.97,0.97,0.03,2,2.37,2.97,,,True,True,False,True,True,True
S09_052,S09,answer,score,score,3,4,hard,distractor,long,3,1.0,1.0,1.0,3,1.0,1.0,1.0,3,3.0,3.0,,,True,True,True,True,True,True
S09_054,S09,answer,score,score,0,4,hard,numbers,short,0,0.83,0.83,0.83,0,0.84,0.84,0.84,0,0.17,0.16,,,True,True,True,True,True,True
S09_056,S09,answer,score,score,3,4,easy,-,short,3,0.99,0.99,0.99,3,1.0,1.0,1.0,3,2.99,3.0,,,True,True,True,True,True,True
S09_057,S09,answer,score,score,0,4,medium,-,short,0,0.88,0.88,0.88,1,0.57,0.57,0.4,0,0.12,0.63,,,True,True,False,True,True,True
S09_059,S09,answer,score,score,1,4,medium,-,medium,1,0.86,0.86,0.86,1,0.78,0.78,0.78,0,0.86,0.78,,,True,True,True,True,False,True
S09_060,S09,answer,score,score,1,4,medium,-,short,1,0.68,0.6900000000000001,0.6900000000000001,2,0.67,0.67,0.33,1,1.32,1.67,,,True,True,False,True,True,True
S09_062,S09,answer,score,score,2,4,medium,-,medium,2,0.92,0.92,0.92,2,0.85,0.85,0.85,2,2.0,2.15,,,True,True,True,True,True,True
S10_000,S10,answer,score,score,3,7,easy,-,long,3,1.0,0.99,0.99,3,0.99,0.98,0.98,3,3.01,3.0,,,True,True,True,True,True,True
S10_001,S10,answer,score,score,6,7,medium,-,long,6,0.98,0.97,0.97,6,1.0,1.0,1.0,4,5.97,6.0,,,True,True,True,True,False,False
S10_002,S10,answer,score,score,3,7,medium,-,short,3,0.74,0.55,0.55,3,0.95,0.93,0.93,3,3.45,3.0,,,True,True,True,True,True,True
S10_003,S10,answer,score,score,6,7,medium,-,short,6,1.0,1.0,1.0,6,1.0,1.0,1.0,6,6.0,6.0,,,True,True,True,True,True,True
S10_004,S10,answer,score,score,2,7,medium,-,short,3,0.72,0.54,0.44,2,0.78,0.63,0.63,2,2.52,2.31,,,False,True,True,True,True,True
S10_005,S10,answer,score,score,2,7,medium,-,short,3,0.72,0.6,0.28,2,0.78,0.65,0.65,2,2.63,1.89,,,False,True,True,True,True,True
S10_006,S10,answer,score,score,2,7,hard,distractor,long,1,0.91,0.84,0.16,1,0.96,0.93,0.01,2,1.16,0.95,,,False,True,False,True,True,True
S10_007,S10,answer,score,score,4,7,easy,-,medium,4,0.91,0.92,0.92,4,0.5,0.5,0.5,4,4.15,4.81,,,True,True,True,True,True,True
S10_008,S10,answer,score,score,1,7,medium,-,medium,1,0.86,0.76,0.76,0,0.99,0.99,0.01,0,0.76,0.01,,,True,True,False,True,False,True
S10_009,S10,answer,score,score,3,7,easy,-,short,3,0.88,0.79,0.79,3,0.82,0.77,0.77,3,3.2,2.93,,,True,True,True,True,True,True
S10_010,S10,answer,score,score,2,7,easy,-,long,2,0.9,0.83,0.83,2,0.99,0.99,0.99,2,2.16,1.99,,,True,True,True,True,True,True
S10_011,S10,answer,score,score,6,7,easy,-,medium,6,1.0,1.0,1.0,6,1.0,1.0,1.0,6,6.0,6.0,,,True,True,True,True,True,True
S10_012,S10,answer,score,score,6,7,hard,distractor,long,6,1.0,0.99,0.99,6,0.99,0.99,0.99,4,5.99,5.99,,,True,True,True,True,False,False
S10_013,S10,answer,score,score,6,7,medium,-,short,6,1.0,1.0,1.0,6,0.99,0.99,0.99,6,6.0,5.99,,,True,True,True,True,True,True
S10_014,S10,answer,score,score,0,7,hard,long_irrelevant,long,0,1.0,1.0,1.0,0,1.0,1.0,1.0,0,0.0,0.0,,,True,True,True,True,True,True
S10_016,S10,answer,score,score,5,7,hard,distractor,short,5,0.83,0.73,0.73,5,0.66,0.75,0.75,5,5.26,4.58,,,True,True,True,True,True,True
S10_017,S10,answer,score,score,5,7,easy,-,short,5,0.98,0.97,0.97,5,0.86,0.9,0.9,5,4.97,4.78,,,True,True,True,True,True,True
S10_019,S10,answer,score,score,5,7,easy,-,short,5,0.98,0.99,0.99,5,0.97,0.97,0.97,5,4.96,4.94,,,True,True,True,True,True,True
S10_020,S10,answer,score,score,5,7,hard,long_irrelevant,long,5,1.0,1.0,1.0,5,0.98,0.98,0.98,5,5.0,4.97,,,True,True,True,True,True,True
S10_021,S10,answer,score,score,3,7,hard,long_irrelevant,long,3,0.99,0.98,0.98,3,0.91,0.86,0.86,2,2.98,2.85,,,True,True,True,True,False,True
S10_022,S10,answer,score,score,1,7,medium,-,medium,1,0.81,0.68,0.68,1,0.85,0.75,0.75,0,1.32,1.13,,,True,True,True,True,False,True
S10_023,S10,answer,score,score,3,7,hard,implicit,short,3,0.96,0.94,0.94,3,0.94,0.89,0.89,3,3.05,2.91,,,True,True,True,True,True,True
S10_024,S10,answer,score,score,0,7,medium,-,short,0,0.99,0.98,0.98,0,0.98,0.98,0.98,0,0.02,0.03,,,True,True,True,True,True,True
S10_025,S10,answer,score,score,2,7,hard,implicit,short,2,0.7,0.49,0.49,2,0.69,0.5,0.5,2,2.48,1.56,,,True,True,True,True,True,True
S10_026,S10,answer,score,score,3,7,easy,-,short,3,0.96,0.94,0.94,3,0.86,0.77,0.77,2,2.98,2.78,,,True,True,True,True,False,True
S10_027,S10,answer,score,score,4,7,easy,-,long,4,0.99,0.98,0.98,4,0.95,0.91,0.91,4,4.01,3.93,,,True,True,True,True,True,True
S10_028,S10,answer,score,score,4,7,hard,implicit,short,3,0.76,0.59,0.41,3,0.96,0.93,0.06,3,3.41,3.05,,,False,True,False,True,False,True
S10_029,S10,answer,score,score,6,7,easy,-,short,6,1.0,0.99,0.99,6,0.97,0.97,0.97,6,5.99,5.94,,,True,True,True,True,True,True
S10_030,S10,answer,score,score,4,7,hard,long_irrelevant,long,4,1.0,1.0,1.0,4,0.98,0.97,0.97,4,4.0,4.02,,,True,True,True,True,True,True
S10_031,S10,answer,score,score,2,7,easy,-,medium,2,0.92,0.87,0.87,2,0.91,0.87,0.87,1,2.07,1.97,,,True,True,True,True,False,True
S10_032,S10,answer,score,score,4,7,medium,-,long,4,0.99,0.99,0.99,4,0.99,0.98,0.98,3,4.0,4.0,,,True,True,True,True,False,True
S10_034,S10,answer,score,score,5,7,medium,-,medium,5,0.99,1.0,1.0,5,0.95,0.95,0.95,5,4.99,4.91,,,True,True,True,True,True,True
S10_035,S10,answer,score,score,1,7,easy,-,short,2,0.84,0.73,0.02,2,0.71,0.53,0.43,1,2.23,1.52,,,False,True,False,True,True,True
S10_036,S10,answer,score,score,1,7,hard,long_irrelevant,long,1,0.91,0.84,0.84,0,0.71,0.51,0.49,0,0.86,0.49,,,True,True,False,True,False,True
S10_038,S10,answer,score,score,4,7,medium,-,medium,5,0.7,0.52,0.44,4,0.91,0.84,0.84,4,4.48,3.96,,,False,True,True,True,True,True
S10_039,S10,answer,score,score,6,7,hard,implicit,medium,6,0.99,0.99,0.99,6,0.92,0.95,0.95,6,5.99,5.87,,,True,True,True,True,True,True
S10_040,S10,answer,score,score,5,7,easy,-,medium,5,0.98,0.98,0.98,5,0.94,0.96,0.96,5,5.02,4.89,,,True,True,True,True,True,True
S10_042,S10,answer,score,score,2,7,medium,-,medium,2,0.93,0.88,0.88,2,0.99,0.99,0.99,2,2.09,1.99,,,True,True,True,True,True,True
S10_044,S10,answer,score,score,0,7,easy,-,medium,0,0.99,0.98,0.98,0,0.99,0.99,0.99,0,0.02,0.01,,,True,True,True,True,True,True
S10_045,S10,answer,score,score,1,7,medium,-,long,1,0.99,0.99,0.99,1,0.99,0.98,0.98,1,1.01,1.0,,,True,True,True,True,True,True
S10_046,S10,answer,score,score,1,7,hard,distractor,short,1,0.96,0.9299999999999999,0.9299999999999999,1,0.9,0.85,0.85,1,1.07,0.98,,,True,True,True,True,True,True
S10_047,S10,answer,score,score,5,7,medium,-,medium,5,0.98,0.98,0.98,5,0.97,0.97,0.97,5,4.97,4.94,,,True,True,True,True,True,True
S10_048,S10,answer,score,score,4,7,medium,-,long,4,1.0,1.0,1.0,4,1.0,1.0,1.0,4,4.0,4.0,,,True,True,True,True,True,True
S10_049,S10,answer,score,score,0,7,easy,-,short,0,0.98,0.97,0.97,0,0.99,0.99,0.99,0,0.03,0.01,,,True,True,True,True,True,True
S10_050,S10,answer,score,score,0,7,easy,-,short,1,0.71,0.51,0.49,0,0.93,0.89,0.89,0,0.51,0.12,,,False,True,True,True,True,True
S10_051,S10,answer,score,score,3,7,medium,-,short,3,0.95,0.93,0.93,3,0.74,0.57,0.57,2,2.92,2.57,,,True,True,True,True,False,True
S10_052,S10,answer,score,score,0,7,medium,-,medium,0,0.96,0.92,0.92,0,0.99,0.99,0.99,0,0.08,0.01,,,True,True,True,True,True,True
S10_053,S10,answer,score,score,3,7,medium,-,medium,3,0.77,0.62,0.62,3,0.87,0.78,0.78,2,2.61,2.77,,,True,True,True,True,False,True
S10_054,S10,answer,score,score,0,7,medium,-,short,1,0.83,0.72,0.25,0,0.62,0.48,0.48,0,0.79,0.66,,,False,True,True,True,True,True
S10_056,S10,answer,score,score,1,7,medium,-,short,2,0.87,0.77,0.15,2,0.7,0.52,0.44,2,1.93,1.55,,,False,True,False,True,False,True
N01_000,N01,answer,noul,noul,False,2,easy,-,long,False,0.96,0.98,0.98,False,1.0,1.0,1.0,False,,,0.02,0.0,True,True,True,True,True,True
N01_001,N01,answer,noul,noul,False,2,easy,-,medium,False,0.92,0.96,0.96,False,1.0,1.0,1.0,False,,,0.04,0.0,True,True,True,True,True,True
N01_002,N01,answer,noul,noul,False,2,hard,implicit,long,False,0.94,0.97,0.97,False,1.0,1.0,1.0,False,,,0.03,0.0,True,True,True,True,True,True
N01_003,N01,answer,noul,noul,False,2,medium,-,medium,False,0.96,0.98,0.98,False,1.0,1.0,1.0,False,,,0.02,0.0,True,True,True,True,True,True
N01_004,N01,answer,noul,noul,False,2,medium,-,medium,False,0.96,0.98,0.98,False,1.0,1.0,1.0,False,,,0.02,0.0,True,True,True,True,True,True
N01_005,N01,answer,noul,noul,False,2,hard,negation,short,False,0.94,0.97,0.97,False,1.0,1.0,1.0,False,,,0.03,0.0,True,True,True,True,True,True
N01_006,N01,answer,noul,noul,False,2,easy,-,short,False,0.88,0.94,0.94,False,1.0,1.0,1.0,False,,,0.06,0.0,True,True,True,True,True,True
N01_007,N01,answer,noul,noul,False,2,easy,-,medium,False,0.94,0.97,0.97,False,1.0,1.0,1.0,False,,,0.03,0.0,True,True,True,True,True,True
N01_008,N01,answer,noul,noul,False,2,hard,negation,short,False,0.94,0.97,0.97,False,1.0,1.0,1.0,False,,,0.03,0.0,True,True,True,True,True,True
N01_009,N01,answer,noul,noul,False,2,medium,-,short,False,0.98,0.99,0.99,False,1.0,1.0,1.0,False,,,0.01,0.0,True,True,True,True,True,True
N01_010,N01,answer,noul,noul,True,2,medium,-,medium,True,0.96,0.98,0.98,True,1.0,1.0,1.0,True,,,0.98,1.0,True,True,True,True,True,True
N01_011,N01,answer,noul,noul,True,2,medium,-,short,True,0.96,0.98,0.98,True,1.0,1.0,1.0,True,,,0.98,1.0,True,True,True,True,True,True
N01_013,N01,answer,noul,noul,False,2,medium,-,short,False,0.98,0.99,0.99,False,1.0,1.0,1.0,False,,,0.01,0.0,True,True,True,True,True,True
N01_014,N01,answer,noul,noul,False,2,hard,quoted,medium,False,0.94,0.97,0.97,False,1.0,1.0,1.0,False,,,0.03,0.0,True,True,True,True,True,True
N01_015,N01,answer,noul,noul,True,2,hard,quoted,short,True,0.9199999999999999,0.96,0.96,True,1.0,1.0,1.0,True,,,0.96,1.0,True,True,True,True,True,True
N01_016,N01,answer,noul,noul,True,2,hard,quoted,medium,True,0.96,0.98,0.98,True,1.0,1.0,1.0,True,,,0.98,1.0,True,True,True,True,True,True
N01_017,N01,answer,noul,noul,True,2,medium,-,medium,True,0.96,0.98,0.98,True,1.0,1.0,1.0,True,,,0.98,1.0,True,True,True,True,True,True
N01_018,N01,answer,noul,noul,True,2,hard,quoted,short,True,0.98,0.99,0.99,True,1.0,1.0,1.0,True,,,0.99,1.0,True,True,True,True,True,True
N01_019,N01,answer,noul,noul,False,2,hard,implicit,medium,False,0.96,0.98,0.98,False,1.0,1.0,1.0,False,,,0.02,0.0,True,True,True,True,True,True
N01_020,N01,answer,noul,noul,False,2,easy,-,medium,False,0.94,0.97,0.97,False,1.0,1.0,1.0,False,,,0.03,0.0,True,True,True,True,True,True
N01_021,N01,answer,noul,noul,False,2,easy,-,short,False,0.98,0.99,0.99,False,1.0,1.0,1.0,False,,,0.01,0.0,True,True,True,True,True,True
N01_022,N01,answer,noul,noul,False,2,medium,-,short,False,0.96,0.98,0.98,False,1.0,1.0,1.0,False,,,0.02,0.0,True,True,True,True,True,True
N01_023,N01,answer,noul,noul,False,2,medium,-,medium,False,0.96,0.98,0.98,False,1.0,1.0,1.0,False,,,0.02,0.0,True,True,True,True,True,True
N01_024,N01,answer,noul,noul,True,2,easy,-,medium,True,0.98,0.99,0.99,True,1.0,1.0,1.0,True,,,0.99,1.0,True,True,True,True,True,True
N01_026,N01,answer,noul,noul,True,2,medium,-,short,True,0.98,0.99,0.99,True,1.0,1.0,1.0,True,,,0.99,1.0,True,True,True,True,True,True
N01_027,N01,answer,noul,noul,True,2,easy,-,short,True,0.96,0.98,0.98,True,1.0,1.0,1.0,True,,,0.98,1.0,True,True,True,True,True,True
N01_028,N01,answer,noul,noul,False,2,hard,implicit,long,False,0.96,0.98,0.98,False,1.0,1.0,1.0,False,,,0.02,0.0,True,True,True,True,True,True
N01_030,N01,answer,noul,noul,True,2,easy,-,medium,True,0.96,0.98,0.98,True,1.0,1.0,1.0,True,,,0.98,1.0,True,True,True,True,True,True
N01_031,N01,answer,noul,noul,False,2,easy,-,long,False,0.96,0.98,0.98,False,1.0,1.0,1.0,False,,,0.02,0.0,True,True,True,True,True,True
N01_032,N01,answer,noul,noul,True,2,medium,-,short,True,0.98,0.99,0.99,True,1.0,1.0,1.0,True,,,0.99,1.0,True,True,True,True,True,True
N01_033,N01,answer,noul,noul,True,2,medium,-,short,True,0.6000000000000001,0.8,0.8,True,1.0,1.0,1.0,True,,,0.8,1.0,True,True,True,True,True,True
N01_034,N01,answer,noul,noul,False,2,medium,-,short,False,0.94,0.97,0.97,False,1.0,1.0,1.0,False,,,0.03,0.0,True,True,True,True,True,True
N01_036,N01,answer,noul,noul,True,2,hard,negation,short,True,0.98,0.99,0.99,True,1.0,1.0,1.0,True,,,0.99,1.0,True,True,True,True,True,True
N01_037,N01,answer,noul,noul,True,2,easy,-,medium,True,0.98,0.99,0.99,True,1.0,1.0,1.0,True,,,0.99,1.0,True,True,True,True,True,True
N01_038,N01,answer,noul,noul,True,2,easy,-,long,True,0.98,0.99,0.99,True,1.0,1.0,1.0,True,,,0.99,1.0,True,True,True,True,True,True
N01_040,N01,answer,noul,noul,True,2,easy,-,short,True,0.98,0.99,0.99,True,1.0,1.0,1.0,True,,,0.99,1.0,True,True,True,True,True,True
N01_041,N01,answer,noul,noul,False,2,hard,quoted,medium,False,0.94,0.97,0.97,False,1.0,1.0,1.0,False,,,0.03,0.0,True,True,True,True,True,True
N01_042,N01,answer,noul,noul,True,2,hard,negation,short,True,0.96,0.98,0.98,True,1.0,1.0,1.0,True,,,0.98,1.0,True,True,True,True,True,True
N01_043,N01,answer,noul,noul,False,2,medium,-,short,False,0.94,0.97,0.97,False,1.0,1.0,1.0,False,,,0.03,0.0,True,True,True,True,True,True
N01_044,N01,answer,noul,noul,True,2,hard,negation,short,True,0.96,0.98,0.98,True,1.0,1.0,1.0,True,,,0.98,1.0,True,True,True,True,True,True
N01_045,N01,answer,noul,noul,True,2,easy,-,short,True,0.96,0.98,0.98,True,1.0,1.0,1.0,True,,,0.98,1.0,True,True,True,True,True,True
N01_046,N01,answer,noul,noul,True,2,medium,-,long,True,0.98,0.99,0.99,True,1.0,1.0,1.0,True,,,0.99,1.0,True,True,True,True,True,True
N01_047,N01,answer,noul,noul,True,2,medium,-,short,True,0.96,0.98,0.98,True,1.0,1.0,1.0,True,,,0.98,1.0,True,True,True,True,True,True
N01_048,N01,answer,noul,noul,True,2,easy,-,medium,True,0.98,0.99,0.99,True,1.0,1.0,1.0,True,,,0.99,1.0,True,True,True,True,True,True
N01_049,N01,answer,noul,noul,False,2,medium,-,medium,False,0.94,0.97,0.97,False,1.0,1.0,1.0,False,,,0.03,0.0,True,True,True,True,True,True
N01_051,N01,answer,noul,noul,False,2,hard,negation,medium,False,0.94,0.97,0.97,False,1.0,1.0,1.0,False,,,0.03,0.0,True,True,True,True,True,True
N01_052,N01,answer,noul,noul,True,2,hard,implicit,short,True,0.96,0.98,0.98,True,1.0,1.0,1.0,True,,,0.98,1.0,True,True,True,True,True,True
N01_053,N01,answer,noul,noul,True,2,medium,-,medium,True,0.96,0.98,0.98,True,1.0,1.0,1.0,True,,,0.98,1.0,True,True,True,True,True,True
N01_054,N01,answer,noul,noul,False,2,medium,-,short,False,0.94,0.97,0.97,False,1.0,1.0,1.0,False,,,0.03,0.0,True,True,True,True,True,True
N01_055,N01,answer,noul,noul,True,2,medium,-,short,True,0.96,0.98,0.98,True,1.0,1.0,1.0,True,,,0.98,1.0,True,True,True,True,True,True
N02_001,N02,answer,noul,noul,False,2,easy,-,medium,False,0.84,0.92,0.92,False,0.98,0.99,0.99,False,,,0.08,0.01,True,True,True,True,True,True
N02_003,N02,answer,noul,noul,False,2,hard,near_miss,short,False,0.8200000000000001,0.91,0.91,False,1.0,1.0,1.0,False,,,0.09,0.0,True,True,True,True,True,True
N02_004,N02,answer,noul,noul,True,2,medium,-,medium,True,0.96,0.98,0.98,True,1.0,1.0,1.0,True,,,0.98,1.0,True,True,True,True,True,True
N02_005,N02,answer,noul,noul,False,2,hard,long_irrelevant,long,False,0.94,0.97,0.97,False,1.0,1.0,1.0,False,,,0.03,0.0,True,True,True,True,True,True
N02_006,N02,answer,noul,noul,True,2,easy,-,long,True,0.96,0.98,0.98,True,1.0,1.0,1.0,True,,,0.98,1.0,True,True,True,True,True,True
N02_007,N02,answer,noul,noul,True,2,hard,implicit,short,True,0.94,0.97,0.97,True,1.0,1.0,1.0,True,,,0.97,1.0,True,True,True,True,True,True
N02_008,N02,answer,noul,noul,True,2,medium,-,medium,True,0.8999999999999999,0.95,0.95,True,1.0,1.0,1.0,False,,,0.95,1.0,True,True,True,True,False,False
N02_009,N02,answer,noul,noul,True,2,medium,-,short,True,0.96,0.98,0.98,True,1.0,1.0,1.0,True,,,0.98,1.0,True,True,True,True,True,True
N02_010,N02,answer,noul,noul,True,2,hard,implicit,long,True,0.08000000000000007,0.54,0.54,True,0.98,0.99,0.99,True,,,0.54,0.99,True,True,True,True,True,True
N02_011,N02,answer,noul,noul,True,2,medium,-,medium,True,0.96,0.98,0.98,True,1.0,1.0,1.0,True,,,0.98,1.0,True,True,True,True,True,True
N02_012,N02,answer,noul,noul,False,2,medium,-,long,False,0.8200000000000001,0.91,0.91,False,1.0,1.0,1.0,False,,,0.09,0.0,True,True,True,True,True,True
N02_013,N02,answer,noul,noul,True,2,medium,-,short,True,0.98,0.99,0.99,True,1.0,1.0,1.0,True,,,0.99,1.0,True,True,True,True,True,True
N02_015,N02,answer,noul,noul,False,2,easy,-,medium,False,0.92,0.96,0.96,False,1.0,1.0,1.0,False,,,0.04,0.0,True,True,True,True,True,True
N02_016,N02,answer,noul,noul,True,2,hard,long_irrelevant,long,True,0.96,0.98,0.98,True,1.0,1.0,1.0,True,,,0.98,1.0,True,True,True,True,True,True
N02_017,N02,answer,noul,noul,False,2,easy,-,short,False,0.96,0.98,0.98,False,1.0,1.0,1.0,False,,,0.02,0.0,True,True,True,True,True,True
N02_018,N02,answer,noul,noul,True,2,hard,near_miss,short,True,0.98,0.99,0.99,True,1.0,1.0,1.0,True,,,0.99,1.0,True,True,True,True,True,True
N02_019,N02,answer,noul,noul,False,2,medium,-,medium,False,0.88,0.94,0.94,False,1.0,1.0,1.0,False,,,0.06,0.0,True,True,True,True,True,True
N02_020,N02,answer,noul,noul,False,2,medium,-,medium,False,0.94,0.97,0.97,False,1.0,1.0,1.0,False,,,0.03,0.0,True,True,True,True,True,True
N02_022,N02,answer,noul,noul,True,2,easy,-,long,True,0.98,0.99,0.99,True,1.0,1.0,1.0,True,,,0.99,1.0,True,True,True,True,True,True
N02_023,N02,answer,noul,noul,False,2,medium,-,short,False,0.94,0.97,0.97,False,1.0,1.0,1.0,False,,,0.03,0.0,True,True,True,True,True,True
N02_024,N02,answer,noul,noul,False,2,medium,-,short,False,0.92,0.96,0.96,False,1.0,1.0,1.0,False,,,0.04,0.0,True,True,True,True,True,True
N02_025,N02,answer,noul,noul,True,2,easy,-,medium,True,0.96,0.98,0.98,True,1.0,1.0,1.0,True,,,0.98,1.0,True,True,True,True,True,True
N02_026,N02,answer,noul,noul,True,2,hard,near_miss,medium,True,0.96,0.98,0.98,True,1.0,1.0,1.0,True,,,0.98,1.0,True,True,True,True,True,True
N02_027,N02,answer,noul,noul,True,2,medium,-,short,True,0.98,0.99,0.99,True,1.0,1.0,1.0,True,,,0.99,1.0,True,True,True,True,True,True
N02_028,N02,answer,noul,noul,False,2,hard,long_irrelevant,long,False,0.88,0.94,0.94,False,1.0,1.0,1.0,False,,,0.06,0.0,True,True,True,True,True,True
N02_029,N02,answer,noul,noul,True,2,easy,-,short,True,0.96,0.98,0.98,True,1.0,1.0,1.0,True,,,0.98,1.0,True,True,True,True,True,True
N02_030,N02,answer,noul,noul,True,2,easy,-,medium,True,0.98,0.99,0.99,True,1.0,1.0,1.0,True,,,0.99,1.0,True,True,True,True,True,True
N02_031,N02,answer,noul,noul,True,2,hard,long_irrelevant,long,True,0.94,0.97,0.97,True,1.0,1.0,1.0,True,,,0.97,1.0,True,True,True,True,True,True
N02_032,N02,answer,noul,noul,False,2,easy,-,medium,False,0.92,0.96,0.96,False,1.0,1.0,1.0,False,,,0.04,0.0,True,True,True,True,True,True
N02_033,N02,answer,noul,noul,False,2,medium,-,short,False,0.96,0.98,0.98,False,1.0,1.0,1.0,False,,,0.02,0.0,True,True,True,True,True,True
N02_035,N02,answer,noul,noul,True,2,medium,-,long,True,0.94,0.97,0.97,True,1.0,1.0,1.0,True,,,0.97,1.0,True,True,True,True,True,True
N02_036,N02,answer,noul,noul,False,2,medium,-,medium,False,0.94,0.97,0.97,False,1.0,1.0,1.0,False,,,0.03,0.0,True,True,True,True,True,True
N02_037,N02,answer,noul,noul,True,2,medium,-,short,True,0.96,0.98,0.98,True,1.0,1.0,1.0,True,,,0.98,1.0,True,True,True,True,True,True
N02_038,N02,answer,noul,noul,True,2,hard,long_irrelevant,long,True,0.96,0.98,0.98,True,1.0,1.0,1.0,True,,,0.98,1.0,True,True,True,True,True,True
N02_039,N02,answer,noul,noul,False,2,medium,-,medium,False,0.96,0.98,0.98,False,1.0,1.0,1.0,False,,,0.02,0.0,True,True,True,True,True,True
N02_040,N02,answer,noul,noul,True,2,medium,-,medium,True,0.94,0.97,0.97,True,1.0,1.0,1.0,True,,,0.97,1.0,True,True,True,True,True,True
N02_041,N02,answer,noul,noul,False,2,medium,-,short,False,0.94,0.97,0.97,False,1.0,1.0,1.0,False,,,0.03,0.0,True,True,True,True,True,True
N02_042,N02,answer,noul,noul,False,2,hard,near_miss,medium,False,0.8,0.9,0.9,False,1.0,1.0,1.0,False,,,0.1,0.0,True,True,True,True,True,True
N02_043,N02,answer,noul,noul,True,2,easy,-,short,True,0.94,0.97,0.97,True,1.0,1.0,1.0,True,,,0.97,1.0,True,True,True,True,True,True
N02_044,N02,answer,noul,noul,False,2,hard,near_miss,medium,False,0.8,0.9,0.9,False,1.0,1.0,1.0,False,,,0.1,0.0,True,True,True,True,True,True
N02_045,N02,answer,noul,noul,False,2,hard,implicit,short,False,0.96,0.98,0.98,False,1.0,1.0,1.0,False,,,0.02,0.0,True,True,True,True,True,True
N02_047,N02,answer,noul,noul,False,2,easy,-,short,False,0.92,0.96,0.96,False,1.0,1.0,1.0,False,,,0.04,0.0,True,True,True,True,True,True
N02_048,N02,answer,noul,noul,False,2,medium,-,short,False,0.8200000000000001,0.91,0.91,False,1.0,1.0,1.0,False,,,0.09,0.0,True,True,True,True,True,True
N02_049,N02,answer,noul,noul,False,2,easy,-,short,False,0.94,0.97,0.97,False,1.0,1.0,1.0,False,,,0.03,0.0,True,True,True,True,True,True
N02_050,N02,answer,noul,noul,False,2,hard,long_irrelevant,long,False,0.9,0.95,0.95,False,1.0,1.0,1.0,False,,,0.05,0.0,True,True,True,True,True,True
N02_051,N02,answer,noul,noul,False,2,easy,-,medium,False,0.96,0.98,0.98,False,1.0,1.0,1.0,False,,,0.02,0.0,True,True,True,True,True,True
N02_052,N02,answer,noul,noul,True,2,easy,-,long,True,0.96,0.98,0.98,True,1.0,1.0,1.0,True,,,0.98,1.0,True,True,True,True,True,True
N02_053,N02,answer,noul,noul,False,2,medium,-,short,False,0.94,0.97,0.97,False,1.0,1.0,1.0,False,,,0.03,0.0,True,True,True,True,True,True
N02_054,N02,answer,noul,noul,True,2,medium,-,long,True,0.98,0.99,0.99,True,1.0,1.0,1.0,True,,,0.99,1.0,True,True,True,True,True,True
N02_055,N02,answer,noul,noul,True,2,medium,-,medium,True,0.96,0.98,0.98,True,1.0,1.0,1.0,True,,,0.98,1.0,True,True,True,True,True,True
N03_000,N03,answer,noul,noul,True,2,hard,near_miss,medium,True,0.96,0.98,0.98,True,1.0,1.0,1.0,True,,,0.98,1.0,True,True,True,True,True,True
N03_001,N03,answer,noul,noul,True,2,easy,-,short,True,0.96,0.98,0.98,True,1.0,1.0,1.0,True,,,0.98,1.0,True,True,True,True,True,True
N03_002,N03,answer,noul,noul,False,2,hard,near_miss,short,False,0.92,0.96,0.96,False,0.78,0.89,0.89,False,,,0.04,0.11,True,True,True,True,True,True
N03_003,N03,answer,noul,noul,True,2,medium,-,medium,True,0.96,0.98,0.98,True,1.0,1.0,1.0,True,,,0.98,1.0,True,True,True,True,True,True
N03_004,N03,answer,noul,noul,False,2,easy,-,medium,False,0.96,0.98,0.98,False,1.0,1.0,1.0,False,,,0.02,0.0,True,True,True,True,True,True
N03_005,N03,answer,noul,noul,True,2,medium,-,short,True,0.96,0.98,0.98,True,1.0,1.0,1.0,True,,,0.98,1.0,True,True,True,True,True,True
N03_006,N03,answer,noul,noul,False,2,medium,-,short,False,0.96,0.98,0.98,False,1.0,1.0,1.0,False,,,0.02,0.0,True,True,True,True,True,True
N03_007,N03,answer,noul,noul,True,2,easy,-,short,True,0.96,0.98,0.98,True,1.0,1.0,1.0,True,,,0.98,1.0,True,True,True,True,True,True
N03_008,N03,answer,noul,noul,True,2,easy,-,short,True,0.96,0.98,0.98,True,1.0,1.0,1.0,True,,,0.98,1.0,True,True,True,True,True,True
N03_009,N03,answer,noul,noul,True,2,easy,-,medium,True,0.96,0.98,0.98,True,1.0,1.0,1.0,True,,,0.98,1.0,True,True,True,True,True,True
N03_010,N03,answer,noul,noul,False,2,easy,-,short,False,0.96,0.98,0.98,False,0.98,0.99,0.99,False,,,0.02,0.01,True,True,True,True,True,True
N03_011,N03,answer,noul,noul,False,2,easy,-,medium,False,0.96,0.98,0.98,False,1.0,1.0,1.0,False,,,0.02,0.0,True,True,True,True,True,True
N03_012,N03,answer,noul,noul,False,2,hard,near_miss,medium,False,0.9,0.95,0.95,False,0.92,0.96,0.96,False,,,0.05,0.04,True,True,True,True,True,True
N03_013,N03,answer,noul,noul,True,2,medium,-,short,True,0.94,0.97,0.97,True,1.0,1.0,1.0,True,,,0.97,1.0,True,True,True,True,True,True
N03_014,N03,answer,noul,noul,True,2,medium,-,medium,True,0.96,0.98,0.98,True,1.0,1.0,1.0,True,,,0.98,1.0,True,True,True,True,True,True
N03_015,N03,answer,noul,noul,False,2,medium,-,short,False,0.96,0.98,0.98,False,0.98,0.99,0.99,False,,,0.02,0.01,True,True,True,True,True,True
N03_016,N03,answer,noul,noul,False,2,medium,-,short,False,0.9,0.95,0.95,False,1.0,1.0,1.0,False,,,0.05,0.0,True,True,True,True,True,True
N03_018,N03,answer,noul,noul,False,2,hard,near_miss,short,False,0.9,0.95,0.95,False,1.0,1.0,1.0,False,,,0.05,0.0,True,True,True,True,True,True
N03_019,N03,answer,noul,noul,False,2,medium,-,short,False,0.9,0.95,0.95,False,0.52,0.76,0.76,False,,,0.05,0.24,True,True,True,True,True,True
N03_021,N03,answer,noul,noul,True,2,hard,numbers,long,True,0.98,0.99,0.99,True,1.0,1.0,1.0,True,,,0.99,1.0,True,True,True,True,True,True
N03_022,N03,answer,noul,noul,False,2,easy,-,short,False,0.94,0.97,0.97,False,1.0,1.0,1.0,False,,,0.03,0.0,True,True,True,True,True,True
N03_023,N03,answer,noul,noul,False,2,medium,-,short,False,0.96,0.98,0.98,True,0.020000000000000018,0.51,0.49,False,,,0.02,0.51,True,True,False,False,True,True
N03_024,N03,answer,noul,noul,True,2,hard,numbers,short,True,0.94,0.97,0.97,True,1.0,1.0,1.0,True,,,0.97,1.0,True,True,True,True,True,True
N03_025,N03,answer,noul,noul,True,2,medium,-,medium,True,0.96,0.98,0.98,True,1.0,1.0,1.0,True,,,0.98,1.0,True,True,True,True,True,True
N03_026,N03,answer,noul,noul,False,2,hard,numbers,medium,False,0.94,0.97,0.97,False,1.0,1.0,1.0,False,,,0.03,0.0,True,True,True,True,True,True
N03_028,N03,answer,noul,noul,False,2,medium,-,short,False,0.98,0.99,0.99,False,0.98,0.99,0.99,False,,,0.01,0.01,True,True,True,True,True,True
N03_029,N03,answer,noul,noul,True,2,medium,-,long,True,0.94,0.97,0.97,True,1.0,1.0,1.0,True,,,0.97,1.0,True,True,True,True,True,True
N03_030,N03,answer,noul,noul,True,2,hard,near_miss,long,True,0.98,0.99,0.99,True,1.0,1.0,1.0,True,,,0.99,1.0,True,True,True,True,True,True
N03_031,N03,answer,noul,noul,True,2,medium,-,short,True,0.98,0.99,0.99,True,1.0,1.0,1.0,True,,,0.99,1.0,True,True,True,True,True,True
N03_032,N03,answer,noul,noul,False,2,easy,-,long,False,0.78,0.89,0.89,False,0.28,0.64,0.64,False,,,0.11,0.36,True,True,True,True,True,True
N03_033,N03,answer,noul,noul,True,2,medium,-,medium,True,0.96,0.98,0.98,True,1.0,1.0,1.0,True,,,0.98,1.0,True,True,True,True,True,True
N03_035,N03,answer,noul,noul,True,2,medium,-,medium,True,0.96,0.98,0.98,True,1.0,1.0,1.0,True,,,0.98,1.0,True,True,True,True,True,True
N03_036,N03,answer,noul,noul,False,2,easy,-,medium,False,0.96,0.98,0.98,False,1.0,1.0,1.0,False,,,0.02,0.0,True,True,True,True,True,True
N03_038,N03,answer,noul,noul,True,2,easy,-,medium,True,0.96,0.98,0.98,True,1.0,1.0,1.0,True,,,0.98,1.0,True,True,True,True,True,True
N03_039,N03,answer,noul,noul,True,2,medium,-,medium,True,0.6399999999999999,0.82,0.82,True,1.0,1.0,1.0,True,,,0.82,1.0,True,True,True,True,True,True
N03_040,N03,answer,noul,noul,False,2,hard,implicit,short,False,0.94,0.97,0.97,False,0.9,0.95,0.95,False,,,0.03,0.05,True,True,True,True,True,True
N03_041,N03,answer,noul,noul,True,2,hard,numbers,short,True,0.96,0.98,0.98,True,1.0,1.0,1.0,True,,,0.98,1.0,True,True,True,True,True,True
N03_042,N03,answer,noul,noul,False,2,medium,-,medium,False,0.94,0.97,0.97,False,0.48,0.74,0.74,False,,,0.03,0.26,True,True,True,True,True,True
N03_043,N03,answer,noul,noul,False,2,medium,-,medium,False,0.96,0.98,0.98,False,0.94,0.97,0.97,False,,,0.02,0.03,True,True,True,True,True,True
N03_044,N03,answer,noul,noul,False,2,medium,-,short,False,0.98,0.99,0.99,False,0.8200000000000001,0.91,0.91,False,,,0.01,0.09,True,True,True,True,True,True
N03_046,N03,answer,noul,noul,True,2,easy,-,short,True,0.96,0.98,0.98,True,1.0,1.0,1.0,True,,,0.98,1.0,True,True,True,True,True,True
N03_047,N03,answer,noul,noul,False,2,hard,implicit,short,False,0.88,0.94,0.94,False,0.18000000000000005,0.5900000000000001,0.5900000000000001,False,,,0.06,0.41,True,True,True,True,True,True
N03_048,N03,answer,noul,noul,False,2,hard,numbers,medium,False,0.92,0.96,0.96,False,1.0,1.0,1.0,False,,,0.04,0.0,True,True,True,True,True,True
N03_049,N03,answer,noul,noul,True,2,easy,-,short,True,0.96,0.98,0.98,True,1.0,1.0,1.0,True,,,0.98,1.0,True,True,True,True,True,True
N03_050,N03,answer,noul,noul,True,2,medium,-,long,True,0.94,0.97,0.97,True,1.0,1.0,1.0,True,,,0.97,1.0,True,True,True,True,True,True
N03_051,N03,answer,noul,noul,True,2,hard,implicit,medium,True,0.8999999999999999,0.95,0.95,True,1.0,1.0,1.0,True,,,0.95,1.0,True,True,True,True,True,True
N03_052,N03,answer,noul,noul,True,2,hard,implicit,short,True,0.8799999999999999,0.94,0.94,True,1.0,1.0,1.0,True,,,0.94,1.0,True,True,True,True,True,True
N03_053,N03,answer,noul,noul,False,2,easy,-,medium,False,0.96,0.98,0.98,False,1.0,1.0,1.0,False,,,0.02,0.0,True,True,True,True,True,True
N03_054,N03,answer,noul,noul,False,2,hard,numbers,short,False,0.88,0.94,0.94,False,0.76,0.88,0.88,False,,,0.06,0.12,True,True,True,True,True,True
N03_055,N03,answer,noul,noul,False,2,medium,-,medium,False,0.96,0.98,0.98,False,1.0,1.0,1.0,False,,,0.02,0.0,True,True,True,True,True,True
N04_000,N04,answer,noul,noul,True,2,hard,numbers,medium,True,0.8400000000000001,0.92,0.92,True,1.0,1.0,1.0,True,,,0.92,1.0,True,True,True,True,True,True
N04_001,N04,answer,noul,noul,True,2,easy,-,medium,True,0.96,0.98,0.98,True,1.0,1.0,1.0,True,,,0.98,1.0,True,True,True,True,True,True
N04_002,N04,answer,noul,noul,True,2,hard,near_miss,medium,True,0.8600000000000001,0.93,0.93,True,1.0,1.0,1.0,True,,,0.93,1.0,True,True,True,True,True,True
N04_004,N04,answer,noul,noul,False,2,easy,-,medium,False,0.98,0.99,0.99,False,1.0,1.0,1.0,False,,,0.01,0.0,True,True,True,True,True,True
N04_005,N04,answer,noul,noul,False,2,hard,negation,medium,False,0.98,0.99,0.99,False,1.0,1.0,1.0,False,,,0.01,0.0,True,True,True,True,True,True
N04_006,N04,answer,noul,noul,False,2,hard,near_miss,long,False,0.98,0.99,0.99,False,1.0,1.0,1.0,False,,,0.01,0.0,True,True,True,True,True,True
N04_007,N04,answer,noul,noul,True,2,medium,-,medium,True,0.94,0.97,0.97,True,1.0,1.0,1.0,True,,,0.97,1.0,True,True,True,True,True,True
N04_008,N04,answer,noul,noul,True,2,medium,-,short,True,0.9199999999999999,0.96,0.96,True,0.72,0.86,0.86,True,,,0.96,0.86,True,True,True,True,True,True
N04_009,N04,answer,noul,noul,False,2,medium,-,medium,False,0.98,0.99,0.99,False,1.0,1.0,1.0,False,,,0.01,0.0,True,True,True,True,True,True
N04_010,N04,answer,noul,noul,True,2,medium,-,medium,True,0.94,0.97,0.97,True,1.0,1.0,1.0,True,,,0.97,1.0,True,True,True,True,True,True
N04_011,N04,answer,noul,noul,False,2,medium,-,long,False,0.98,0.99,0.99,False,1.0,1.0,1.0,False,,,0.01,0.0,True,True,True,True,True,True
N04_012,N04,answer,noul,noul,True,2,medium,-,long,True,0.94,0.97,0.97,True,0.96,0.98,0.98,True,,,0.97,0.98,True,True,True,True,True,True
N04_013,N04,answer,noul,noul,True,2,easy,-,long,True,0.8999999999999999,0.95,0.95,True,1.0,1.0,1.0,True,,,0.95,1.0,True,True,True,True,True,True
N04_014,N04,answer,noul,noul,True,2,easy,-,short,True,0.96,0.98,0.98,True,1.0,1.0,1.0,True,,,0.98,1.0,True,True,True,True,True,True
N04_015,N04,answer,noul,noul,False,2,easy,-,medium,False,0.98,0.99,0.99,False,1.0,1.0,1.0,False,,,0.01,0.0,True,True,True,True,True,True
N04_016,N04,answer,noul,noul,False,2,medium,-,short,False,0.98,0.99,0.99,False,1.0,1.0,1.0,False,,,0.01,0.0,True,True,True,True,True,True
N04_018,N04,answer,noul,noul,False,2,hard,numbers,long,False,0.98,0.99,0.99,False,1.0,1.0,1.0,False,,,0.01,0.0,True,True,True,True,True,True
N04_019,N04,answer,noul,noul,False,2,medium,-,medium,False,0.98,0.99,0.99,False,1.0,1.0,1.0,False,,,0.01,0.0,True,True,True,True,True,True
N04_020,N04,answer,noul,noul,True,2,hard,numbers,medium,True,0.8400000000000001,0.92,0.92,True,1.0,1.0,1.0,True,,,0.92,1.0,True,True,True,True,True,True
N04_021,N04,answer,noul,noul,False,2,hard,near_miss,long,False,0.94,0.97,0.97,False,1.0,1.0,1.0,False,,,0.03,0.0,True,True,True,True,True,True
N04_022,N04,answer,noul,noul,False,2,easy,-,short,False,0.98,0.99,0.99,False,1.0,1.0,1.0,False,,,0.01,0.0,True,True,True,True,True,True
N04_023,N04,answer,noul,noul,True,2,easy,-,short,True,0.8600000000000001,0.93,0.93,True,0.96,0.98,0.98,True,,,0.93,0.98,True,True,True,True,True,True
N04_024,N04,answer,noul,noul,True,2,medium,-,long,True,0.8200000000000001,0.91,0.91,True,1.0,1.0,1.0,True,,,0.91,1.0,True,True,True,True,True,True
N04_025,N04,answer,noul,noul,True,2,hard,negation,short,True,0.96,0.98,0.98,True,1.0,1.0,1.0,True,,,0.98,1.0,True,True,True,True,True,True
N04_027,N04,answer,noul,noul,True,2,medium,-,long,True,0.96,0.98,0.98,True,1.0,1.0,1.0,True,,,0.98,1.0,True,True,True,True,True,True
N04_028,N04,answer,noul,noul,False,2,medium,-,medium,False,0.98,0.99,0.99,False,1.0,1.0,1.0,False,,,0.01,0.0,True,True,True,True,True,True
N04_029,N04,answer,noul,noul,False,2,hard,numbers,medium,False,0.96,0.98,0.98,False,1.0,1.0,1.0,False,,,0.02,0.0,True,True,True,True,True,True
N04_030,N04,answer,noul,noul,False,2,hard,negation,long,False,0.98,0.99,0.99,False,1.0,1.0,1.0,False,,,0.01,0.0,True,True,True,True,True,True
N04_031,N04,answer,noul,noul,False,2,hard,negation,short,False,0.98,0.99,0.99,False,1.0,1.0,1.0,False,,,0.01,0.0,True,True,True,True,True,True
N04_032,N04,answer,noul,noul,False,2,easy,-,medium,False,0.98,0.99,0.99,False,1.0,1.0,1.0,False,,,0.01,0.0,True,True,True,True,True,True
N04_033,N04,answer,noul,noul,False,2,easy,-,medium,False,0.98,0.99,0.99,False,1.0,1.0,1.0,False,,,0.01,0.0,True,True,True,True,True,True
N04_034,N04,answer,noul,noul,True,2,easy,-,medium,True,0.9199999999999999,0.96,0.96,True,1.0,1.0,1.0,True,,,0.96,1.0,True,True,True,True,True,True
N04_035,N04,answer,noul,noul,False,2,medium,-,medium,False,0.98,0.99,0.99,False,1.0,1.0,1.0,False,,,0.01,0.0,True,True,True,True,True,True
N04_036,N04,answer,noul,noul,True,2,hard,near_miss,long,True,0.8400000000000001,0.92,0.92,True,1.0,1.0,1.0,True,,,0.92,1.0,True,True,True,True,True,True
N04_038,N04,answer,noul,noul,True,2,easy,-,short,True,0.8799999999999999,0.94,0.94,True,1.0,1.0,1.0,True,,,0.94,1.0,True,True,True,True,True,True
N04_039,N04,answer,noul,noul,True,2,hard,numbers,short,True,0.96,0.98,0.98,True,1.0,1.0,1.0,True,,,0.98,1.0,True,True,True,True,True,True
N04_040,N04,answer,noul,noul,True,2,medium,-,medium,True,0.9199999999999999,0.96,0.96,True,1.0,1.0,1.0,True,,,0.96,1.0,True,True,True,True,True,True
N04_042,N04,answer,noul,noul,True,2,hard,negation,medium,True,0.9199999999999999,0.96,0.96,True,1.0,1.0,1.0,True,,,0.96,1.0,True,True,True,True,True,True
N04_043,N04,answer,noul,noul,False,2,hard,near_miss,medium,False,0.96,0.98,0.98,False,1.0,1.0,1.0,False,,,0.02,0.0,True,True,True,True,True,True
N04_044,N04,answer,noul,noul,False,2,easy,-,medium,False,0.98,0.99,0.99,False,1.0,1.0,1.0,False,,,0.01,0.0,True,True,True,True,True,True
N04_045,N04,answer,noul,noul,True,2,medium,-,long,True,0.94,0.97,0.97,True,1.0,1.0,1.0,True,,,0.97,1.0,True,True,True,True,True,True
N04_046,N04,answer,noul,noul,True,2,easy,-,medium,True,0.96,0.98,0.98,True,1.0,1.0,1.0,True,,,0.98,1.0,True,True,True,True,True,True
N04_047,N04,answer,noul,noul,True,2,medium,-,long,True,0.94,0.97,0.97,True,1.0,1.0,1.0,True,,,0.97,1.0,True,True,True,True,True,True
N04_049,N04,answer,noul,noul,False,2,medium,-,short,False,0.98,0.99,0.99,False,1.0,1.0,1.0,False,,,0.01,0.0,True,True,True,True,True,True
N04_050,N04,answer,noul,noul,False,2,easy,-,medium,False,0.98,0.99,0.99,False,1.0,1.0,1.0,False,,,0.01,0.0,True,True,True,True,True,True
N04_051,N04,answer,noul,noul,False,2,easy,-,long,False,0.98,0.99,0.99,False,1.0,1.0,1.0,False,,,0.01,0.0,True,True,True,True,True,True
N04_052,N04,answer,noul,noul,False,2,medium,-,long,False,0.98,0.99,0.99,False,1.0,1.0,1.0,False,,,0.01,0.0,True,True,True,True,True,True
N04_053,N04,answer,noul,noul,False,2,easy,-,short,False,0.98,0.99,0.99,False,1.0,1.0,1.0,False,,,0.01,0.0,True,True,True,True,True,True
N04_054,N04,answer,noul,noul,True,2,hard,negation,medium,True,0.9199999999999999,0.96,0.96,True,1.0,1.0,1.0,True,,,0.96,1.0,True,True,True,True,True,True
N04_055,N04,answer,noul,noul,True,2,medium,-,medium,True,0.96,0.98,0.98,True,1.0,1.0,1.0,True,,,0.98,1.0,True,True,True,True,True,True
N05_000,N05,answer,noul,noul,False,2,hard,implicit,short,False,0.86,0.9299999999999999,0.9299999999999999,False,0.88,0.94,0.94,False,,,0.07,0.06,True,True,True,True,True,True
N05_001,N05,answer,noul,noul,False,2,medium,-,short,False,0.94,0.97,0.97,False,1.0,1.0,1.0,False,,,0.03,0.0,True,True,True,True,True,True
N05_002,N05,answer,noul,noul,True,2,medium,-,short,True,0.96,0.98,0.98,True,1.0,1.0,1.0,True,,,0.98,1.0,True,True,True,True,True,True
N05_004,N05,answer,noul,noul,True,2,medium,-,short,True,0.94,0.97,0.97,True,0.96,0.98,0.98,True,,,0.97,0.98,True,True,True,True,True,True
N05_005,N05,answer,noul,noul,False,2,easy,-,short,False,0.94,0.97,0.97,False,1.0,1.0,1.0,False,,,0.03,0.0,True,True,True,True,True,True
N05_006,N05,answer,noul,noul,False,2,medium,-,medium,False,0.94,0.97,0.97,False,1.0,1.0,1.0,False,,,0.03,0.0,True,True,True,True,True,True
N05_007,N05,answer,noul,noul,True,2,medium,-,short,True,0.96,0.98,0.98,True,0.96,0.98,0.98,True,,,0.98,0.98,True,True,True,True,True,True
N05_008,N05,answer,noul,noul,True,2,medium,-,medium,True,0.98,0.99,0.99,True,1.0,1.0,1.0,True,,,0.99,1.0,True,True,True,True,True,True
N05_009,N05,answer,noul,noul,False,2,hard,numbers,medium,False,0.84,0.92,0.92,False,0.96,0.98,0.98,False,,,0.08,0.02,True,True,True,True,True,True
N05_010,N05,answer,noul,noul,True,2,hard,numbers,short,True,0.94,0.97,0.97,True,0.96,0.98,0.98,True,,,0.97,0.98,True,True,True,True,True,True
N05_011,N05,answer,noul,noul,True,2,easy,-,medium,True,0.94,0.97,0.97,True,1.0,1.0,1.0,True,,,0.97,1.0,True,True,True,True,True,True
N05_013,N05,answer,noul,noul,False,2,easy,-,medium,False,0.96,0.98,0.98,False,1.0,1.0,1.0,False,,,0.02,0.0,True,True,True,True,True,True
N05_014,N05,answer,noul,noul,True,2,hard,implicit,short,True,0.8999999999999999,0.95,0.95,True,0.9199999999999999,0.96,0.96,True,,,0.95,0.96,True,True,True,True,True,True
N05_015,N05,answer,noul,noul,False,2,hard,implicit,medium,True,0.94,0.97,0.030000000000000027,True,0.96,0.98,0.020000000000000018,True,,,0.97,0.98,False,False,False,False,False,False
N05_016,N05,answer,noul,noul,True,2,medium,-,medium,True,0.96,0.98,0.98,True,0.96,0.98,0.98,True,,,0.98,0.98,True,True,True,True,True,True
N05_018,N05,answer,noul,noul,False,2,medium,-,medium,False,0.92,0.96,0.96,False,1.0,1.0,1.0,False,,,0.04,0.0,True,True,True,True,True,True
N05_020,N05,answer,noul,noul,False,2,easy,-,medium,False,0.98,0.99,0.99,False,1.0,1.0,1.0,False,,,0.01,0.0,True,True,True,True,True,True
N05_021,N05,answer,noul,noul,True,2,medium,-,short,True,0.8600000000000001,0.93,0.93,True,0.9199999999999999,0.96,0.96,True,,,0.93,0.96,True,True,True,True,True,True
N05_022,N05,answer,noul,noul,True,2,easy,-,short,True,0.94,0.97,0.97,True,1.0,1.0,1.0,True,,,0.97,1.0,True,True,True,True,True,True
N05_023,N05,answer,noul,noul,True,2,hard,numbers,short,True,0.8999999999999999,0.95,0.95,True,0.94,0.97,0.97,True,,,0.95,0.97,True,True,True,True,True,True
N05_024,N05,answer,noul,noul,True,2,hard,numbers,short,True,0.9199999999999999,0.96,0.96,True,0.96,0.98,0.98,True,,,0.96,0.98,True,True,True,True,True,True
N05_025,N05,answer,noul,noul,False,2,hard,near_miss,medium,False,0.88,0.94,0.94,False,1.0,1.0,1.0,False,,,0.06,0.0,True,True,True,True,True,True
N05_026,N05,answer,noul,noul,True,2,medium,-,medium,True,0.96,0.98,0.98,True,0.96,0.98,0.98,True,,,0.98,0.98,True,True,True,True,True,True
N05_028,N05,answer,noul,noul,True,2,easy,-,short,True,0.9199999999999999,0.96,0.96,True,0.94,0.97,0.97,True,,,0.96,0.97,True,True,True,True,True,True
N05_029,N05,answer,noul,noul,True,2,hard,implicit,short,True,0.8999999999999999,0.95,0.95,True,0.8999999999999999,0.95,0.95,True,,,0.95,0.95,True,True,True,True,True,True
N05_030,N05,answer,noul,noul,False,2,medium,-,medium,False,0.78,0.89,0.89,False,1.0,1.0,1.0,False,,,0.11,0.0,True,True,True,True,True,True
N05_031,N05,answer,noul,noul,False,2,easy,-,medium,False,0.98,0.99,0.99,False,1.0,1.0,1.0,False,,,0.01,0.0,True,True,True,True,True,True
N05_032,N05,answer,noul,noul,False,2,medium,-,short,False,0.9,0.95,0.95,False,1.0,1.0,1.0,False,,,0.05,0.0,True,True,True,True,True,True
N05_033,N05,answer,noul,noul,True,2,easy,-,short,True,0.94,0.97,0.97,True,1.0,1.0,1.0,True,,,0.97,1.0,True,True,True,True,True,True
N05_034,N05,answer,noul,noul,False,2,medium,-,short,False,0.45999999999999996,0.73,0.73,False,0.36,0.6799999999999999,0.6799999999999999,False,,,0.27,0.32,True,True,True,True,True,True
N05_035,N05,answer,noul,noul,False,2,medium,-,short,False,0.88,0.94,0.94,False,1.0,1.0,1.0,False,,,0.06,0.0,True,True,True,True,True,True
N05_036,N05,answer,noul,noul,False,2,hard,numbers,medium,True,0.020000000000000018,0.51,0.49,False,0.96,0.98,0.98,False,,,0.51,0.02,False,False,True,True,True,True
N05_037,N05,answer,noul,noul,True,2,easy,-,medium,True,0.9199999999999999,0.96,0.96,True,0.96,0.98,0.98,True,,,0.96,0.98,True,True,True,True,True,True
N05_038,N05,answer,noul,noul,False,2,medium,-,short,False,0.92,0.96,0.96,False,1.0,1.0,1.0,False,,,0.04,0.0,True,True,True,True,True,True
N05_039,N05,answer,noul,noul,True,2,easy,-,medium,True,0.96,0.98,0.98,True,1.0,1.0,1.0,True,,,0.98,1.0,True,True,True,True,True,True
N05_040,N05,answer,noul,noul,True,2,easy,-,medium,True,0.96,0.98,0.98,True,0.94,0.97,0.97,True,,,0.98,0.97,True,True,True,True,True,True
N05_041,N05,answer,noul,noul,False,2,hard,numbers,medium,False,0.74,0.87,0.87,False,1.0,1.0,1.0,False,,,0.13,0.0,True,True,True,True,True,True
N05_042,N05,answer,noul,noul,False,2,easy,-,medium,False,0.92,0.96,0.96,False,1.0,1.0,1.0,False,,,0.04,0.0,True,True,True,True,True,True
N05_044,N05,answer,noul,noul,True,2,medium,-,short,True,0.9199999999999999,0.96,0.96,True,0.96,0.98,0.98,True,,,0.96,0.98,True,True,True,True,True,True
N05_045,N05,answer,noul,noul,True,2,easy,-,medium,True,0.94,0.97,0.97,True,0.96,0.98,0.98,True,,,0.97,0.98,True,True,True,True,True,True
N05_046,N05,answer,noul,noul,False,2,medium,-,short,False,0.94,0.97,0.97,False,1.0,1.0,1.0,False,,,0.03,0.0,True,True,True,True,True,True
N05_047,N05,answer,noul,noul,False,2,hard,implicit,medium,True,0.8400000000000001,0.92,0.07999999999999996,True,0.8999999999999999,0.95,0.050000000000000044,True,,,0.92,0.95,False,False,False,False,False,False
N05_048,N05,answer,noul,noul,False,2,medium,-,medium,False,0.94,0.97,0.97,False,1.0,1.0,1.0,False,,,0.03,0.0,True,True,True,True,True,True
N05_049,N05,answer,noul,noul,False,2,easy,-,short,False,0.92,0.96,0.96,False,1.0,1.0,1.0,False,,,0.04,0.0,True,True,True,True,True,True
N05_050,N05,answer,noul,noul,True,2,medium,-,medium,True,0.96,0.98,0.98,True,1.0,1.0,1.0,True,,,0.98,1.0,True,True,True,True,True,True
N05_051,N05,answer,noul,noul,False,2,medium,-,short,False,0.88,0.94,0.94,False,1.0,1.0,1.0,False,,,0.06,0.0,True,True,True,True,True,True
N05_052,N05,answer,noul,noul,True,2,hard,implicit,short,True,0.8400000000000001,0.92,0.92,True,0.9199999999999999,0.96,0.96,False,,,0.92,0.96,True,True,True,True,False,False
N05_053,N05,answer,noul,noul,True,2,medium,-,short,True,0.96,0.98,0.98,True,1.0,1.0,1.0,True,,,0.98,1.0,True,True,True,True,True,True
N05_054,N05,answer,noul,noul,True,2,medium,-,medium,True,0.96,0.98,0.98,True,0.98,0.99,0.99,True,,,0.98,0.99,True,True,True,True,True,True
N05_055,N05,answer,noul,noul,False,2,hard,near_miss,medium,False,0.84,0.92,0.92,False,1.0,1.0,1.0,False,,,0.08,0.0,True,True,True,True,True,True
N06_001,N06,answer,noul,noul,False,2,medium,-,long,False,0.78,0.89,0.89,False,0.76,0.88,0.88,False,,,0.11,0.12,True,True,True,True,True,True
N06_002,N06,answer,noul,noul,False,2,medium,-,medium,False,0.94,0.97,0.97,False,0.9,0.95,0.95,False,,,0.03,0.05,True,True,True,True,True,True
N06_003,N06,answer,noul,noul,True,2,medium,-,medium,True,0.54,0.77,0.77,True,0.94,0.97,0.97,True,,,0.77,0.97,True,True,True,True,True,True
N06_004,N06,answer,noul,noul,False,2,hard,near_miss,short,False,0.9,0.95,0.95,False,0.7,0.85,0.85,False,,,0.05,0.15,True,True,True,True,True,True
N06_005,N06,answer,noul,noul,False,2,medium,-,long,False,0.86,0.9299999999999999,0.9299999999999999,False,0.8200000000000001,0.91,0.91,False,,,0.07,0.09,True,True,True,True,True,True
N06_006,N06,answer,noul,noul,False,2,easy,-,short,False,0.94,0.97,0.97,False,0.86,0.9299999999999999,0.9299999999999999,False,,,0.03,0.07,True,True,True,True,True,True
N06_007,N06,answer,noul,noul,True,2,easy,-,short,True,0.96,0.98,0.98,True,0.98,0.99,0.99,True,,,0.98,0.99,True,True,True,True,True,True
N06_008,N06,answer,noul,noul,False,2,medium,-,medium,False,0.5,0.75,0.75,False,0.020000000000000018,0.51,0.51,False,,,0.25,0.49,True,True,True,True,True,True
N06_009,N06,answer,noul,noul,True,2,easy,-,short,True,0.74,0.87,0.87,True,0.96,0.98,0.98,True,,,0.87,0.98,True,True,True,True,True,True
N06_010,N06,answer,noul,noul,True,2,easy,-,medium,True,0.76,0.88,0.88,True,0.98,0.99,0.99,True,,,0.88,0.99,True,True,True,True,True,True
N06_011,N06,answer,noul,noul,False,2,hard,near_miss,long,False,0.88,0.94,0.94,False,0.9,0.95,0.95,False,,,0.06,0.05,True,True,True,True,True,True
N06_013,N06,answer,noul,noul,True,2,easy,-,long,True,0.96,0.98,0.98,True,1.0,1.0,1.0,True,,,0.98,1.0,True,True,True,True,True,True
N06_015,N06,answer,noul,noul,False,2,easy,-,medium,False,0.8,0.9,0.9,False,0.7,0.85,0.85,False,,,0.1,0.15,True,True,True,True,True,True
N06_016,N06,answer,noul,noul,False,2,easy,-,medium,False,0.94,0.97,0.97,False,0.9,0.95,0.95,False,,,0.03,0.05,True,True,True,True,True,True
N06_017,N06,answer,noul,noul,False,2,medium,-,medium,False,0.76,0.88,0.88,False,0.6599999999999999,0.83,0.83,False,,,0.12,0.17,True,True,True,True,True,True
N06_018,N06,answer,noul,noul,False,2,medium,-,medium,False,0.92,0.96,0.96,False,0.9,0.95,0.95,False,,,0.04,0.05,True,True,True,True,True,True
N06_019,N06,answer,noul,noul,True,2,hard,implicit,medium,True,0.8600000000000001,0.93,0.93,True,0.98,0.99,0.99,True,,,0.93,0.99,True,True,True,True,True,True
N06_020,N06,answer,noul,noul,True,2,hard,distractor,long,True,0.8999999999999999,0.95,0.95,True,0.98,0.99,0.99,True,,,0.95,0.99,True,True,True,True,True,True
N06_021,N06,answer,noul,noul,False,2,easy,-,short,False,0.96,0.98,0.98,False,0.88,0.94,0.94,False,,,0.02,0.06,True,True,True,True,True,True
N06_022,N06,answer,noul,noul,True,2,hard,near_miss,medium,True,0.5,0.75,0.75,True,0.9199999999999999,0.96,0.96,True,,,0.75,0.96,True,True,True,True,True,True
N06_023,N06,answer,noul,noul,True,2,easy,-,medium,True,0.9199999999999999,0.96,0.96,True,0.98,0.99,0.99,True,,,0.96,0.99,True,True,True,True,True,True
N06_024,N06,answer,noul,noul,False,2,easy,-,short,False,0.94,0.97,0.97,False,0.9,0.95,0.95,False,,,0.03,0.05,True,True,True,True,True,True
N06_025,N06,answer,noul,noul,True,2,hard,distractor,short,True,0.7,0.85,0.85,True,0.98,0.99,0.99,True,,,0.85,0.99,True,True,True,True,True,True
N06_026,N06,answer,noul,noul,True,2,medium,-,medium,True,0.8999999999999999,0.95,0.95,True,0.98,0.99,0.99,True,,,0.95,0.99,True,True,True,True,True,True
N06_028,N06,answer,noul,noul,True,2,medium,-,short,True,0.96,0.98,0.98,True,0.98,0.99,0.99,True,,,0.98,0.99,True,True,True,True,True,True
N06_029,N06,answer,noul,noul,False,2,medium,-,medium,False,0.84,0.92,0.92,False,0.56,0.78,0.78,False,,,0.08,0.22,True,True,True,True,True,True
N06_031,N06,answer,noul,noul,False,2,hard,near_miss,long,False,0.8,0.9,0.9,False,0.72,0.86,0.86,False,,,0.1,0.14,True,True,True,True,True,True
N06_032,N06,answer,noul,noul,True,2,easy,-,medium,True,0.78,0.89,0.89,True,0.96,0.98,0.98,True,,,0.89,0.98,True,True,True,True,True,True
N06_033,N06,answer,noul,noul,False,2,hard,implicit,medium,False,0.72,0.86,0.86,False,0.4,0.7,0.7,False,,,0.14,0.3,True,True,True,True,True,True
N06_034,N06,answer,noul,noul,True,2,medium,-,short,True,0.56,0.78,0.78,True,0.94,0.97,0.97,True,,,0.78,0.97,True,True,True,True,True,True
N06_035,N06,answer,noul,noul,False,2,medium,-,short,False,0.94,0.97,0.97,False,0.88,0.94,0.94,False,,,0.03,0.06,True,True,True,True,True,True
N06_036,N06,answer,noul,noul,False,2,hard,implicit,medium,False,0.7,0.85,0.85,False,0.54,0.77,0.77,False,,,0.15,0.23,True,True,True,True,True,True
N06_037,N06,answer,noul,noul,True,2,hard,implicit,long,True,0.8,0.9,0.9,True,0.98,0.99,0.99,True,,,0.9,0.99,True,True,True,True,True,True
N06_038,N06,answer,noul,noul,False,2,medium,-,short,False,0.4,0.7,0.7,True,0.26,0.63,0.37,False,,,0.3,0.63,True,True,False,False,True,True
N06_039,N06,answer,noul,noul,False,2,easy,-,long,False,0.96,0.98,0.98,False,0.88,0.94,0.94,False,,,0.02,0.06,True,True,True,True,True,True
N06_040,N06,answer,noul,noul,True,2,medium,-,medium,True,0.8400000000000001,0.92,0.92,True,0.96,0.98,0.98,True,,,0.92,0.98,True,True,True,True,True,True
N06_041,N06,answer,noul,noul,True,2,medium,-,long,True,0.94,0.97,0.97,True,1.0,1.0,1.0,True,,,0.97,1.0,True,True,True,True,True,True
N06_042,N06,answer,noul,noul,False,2,easy,-,short,False,0.84,0.92,0.92,False,0.6599999999999999,0.83,0.83,False,,,0.08,0.17,True,True,True,True,True,True
N06_043,N06,answer,noul,noul,False,2,easy,-,medium,False,0.54,0.77,0.77,True,0.040000000000000036,0.52,0.48,False,,,0.23,0.52,True,True,False,False,True,True
N06_044,N06,answer,noul,noul,True,2,medium,-,medium,True,0.94,0.97,0.97,True,0.98,0.99,0.99,True,,,0.97,0.99,True,True,True,True,True,True
N06_045,N06,answer,noul,noul,True,2,medium,-,medium,True,0.6599999999999999,0.83,0.83,True,0.96,0.98,0.98,True,,,0.83,0.98,True,True,True,True,True,True
N06_046,N06,answer,noul,noul,True,2,medium,-,short,True,0.6399999999999999,0.82,0.82,True,0.96,0.98,0.98,True,,,0.82,0.98,True,True,True,True,True,True
N06_047,N06,answer,noul,noul,True,2,hard,distractor,short,True,0.8999999999999999,0.95,0.95,True,0.98,0.99,0.99,True,,,0.95,0.99,True,True,True,True,True,True
N06_048,N06,answer,noul,noul,True,2,medium,-,long,True,0.98,0.99,0.99,True,1.0,1.0,1.0,True,,,0.99,1.0,True,True,True,True,True,True
N06_049,N06,answer,noul,noul,False,2,medium,-,long,False,0.64,0.8200000000000001,0.8200000000000001,False,0.8200000000000001,0.91,0.91,False,,,0.18,0.09,True,True,True,True,True,True
N06_050,N06,answer,noul,noul,False,2,hard,distractor,medium,False,0.7,0.85,0.85,False,0.26,0.63,0.63,False,,,0.15,0.37,True,True,True,True,True,True
N06_051,N06,answer,noul,noul,False,2,hard,implicit,short,False,0.9,0.95,0.95,False,0.86,0.9299999999999999,0.9299999999999999,False,,,0.05,0.07,True,True,True,True,True,True
N06_052,N06,answer,noul,noul,True,2,easy,-,short,True,0.96,0.98,0.98,True,1.0,1.0,1.0,True,,,0.98,1.0,True,True,True,True,True,True
N06_053,N06,answer,noul,noul,True,2,medium,-,long,True,0.8400000000000001,0.92,0.92,True,0.96,0.98,0.98,True,,,0.92,0.98,True,True,True,True,True,True
N06_054,N06,answer,noul,noul,True,2,easy,-,short,True,0.96,0.98,0.98,True,0.98,0.99,0.99,True,,,0.98,0.99,True,True,True,True,True,True
N07_000,N07,answer,noul,noul,True,2,medium,-,short,True,0.98,0.99,0.99,True,1.0,1.0,1.0,True,,,0.99,1.0,True,True,True,True,True,True
N07_001,N07,answer,noul,noul,True,2,hard,negation,medium,True,0.96,0.98,0.98,True,1.0,1.0,1.0,True,,,0.98,1.0,True,True,True,True,True,True
N07_002,N07,answer,noul,noul,True,2,medium,-,short,True,0.98,0.99,0.99,True,1.0,1.0,1.0,True,,,0.99,1.0,True,True,True,True,True,True
N07_003,N07,answer,noul,noul,True,2,hard,hypothetical,short,True,0.96,0.98,0.98,True,1.0,1.0,1.0,True,,,0.98,1.0,True,True,True,True,True,True
N07_004,N07,answer,noul,noul,False,2,hard,distractor,short,False,0.9,0.95,0.95,False,1.0,1.0,1.0,False,,,0.05,0.0,True,True,True,True,True,True
N07_005,N07,answer,noul,noul,True,2,medium,-,short,True,0.96,0.98,0.98,True,1.0,1.0,1.0,True,,,0.98,1.0,True,True,True,True,True,True
N07_006,N07,answer,noul,noul,True,2,medium,-,medium,True,0.98,0.99,0.99,True,1.0,1.0,1.0,True,,,0.99,1.0,True,True,True,True,True,True
N07_007,N07,answer,noul,noul,False,2,easy,-,medium,False,0.96,0.98,0.98,False,1.0,1.0,1.0,False,,,0.02,0.0,True,True,True,True,True,True
N07_008,N07,answer,noul,noul,False,2,easy,-,long,False,0.94,0.97,0.97,False,1.0,1.0,1.0,False,,,0.03,0.0,True,True,True,True,True,True
N07_009,N07,answer,noul,noul,True,2,hard,hypothetical,long,True,0.98,0.99,0.99,True,1.0,1.0,1.0,True,,,0.99,1.0,True,True,True,True,True,True
N07_010,N07,answer,noul,noul,True,2,easy,-,long,True,0.98,0.99,0.99,True,1.0,1.0,1.0,True,,,0.99,1.0,True,True,True,True,True,True
N07_011,N07,answer,noul,noul,False,2,hard,hypothetical,medium,False,0.88,0.94,0.94,False,1.0,1.0,1.0,False,,,0.06,0.0,True,True,True,True,True,True
N07_012,N07,answer,noul,noul,False,2,easy,-,medium,False,0.9,0.95,0.95,False,1.0,1.0,1.0,False,,,0.05,0.0,True,True,True,True,True,True
N07_013,N07,answer,noul,noul,False,2,easy,-,medium,False,0.94,0.97,0.97,False,1.0,1.0,1.0,False,,,0.03,0.0,True,True,True,True,True,True
N07_014,N07,answer,noul,noul,True,2,easy,-,medium,True,0.98,0.99,0.99,True,1.0,1.0,1.0,True,,,0.99,1.0,True,True,True,True,True,True
N07_015,N07,answer,noul,noul,False,2,medium,-,medium,False,0.92,0.96,0.96,False,1.0,1.0,1.0,False,,,0.04,0.0,True,True,True,True,True,True
N07_016,N07,answer,noul,noul,True,2,medium,-,short,True,0.94,0.97,0.97,True,1.0,1.0,1.0,True,,,0.97,1.0,True,True,True,True,True,True
N07_017,N07,answer,noul,noul,False,2,medium,-,medium,False,0.94,0.97,0.97,False,1.0,1.0,1.0,False,,,0.03,0.0,True,True,True,True,True,True
N07_018,N07,answer,noul,noul,False,2,medium,-,short,False,0.9,0.95,0.95,False,1.0,1.0,1.0,False,,,0.05,0.0,True,True,True,True,True,True
N07_019,N07,answer,noul,noul,True,2,medium,-,short,True,0.96,0.98,0.98,True,1.0,1.0,1.0,True,,,0.98,1.0,True,True,True,True,True,True
N07_020,N07,answer,noul,noul,False,2,hard,negation,short,False,0.92,0.96,0.96,False,1.0,1.0,1.0,False,,,0.04,0.0,True,True,True,True,True,True
N07_021,N07,answer,noul,noul,True,2,hard,distractor,short,True,0.96,0.98,0.98,True,1.0,1.0,1.0,True,,,0.98,1.0,True,True,True,True,True,True
N07_023,N07,answer,noul,noul,False,2,easy,-,short,False,0.96,0.98,0.98,False,1.0,1.0,1.0,False,,,0.02,0.0,True,True,True,True,True,True
N07_024,N07,answer,noul,noul,True,2,medium,-,long,True,0.98,0.99,0.99,True,1.0,1.0,1.0,True,,,0.99,1.0,True,True,True,True,True,True
N07_025,N07,answer,noul,noul,True,2,medium,-,medium,True,0.98,0.99,0.99,True,1.0,1.0,1.0,True,,,0.99,1.0,True,True,True,True,True,True
N07_026,N07,answer,noul,noul,False,2,easy,-,short,False,0.94,0.97,0.97,False,1.0,1.0,1.0,False,,,0.03,0.0,True,True,True,True,True,True
N07_027,N07,answer,noul,noul,False,2,hard,distractor,medium,False,0.94,0.97,0.97,False,1.0,1.0,1.0,False,,,0.03,0.0,True,True,True,True,True,True
N07_028,N07,answer,noul,noul,False,2,medium,-,short,False,0.96,0.98,0.98,False,1.0,1.0,1.0,False,,,0.02,0.0,True,True,True,True,True,True
N07_029,N07,answer,noul,noul,False,2,medium,-,medium,False,0.94,0.97,0.97,False,1.0,1.0,1.0,False,,,0.03,0.0,True,True,True,True,True,True
N07_030,N07,answer,noul,noul,True,2,hard,distractor,short,True,0.96,0.98,0.98,True,1.0,1.0,1.0,True,,,0.98,1.0,True,True,True,True,True,True
N07_032,N07,answer,noul,noul,False,2,hard,negation,medium,False,0.9,0.95,0.95,False,1.0,1.0,1.0,False,,,0.05,0.0,True,True,True,True,True,True
N07_033,N07,answer,noul,noul,False,2,easy,-,short,False,0.96,0.98,0.98,False,1.0,1.0,1.0,False,,,0.02,0.0,True,True,True,True,True,True
N07_034,N07,answer,noul,noul,False,2,hard,distractor,medium,False,0.92,0.96,0.96,False,1.0,1.0,1.0,False,,,0.04,0.0,True,True,True,True,True,True
N07_035,N07,answer,noul,noul,False,2,hard,hypothetical,short,False,0.8200000000000001,0.91,0.91,False,1.0,1.0,1.0,False,,,0.09,0.0,True,True,True,True,True,True
N07_036,N07,answer,noul,noul,True,2,hard,negation,short,True,0.96,0.98,0.98,True,1.0,1.0,1.0,True,,,0.98,1.0,True,True,True,True,True,True
N07_037,N07,answer,noul,noul,False,2,hard,negation,short,False,0.9,0.95,0.95,False,1.0,1.0,1.0,False,,,0.05,0.0,True,True,True,True,True,True
N07_038,N07,answer,noul,noul,True,2,medium,-,medium,True,0.96,0.98,0.98,True,1.0,1.0,1.0,True,,,0.98,1.0,True,True,True,True,True,True
N07_040,N07,answer,noul,noul,False,2,medium,-,short,False,0.94,0.97,0.97,False,1.0,1.0,1.0,False,,,0.03,0.0,True,True,True,True,True,True
N07_041,N07,answer,noul,noul,True,2,easy,-,medium,True,0.98,0.99,0.99,True,1.0,1.0,1.0,True,,,0.99,1.0,True,True,True,True,True,True
N07_043,N07,answer,noul,noul,True,2,easy,-,short,True,0.96,0.98,0.98,True,1.0,1.0,1.0,True,,,0.98,1.0,True,True,True,True,True,True
N07_044,N07,answer,noul,noul,False,2,medium,-,short,False,0.96,0.98,0.98,False,1.0,1.0,1.0,False,,,0.02,0.0,True,True,True,True,True,True
N07_045,N07,answer,noul,noul,True,2,medium,-,medium,True,0.96,0.98,0.98,True,1.0,1.0,1.0,True,,,0.98,1.0,True,True,True,True,True,True
N07_046,N07,answer,noul,noul,True,2,easy,-,medium,True,0.98,0.99,0.99,True,1.0,1.0,1.0,True,,,0.99,1.0,True,True,True,True,True,True
N07_047,N07,answer,noul,noul,True,2,easy,-,long,True,0.98,0.99,0.99,True,1.0,1.0,1.0,True,,,0.99,1.0,True,True,True,True,True,True
N07_048,N07,answer,noul,noul,False,2,medium,-,medium,False,0.96,0.98,0.98,False,1.0,1.0,1.0,False,,,0.02,0.0,True,True,True,True,True,True
N07_049,N07,answer,noul,noul,True,2,easy,-,short,True,0.98,0.99,0.99,True,1.0,1.0,1.0,True,,,0.99,1.0,True,True,True,True,True,True
N07_051,N07,answer,noul,noul,False,2,easy,-,short,False,0.96,0.98,0.98,False,1.0,1.0,1.0,False,,,0.02,0.0,True,True,True,True,True,True
N07_052,N07,answer,noul,noul,False,2,medium,-,medium,False,0.96,0.98,0.98,False,1.0,1.0,1.0,False,,,0.02,0.0,True,True,True,True,True,True
N07_053,N07,answer,noul,noul,True,2,easy,-,medium,True,0.98,0.99,0.99,True,1.0,1.0,1.0,True,,,0.99,1.0,True,True,True,True,True,True
N07_055,N07,answer,noul,noul,True,2,hard,negation,long,True,0.98,0.99,0.99,True,1.0,1.0,1.0,True,,,0.99,1.0,True,True,True,True,True,True
N08_000,N08,answer,noul,noul,True,2,hard,quoted,medium,True,0.96,0.98,0.98,True,1.0,1.0,1.0,True,,,0.98,1.0,True,True,True,True,True,True
N08_001,N08,answer,noul,noul,False,2,hard,negation,short,False,0.96,0.98,0.98,False,1.0,1.0,1.0,False,,,0.02,0.0,True,True,True,True,True,True
N08_002,N08,answer,noul,noul,True,2,medium,-,short,True,0.96,0.98,0.98,True,1.0,1.0,1.0,True,,,0.98,1.0,True,True,True,True,True,True
N08_003,N08,answer,noul,noul,True,2,easy,-,short,True,0.98,0.99,0.99,True,1.0,1.0,1.0,True,,,0.99,1.0,True,True,True,True,True,True
N08_004,N08,answer,noul,noul,True,2,easy,-,medium,True,0.98,0.99,0.99,True,1.0,1.0,1.0,True,,,0.99,1.0,True,True,True,True,True,True
N08_005,N08,answer,noul,noul,False,2,medium,-,medium,False,0.9,0.95,0.95,False,1.0,1.0,1.0,False,,,0.05,0.0,True,True,True,True,True,True
N08_007,N08,answer,noul,noul,True,2,hard,quoted,short,True,0.98,0.99,0.99,True,1.0,1.0,1.0,True,,,0.99,1.0,True,True,True,True,True,True
N08_008,N08,answer,noul,noul,True,2,easy,-,medium,True,0.98,0.99,0.99,True,1.0,1.0,1.0,True,,,0.99,1.0,True,True,True,True,True,True
N08_010,N08,answer,noul,noul,False,2,medium,-,short,False,0.92,0.96,0.96,False,1.0,1.0,1.0,False,,,0.04,0.0,True,True,True,True,True,True
N08_012,N08,answer,noul,noul,False,2,medium,-,short,False,0.92,0.96,0.96,False,1.0,1.0,1.0,False,,,0.04,0.0,True,True,True,True,True,True
N08_013,N08,answer,noul,noul,False,2,hard,quoted,short,False,0.8,0.9,0.9,False,1.0,1.0,1.0,False,,,0.1,0.0,True,True,True,True,True,True
N08_014,N08,answer,noul,noul,False,2,medium,-,medium,False,0.9,0.95,0.95,False,1.0,1.0,1.0,False,,,0.05,0.0,True,True,True,True,True,True
N08_015,N08,answer,noul,noul,False,2,easy,-,short,False,0.94,0.97,0.97,False,1.0,1.0,1.0,False,,,0.03,0.0,True,True,True,True,True,True
N08_016,N08,answer,noul,noul,True,2,medium,-,short,True,0.94,0.97,0.97,True,1.0,1.0,1.0,True,,,0.97,1.0,True,True,True,True,True,True
N08_017,N08,answer,noul,noul,True,2,medium,-,short,True,0.72,0.86,0.86,True,1.0,1.0,1.0,True,,,0.86,1.0,True,True,True,True,True,True
N08_018,N08,answer,noul,noul,True,2,medium,-,short,True,0.9199999999999999,0.96,0.96,True,1.0,1.0,1.0,True,,,0.96,1.0,True,True,True,True,True,True
N08_019,N08,answer,noul,noul,False,2,easy,-,short,False,0.92,0.96,0.96,False,1.0,1.0,1.0,False,,,0.04,0.0,True,True,True,True,True,True
N08_020,N08,answer,noul,noul,True,2,easy,-,short,True,0.94,0.97,0.97,True,1.0,1.0,1.0,True,,,0.97,1.0,True,True,True,True,True,True
N08_021,N08,answer,noul,noul,False,2,medium,-,medium,False,0.94,0.97,0.97,False,1.0,1.0,1.0,False,,,0.03,0.0,True,True,True,True,True,True
N08_022,N08,answer,noul,noul,False,2,easy,-,medium,False,0.94,0.97,0.97,False,1.0,1.0,1.0,False,,,0.03,0.0,True,True,True,True,True,True
N08_023,N08,answer,noul,noul,True,2,hard,implicit,medium,True,0.8799999999999999,0.94,0.94,True,0.96,0.98,0.98,True,,,0.94,0.98,True,True,True,True,True,True
N08_024,N08,answer,noul,noul,False,2,easy,-,short,False,0.9,0.95,0.95,False,1.0,1.0,1.0,False,,,0.05,0.0,True,True,True,True,True,True
N08_025,N08,answer,noul,noul,True,2,easy,-,short,True,0.98,0.99,0.99,True,1.0,1.0,1.0,True,,,0.99,1.0,True,True,True,True,True,True
N08_026,N08,answer,noul,noul,False,2,medium,-,short,False,0.96,0.98,0.98,False,1.0,1.0,1.0,False,,,0.02,0.0,True,True,True,True,True,True
N08_027,N08,answer,noul,noul,False,2,easy,-,short,False,0.94,0.97,0.97,False,1.0,1.0,1.0,False,,,0.03,0.0,True,True,True,True,True,True
N08_028,N08,answer,noul,noul,False,2,medium,-,short,False,0.94,0.97,0.97,False,1.0,1.0,1.0,False,,,0.03,0.0,True,True,True,True,True,True
N08_029,N08,answer,noul,noul,False,2,hard,negation,short,False,0.94,0.97,0.97,False,1.0,1.0,1.0,False,,,0.03,0.0,True,True,True,True,True,True
N08_030,N08,answer,noul,noul,False,2,hard,negation,short,False,0.94,0.97,0.97,False,1.0,1.0,1.0,False,,,0.03,0.0,True,True,True,True,True,True
N08_031,N08,answer,noul,noul,True,2,medium,-,short,True,0.8799999999999999,0.94,0.94,True,1.0,1.0,1.0,True,,,0.94,1.0,True,True,True,True,True,True
N08_032,N08,answer,noul,noul,False,2,hard,implicit,short,False,0.94,0.97,0.97,False,1.0,1.0,1.0,False,,,0.03,0.0,True,True,True,True,True,True
N08_033,N08,answer,noul,noul,True,2,medium,-,short,True,0.94,0.97,0.97,True,1.0,1.0,1.0,True,,,0.97,1.0,True,True,True,True,True,True
N08_034,N08,answer,noul,noul,False,2,hard,quoted,short,False,0.8,0.9,0.9,False,1.0,1.0,1.0,False,,,0.1,0.0,True,True,True,True,True,True
N08_035,N08,answer,noul,noul,False,2,easy,-,medium,False,0.94,0.97,0.97,False,1.0,1.0,1.0,False,,,0.03,0.0,True,True,True,True,True,True
N08_036,N08,answer,noul,noul,False,2,medium,-,medium,False,0.96,0.98,0.98,False,1.0,1.0,1.0,False,,,0.02,0.0,True,True,True,True,True,True
N08_038,N08,answer,noul,noul,False,2,medium,-,short,False,0.94,0.97,0.97,False,1.0,1.0,1.0,False,,,0.03,0.0,True,True,True,True,True,True
N08_039,N08,answer,noul,noul,True,2,medium,-,medium,True,0.94,0.97,0.97,True,1.0,1.0,1.0,True,,,0.97,1.0,True,True,True,True,True,True
N08_041,N08,answer,noul,noul,True,2,easy,-,short,True,0.98,0.99,0.99,True,1.0,1.0,1.0,True,,,0.99,1.0,True,True,True,True,True,True
N08_042,N08,answer,noul,noul,False,2,easy,-,medium,False,0.92,0.96,0.96,False,1.0,1.0,1.0,False,,,0.04,0.0,True,True,True,True,True,True
N08_043,N08,answer,noul,noul,True,2,medium,-,short,True,0.94,0.97,0.97,True,1.0,1.0,1.0,True,,,0.97,1.0,True,True,True,True,True,True
N08_044,N08,answer,noul,noul,True,2,hard,negation,short,True,0.96,0.98,0.98,True,1.0,1.0,1.0,True,,,0.98,1.0,True,True,True,True,True,True
N08_045,N08,answer,noul,noul,True,2,easy,-,short,True,0.98,0.99,0.99,True,1.0,1.0,1.0,True,,,0.99,1.0,True,True,True,True,True,True
N08_047,N08,answer,noul,noul,True,2,hard,negation,short,True,0.96,0.98,0.98,True,1.0,1.0,1.0,True,,,0.98,1.0,True,True,True,True,True,True
N08_048,N08,answer,noul,noul,False,2,medium,-,short,False,0.88,0.94,0.94,False,1.0,1.0,1.0,False,,,0.06,0.0,True,True,True,True,True,True
N08_049,N08,answer,noul,noul,True,2,hard,implicit,medium,True,0.8600000000000001,0.93,0.93,True,1.0,1.0,1.0,True,,,0.93,1.0,True,True,True,True,True,True
N08_050,N08,answer,noul,noul,False,2,hard,implicit,short,False,0.94,0.97,0.97,False,1.0,1.0,1.0,False,,,0.03,0.0,True,True,True,True,True,True
N08_051,N08,answer,noul,noul,True,2,medium,-,short,True,0.9199999999999999,0.96,0.96,True,1.0,1.0,1.0,True,,,0.96,1.0,True,True,True,True,True,True
N08_052,N08,answer,noul,noul,False,2,easy,-,medium,False,0.92,0.96,0.96,False,1.0,1.0,1.0,False,,,0.04,0.0,True,True,True,True,True,True
N08_053,N08,answer,noul,noul,True,2,hard,quoted,medium,True,0.96,0.98,0.98,True,1.0,1.0,1.0,True,,,0.98,1.0,True,True,True,True,True,True
N08_054,N08,answer,noul,noul,True,2,hard,negation,medium,True,0.98,0.99,0.99,True,1.0,1.0,1.0,True,,,0.99,1.0,True,True,True,True,True,True
N08_055,N08,answer,noul,noul,True,2,easy,-,medium,True,0.98,0.99,0.99,True,1.0,1.0,1.0,True,,,0.99,1.0,True,True,True,True,True,True
N09_000,N09,answer,noul,noul,True,2,easy,-,long,True,0.96,0.98,0.98,True,1.0,1.0,1.0,True,,,0.98,1.0,True,True,True,True,True,True
N09_001,N09,answer,noul,noul,True,2,hard,implicit,short,True,0.94,0.97,0.97,True,1.0,1.0,1.0,True,,,0.97,1.0,True,True,True,True,True,True
N09_002,N09,answer,noul,noul,True,2,easy,-,short,True,0.96,0.98,0.98,True,1.0,1.0,1.0,True,,,0.98,1.0,True,True,True,True,True,True
N09_003,N09,answer,noul,noul,True,2,medium,-,short,True,0.48,0.74,0.74,True,1.0,1.0,1.0,True,,,0.74,1.0,True,True,True,True,True,True
N09_004,N09,answer,noul,noul,False,2,hard,near_miss,short,False,0.88,0.94,0.94,False,1.0,1.0,1.0,False,,,0.06,0.0,True,True,True,True,True,True
N09_005,N09,answer,noul,noul,True,2,hard,near_miss,short,True,0.0,0.5,0.5,True,1.0,1.0,1.0,True,,,0.5,1.0,True,True,True,True,True,True
N09_006,N09,answer,noul,noul,False,2,hard,long_irrelevant,long,False,0.86,0.9299999999999999,0.9299999999999999,False,1.0,1.0,1.0,False,,,0.07,0.0,True,True,True,True,True,True
N09_007,N09,answer,noul,noul,False,2,easy,-,short,False,0.9,0.95,0.95,False,1.0,1.0,1.0,False,,,0.05,0.0,True,True,True,True,True,True
N09_008,N09,answer,noul,noul,True,2,medium,-,long,True,0.94,0.97,0.97,True,1.0,1.0,1.0,True,,,0.97,1.0,True,True,True,True,True,True
N09_009,N09,answer,noul,noul,False,2,medium,-,long,False,0.8200000000000001,0.91,0.91,False,0.94,0.97,0.97,False,,,0.09,0.03,True,True,True,True,True,True
N09_010,N09,answer,noul,noul,False,2,medium,-,medium,False,0.9,0.95,0.95,False,1.0,1.0,1.0,False,,,0.05,0.0,True,True,True,True,True,True
N09_011,N09,answer,noul,noul,False,2,easy,-,short,False,0.9,0.95,0.95,False,1.0,1.0,1.0,False,,,0.05,0.0,True,True,True,True,True,True
N09_012,N09,answer,noul,noul,True,2,medium,-,short,True,0.96,0.98,0.98,True,1.0,1.0,1.0,True,,,0.98,1.0,True,True,True,True,True,True
N09_013,N09,answer,noul,noul,True,2,medium,-,medium,True,0.96,0.98,0.98,True,1.0,1.0,1.0,True,,,0.98,1.0,True,True,True,True,True,True
N09_016,N09,answer,noul,noul,True,2,easy,-,medium,True,0.96,0.98,0.98,True,1.0,1.0,1.0,True,,,0.98,1.0,True,True,True,True,True,True
N09_017,N09,answer,noul,noul,True,2,hard,long_irrelevant,long,True,0.9199999999999999,0.96,0.96,True,1.0,1.0,1.0,True,,,0.96,1.0,True,True,True,True,True,True
N09_018,N09,answer,noul,noul,True,2,easy,-,short,True,0.96,0.98,0.98,True,1.0,1.0,1.0,True,,,0.98,1.0,True,True,True,True,True,True
N09_019,N09,answer,noul,noul,False,2,hard,near_miss,short,False,0.78,0.89,0.89,False,1.0,1.0,1.0,False,,,0.11,0.0,True,True,True,True,True,True
N09_020,N09,answer,noul,noul,False,2,hard,long_irrelevant,long,False,0.88,0.94,0.94,False,1.0,1.0,1.0,False,,,0.06,0.0,True,True,True,True,True,True
N09_022,N09,answer,noul,noul,True,2,medium,-,short,True,0.9199999999999999,0.96,0.96,True,1.0,1.0,1.0,True,,,0.96,1.0,True,True,True,True,True,True
N09_023,N09,answer,noul,noul,True,2,easy,-,long,True,0.96,0.98,0.98,True,1.0,1.0,1.0,True,,,0.98,1.0,True,True,True,True,True,True
N09_024,N09,answer,noul,noul,False,2,medium,-,short,False,0.9,0.95,0.95,False,1.0,1.0,1.0,False,,,0.05,0.0,True,True,True,True,True,True
N09_026,N09,answer,noul,noul,False,2,medium,-,long,False,0.88,0.94,0.94,False,1.0,1.0,1.0,False,,,0.06,0.0,True,True,True,True,True,True
N09_027,N09,answer,noul,noul,False,2,medium,-,short,False,0.9,0.95,0.95,False,1.0,1.0,1.0,False,,,0.05,0.0,True,True,True,True,True,True
N09_028,N09,answer,noul,noul,True,2,easy,-,long,True,0.96,0.98,0.98,True,1.0,1.0,1.0,True,,,0.98,1.0,True,True,True,True,True,True
N09_029,N09,answer,noul,noul,True,2,hard,long_irrelevant,long,True,0.9199999999999999,0.96,0.96,True,1.0,1.0,1.0,True,,,0.96,1.0,True,True,True,True,True,True
N09_030,N09,answer,noul,noul,False,2,easy,-,medium,False,0.9,0.95,0.95,False,1.0,1.0,1.0,False,,,0.05,0.0,True,True,True,True,True,True
N09_031,N09,answer,noul,noul,False,2,easy,-,medium,False,0.92,0.96,0.96,False,1.0,1.0,1.0,False,,,0.04,0.0,True,True,True,True,True,True
N09_032,N09,answer,noul,noul,False,2,medium,-,short,False,0.88,0.94,0.94,False,1.0,1.0,1.0,False,,,0.06,0.0,True,True,True,True,True,True
N09_033,N09,answer,noul,noul,False,2,easy,-,long,False,0.9,0.95,0.95,False,1.0,1.0,1.0,False,,,0.05,0.0,True,True,True,True,True,True
N09_034,N09,answer,noul,noul,False,2,easy,-,short,False,0.88,0.94,0.94,False,0.94,0.97,0.97,False,,,0.06,0.03,True,True,True,True,True,True
N09_035,N09,answer,noul,noul,False,2,hard,long_irrelevant,long,False,0.9,0.95,0.95,False,1.0,1.0,1.0,False,,,0.05,0.0,True,True,True,True,True,True
N09_036,N09,answer,noul,noul,True,2,medium,-,medium,True,0.94,0.97,0.97,True,1.0,1.0,1.0,True,,,0.97,1.0,True,True,True,True,True,True
N09_037,N09,answer,noul,noul,False,2,easy,-,medium,False,0.92,0.96,0.96,False,1.0,1.0,1.0,False,,,0.04,0.0,True,True,True,True,True,True
N09_038,N09,answer,noul,noul,True,2,medium,-,long,True,0.94,0.97,0.97,True,1.0,1.0,1.0,True,,,0.97,1.0,True,True,True,True,True,True
N09_039,N09,answer,noul,noul,True,2,medium,-,short,True,0.8600000000000001,0.93,0.93,True,1.0,1.0,1.0,True,,,0.93,1.0,True,True,True,True,True,True
N09_040,N09,answer,noul,noul,False,2,medium,-,short,False,0.92,0.96,0.96,False,1.0,1.0,1.0,False,,,0.04,0.0,True,True,True,True,True,True
N09_041,N09,answer,noul,noul,True,2,medium,-,long,True,0.8400000000000001,0.92,0.92,True,1.0,1.0,1.0,True,,,0.92,1.0,True,True,True,True,True,True
N09_042,N09,answer,noul,noul,False,2,medium,-,short,False,0.94,0.97,0.97,False,1.0,1.0,1.0,False,,,0.03,0.0,True,True,True,True,True,True
N09_043,N09,answer,noul,noul,False,2,medium,-,medium,False,0.88,0.94,0.94,False,1.0,1.0,1.0,False,,,0.06,0.0,True,True,True,True,True,True
N09_045,N09,answer,noul,noul,True,2,medium,-,long,True,0.8200000000000001,0.91,0.91,True,1.0,1.0,1.0,True,,,0.91,1.0,True,True,True,True,True,True
N09_046,N09,answer,noul,noul,False,2,easy,-,medium,False,0.9,0.95,0.95,False,1.0,1.0,1.0,False,,,0.05,0.0,True,True,True,True,True,True
N09_048,N09,answer,noul,noul,False,2,hard,implicit,short,False,0.8200000000000001,0.91,0.91,False,1.0,1.0,1.0,False,,,0.09,0.0,True,True,True,True,True,True
N09_049,N09,answer,noul,noul,True,2,easy,-,short,True,0.96,0.98,0.98,True,1.0,1.0,1.0,True,,,0.98,1.0,True,True,True,True,True,True
N09_050,N09,answer,noul,noul,False,2,hard,implicit,medium,False,0.9,0.95,0.95,False,1.0,1.0,1.0,False,,,0.05,0.0,True,True,True,True,True,True
N09_051,N09,answer,noul,noul,True,2,hard,near_miss,medium,True,0.8400000000000001,0.92,0.92,True,1.0,1.0,1.0,True,,,0.92,1.0,True,True,True,True,True,True
N09_052,N09,answer,noul,noul,True,2,medium,-,medium,True,0.8999999999999999,0.95,0.95,True,1.0,1.0,1.0,True,,,0.95,1.0,True,True,True,True,True,True
N09_053,N09,answer,noul,noul,True,2,easy,-,short,True,0.96,0.98,0.98,True,1.0,1.0,1.0,True,,,0.98,1.0,True,True,True,True,True,True
N09_054,N09,answer,noul,noul,False,2,easy,-,medium,False,0.9,0.95,0.95,False,1.0,1.0,1.0,False,,,0.05,0.0,True,True,True,True,True,True
N09_055,N09,answer,noul,noul,True,2,medium,-,medium,True,0.94,0.97,0.97,True,1.0,1.0,1.0,True,,,0.97,1.0,True,True,True,True,True,True
N10_000,N10,answer,noul,noul,False,2,easy,-,short,False,0.96,0.98,0.98,False,1.0,1.0,1.0,False,,,0.02,0.0,True,True,True,True,True,True
N10_001,N10,answer,noul,noul,True,2,easy,-,long,True,0.98,0.99,0.99,True,1.0,1.0,1.0,True,,,0.99,1.0,True,True,True,True,True,True
N10_002,N10,answer,noul,noul,True,2,easy,-,short,True,0.96,0.98,0.98,True,1.0,1.0,1.0,True,,,0.98,1.0,True,True,True,True,True,True
N10_004,N10,answer,noul,noul,False,2,easy,-,medium,False,0.9,0.95,0.95,False,0.94,0.97,0.97,False,,,0.05,0.03,True,True,True,True,True,True
N10_005,N10,answer,noul,noul,False,2,easy,-,medium,False,0.96,0.98,0.98,False,0.96,0.98,0.98,False,,,0.02,0.02,True,True,True,True,True,True
N10_006,N10,answer,noul,noul,False,2,easy,-,long,False,0.9,0.95,0.95,False,0.98,0.99,0.99,False,,,0.05,0.01,True,True,True,True,True,True
N10_007,N10,answer,noul,noul,False,2,medium,-,short,False,0.8200000000000001,0.91,0.91,False,0.06000000000000005,0.53,0.53,False,,,0.09,0.47,True,True,True,True,True,True
N10_008,N10,answer,noul,noul,False,2,medium,-,long,False,0.96,0.98,0.98,False,0.9,0.95,0.95,False,,,0.02,0.05,True,True,True,True,True,True
N10_009,N10,answer,noul,noul,True,2,hard,near_miss,medium,True,0.96,0.98,0.98,True,1.0,1.0,1.0,True,,,0.98,1.0,True,True,True,True,True,True
N10_010,N10,answer,noul,noul,True,2,easy,-,short,True,0.96,0.98,0.98,True,1.0,1.0,1.0,True,,,0.98,1.0,True,True,True,True,True,True
N10_011,N10,answer,noul,noul,False,2,medium,-,short,False,0.96,0.98,0.98,False,0.98,0.99,0.99,False,,,0.02,0.01,True,True,True,True,True,True
N10_012,N10,answer,noul,noul,False,2,hard,near_miss,medium,False,0.74,0.87,0.87,True,0.94,0.97,0.030000000000000027,False,,,0.13,0.97,True,True,False,False,True,True
N10_013,N10,answer,noul,noul,True,2,medium,-,medium,True,0.98,0.99,0.99,True,1.0,1.0,1.0,True,,,0.99,1.0,True,True,True,True,True,True
N10_014,N10,answer,noul,noul,True,2,medium,-,medium,True,0.96,0.98,0.98,True,1.0,1.0,1.0,True,,,0.98,1.0,True,True,True,True,True,True
N10_015,N10,answer,noul,noul,False,2,medium,-,short,False,0.6799999999999999,0.84,0.84,False,0.07999999999999996,0.54,0.54,False,,,0.16,0.46,True,True,True,True,True,True
N10_016,N10,answer,noul,noul,True,2,medium,-,long,True,0.98,0.99,0.99,True,1.0,1.0,1.0,True,,,0.99,1.0,True,True,True,True,True,True
N10_018,N10,answer,noul,noul,False,2,easy,-,medium,False,0.96,0.98,0.98,False,1.0,1.0,1.0,False,,,0.02,0.0,True,True,True,True,True,True
N10_019,N10,answer,noul,noul,True,2,hard,hypothetical,short,True,0.96,0.98,0.98,True,1.0,1.0,1.0,True,,,0.98,1.0,True,True,True,True,True,True
N10_020,N10,answer,noul,noul,False,2,hard,hypothetical,medium,False,0.94,0.97,0.97,False,0.98,0.99,0.99,False,,,0.03,0.01,True,True,True,True,True,True
N10_021,N10,answer,noul,noul,True,2,medium,-,medium,True,0.96,0.98,0.98,True,1.0,1.0,1.0,True,,,0.98,1.0,True,True,True,True,True,True
N10_024,N10,answer,noul,noul,False,2,easy,-,long,False,0.96,0.98,0.98,False,1.0,1.0,1.0,False,,,0.02,0.0,True,True,True,True,True,True
N10_025,N10,answer,noul,noul,False,2,medium,-,medium,False,0.54,0.77,0.77,True,0.43999999999999995,0.72,0.28,False,,,0.23,0.72,True,True,False,False,True,True
N10_026,N10,answer,noul,noul,True,2,medium,-,medium,True,0.96,0.98,0.98,True,1.0,1.0,1.0,True,,,0.98,1.0,True,True,True,True,True,True
N10_027,N10,answer,noul,noul,True,2,easy,-,short,True,0.96,0.98,0.98,True,1.0,1.0,1.0,True,,,0.98,1.0,True,True,True,True,True,True
N10_028,N10,answer,noul,noul,False,2,medium,-,short,False,0.96,0.98,0.98,False,1.0,1.0,1.0,False,,,0.02,0.0,True,True,True,True,True,True
N10_029,N10,answer,noul,noul,False,2,hard,negation,medium,False,0.96,0.98,0.98,False,1.0,1.0,1.0,False,,,0.02,0.0,True,True,True,True,True,True
N10_030,N10,answer,noul,noul,True,2,hard,negation,medium,True,0.8799999999999999,0.94,0.94,True,0.96,0.98,0.98,True,,,0.94,0.98,True,True,True,True,True,True
N10_031,N10,answer,noul,noul,False,2,hard,hypothetical,long,False,0.94,0.97,0.97,False,0.94,0.97,0.97,False,,,0.03,0.03,True,True,True,True,True,True
N10_032,N10,answer,noul,noul,False,2,easy,-,short,False,0.96,0.98,0.98,False,1.0,1.0,1.0,False,,,0.02,0.0,True,True,True,True,True,True
N10_033,N10,answer,noul,noul,True,2,medium,-,medium,True,0.96,0.98,0.98,True,1.0,1.0,1.0,True,,,0.98,1.0,True,True,True,True,True,True
N10_034,N10,answer,noul,noul,False,2,hard,negation,long,False,0.9,0.95,0.95,False,1.0,1.0,1.0,False,,,0.05,0.0,True,True,True,True,True,True
N10_035,N10,answer,noul,noul,False,2,medium,-,short,False,0.92,0.96,0.96,False,0.9,0.95,0.95,False,,,0.04,0.05,True,True,True,True,True,True
N10_036,N10,answer,noul,noul,True,2,easy,-,short,True,0.96,0.98,0.98,True,1.0,1.0,1.0,True,,,0.98,1.0,True,True,True,True,True,True
N10_037,N10,answer,noul,noul,True,2,medium,-,short,True,0.96,0.98,0.98,True,0.98,0.99,0.99,True,,,0.98,0.99,True,True,True,True,True,True
N10_038,N10,answer,noul,noul,False,2,medium,-,short,False,0.94,0.97,0.97,False,1.0,1.0,1.0,False,,,0.03,0.0,True,True,True,True,True,True
N10_039,N10,answer,noul,noul,False,2,medium,-,short,False,0.9,0.95,0.95,False,1.0,1.0,1.0,False,,,0.05,0.0,True,True,True,True,True,True
N10_040,N10,answer,noul,noul,True,2,easy,-,short,True,0.96,0.98,0.98,True,1.0,1.0,1.0,True,,,0.98,1.0,True,True,True,True,True,True
N10_042,N10,answer,noul,noul,True,2,easy,-,short,True,0.94,0.97,0.97,True,0.96,0.98,0.98,True,,,0.97,0.98,True,True,True,True,True,True
N10_043,N10,answer,noul,noul,True,2,hard,near_miss,long,True,0.94,0.97,0.97,True,1.0,1.0,1.0,True,,,0.97,1.0,True,True,True,True,True,True
N10_045,N10,answer,noul,noul,True,2,medium,-,medium,True,0.98,0.99,0.99,True,1.0,1.0,1.0,True,,,0.99,1.0,True,True,True,True,True,True
N10_046,N10,answer,noul,noul,True,2,medium,-,long,True,0.98,0.99,0.99,True,1.0,1.0,1.0,True,,,0.99,1.0,True,True,True,True,True,True
N10_047,N10,answer,noul,noul,False,2,hard,near_miss,long,False,0.64,0.8200000000000001,0.8200000000000001,False,0.8200000000000001,0.91,0.91,False,,,0.18,0.09,True,True,True,True,True,True
N10_048,N10,answer,noul,noul,True,2,medium,-,long,True,0.98,0.99,0.99,True,1.0,1.0,1.0,True,,,0.99,1.0,True,True,True,True,True,True
N10_049,N10,answer,noul,noul,False,2,medium,-,long,False,0.040000000000000036,0.52,0.52,True,1.0,1.0,0.0,False,,,0.48,1.0,True,True,False,False,True,True
N10_050,N10,answer,noul,noul,False,2,medium,-,short,False,0.94,0.97,0.97,False,0.98,0.99,0.99,False,,,0.03,0.01,True,True,True,True,True,True
N10_051,N10,answer,noul,noul,True,2,hard,negation,long,True,0.96,0.98,0.98,True,1.0,1.0,1.0,True,,,0.98,1.0,True,True,True,True,True,True
N10_052,N10,answer,noul,noul,False,2,easy,-,medium,False,0.96,0.98,0.98,False,0.96,0.98,0.98,False,,,0.02,0.02,True,True,True,True,True,True
N10_053,N10,answer,noul,noul,True,2,medium,-,medium,True,0.98,0.99,0.99,True,1.0,1.0,1.0,True,,,0.99,1.0,True,True,True,True,True,True
N10_054,N10,answer,noul,noul,True,2,hard,near_miss,medium,True,0.94,0.97,0.97,True,0.98,0.99,0.99,True,,,0.97,0.99,True,True,True,True,True,True
N10_055,N10,answer,noul,noul,True,2,hard,hypothetical,short,True,0.94,0.97,0.97,True,1.0,1.0,1.0,True,,,0.97,1.0,True,True,True,True,True,True
T01_000,T01,sentiment,tweets_score,score,1,5,easy,-,short,1,0.64,0.56,0.56,1,0.67,0.6,0.6,1,0.57,0.6,,,True,True,True,True,True,True
T01_000,T01,direction,tweets_choice,choice,bearish,3,easy,-,short,bearish,1.0,1.0,1.0,bearish,1.0,1.0,1.0,bearish,,,,,True,True,True,True,True,True
T01_000,T01,expects_rise,tweets_noul,noul,False,2,easy,-,short,False,0.88,0.94,0.94,False,1.0,1.0,1.0,False,,,0.06,0.0,True,True,True,True,True,True
T01_001,T01,sentiment,tweets_score,score,2,5,medium,-,short,2,0.86,0.83,0.83,2,0.89,0.9,0.9,2,2.16,1.93,,,True,True,True,True,True,True
T01_001,T01,direction,tweets_choice,choice,neutral,3,medium,-,short,neutral,0.71,0.81,0.81,neutral,0.93,0.95,0.95,neutral,,,,,True,True,True,True,True,True
T01_001,T01,expects_rise,tweets_noul,noul,False,2,medium,-,short,True,0.020000000000000018,0.51,0.49,True,0.0,0.5,0.5,False,,,0.51,0.5,False,False,False,False,True,True
T01_002,T01,sentiment,tweets_score,score,1,5,hard,sarcasm,short,1,0.85,0.84,0.84,1,0.74,0.69,0.69,1,1.16,1.31,,,True,True,True,True,True,True
T01_002,T01,direction,tweets_choice,choice,bearish,3,hard,sarcasm,short,bearish,0.87,0.91,0.91,bearish,0.64,0.76,0.76,bearish,,,,,True,True,True,True,True,True
T01_002,T01,expects_rise,tweets_noul,noul,False,2,hard,sarcasm,short,False,0.7,0.85,0.85,False,0.9,0.95,0.95,False,,,0.15,0.05,True,True,True,True,True,True
T01_003,T01,sentiment,tweets_score,score,4,5,medium,-,short,4,1.0,1.0,1.0,4,0.97,0.96,0.96,4,4.0,3.96,,,True,True,True,True,True,True
T01_003,T01,direction,tweets_choice,choice,bullish,3,medium,-,short,bullish,1.0,1.0,1.0,bullish,1.0,1.0,1.0,bullish,,,,,True,True,True,True,True,True
T01_003,T01,expects_rise,tweets_noul,noul,True,2,medium,-,short,True,0.8400000000000001,0.92,0.92,True,0.9199999999999999,0.96,0.96,True,,,0.92,0.96,True,True,True,True,True,True
T01_004,T01,sentiment,tweets_score,score,2,5,hard,jargon_only,short,2,0.81,0.77,0.77,1,0.73,0.68,0.31,2,1.87,1.3,,,True,True,False,True,True,True
T01_004,T01,direction,tweets_choice,choice,neutral,3,hard,jargon_only,short,neutral,0.64,0.76,0.76,bearish,0.63,0.75,0.24,neutral,,,,,True,True,False,False,True,True
T01_004,T01,expects_rise,tweets_noul,noul,False,2,hard,jargon_only,short,False,0.74,0.87,0.87,False,0.8,0.9,0.9,False,,,0.13,0.1,True,True,True,True,True,True
T01_005,T01,sentiment,tweets_score,score,4,5,hard,sarcasm,short,4,0.97,1.0,1.0,4,0.61,0.78,0.78,4,3.97,3.53,,,True,True,True,True,True,True
T01_005,T01,direction,tweets_choice,choice,bullish,3,hard,sarcasm,short,bullish,0.99,0.99,0.99,bullish,1.0,1.0,1.0,bullish,,,,,True,True,True,True,True,True
T01_005,T01,expects_rise,tweets_noul,noul,True,2,hard,sarcasm,short,True,0.8600000000000001,0.93,0.93,True,0.8600000000000001,0.93,0.93,True,,,0.93,0.93,True,True,True,True,True,True
T01_007,T01,sentiment,tweets_score,score,4,5,medium,-,short,4,1.0,1.0,1.0,4,1.0,1.0,1.0,4,4.0,4.0,,,True,True,True,True,True,True
T01_007,T01,direction,tweets_choice,choice,bullish,3,medium,-,short,bullish,1.0,1.0,1.0,bullish,1.0,1.0,1.0,bullish,,,,,True,True,True,True,True,True
T01_007,T01,expects_rise,tweets_noul,noul,True,2,medium,-,short,True,0.8799999999999999,0.94,0.94,True,0.8999999999999999,0.95,0.95,True,,,0.94,0.95,True,True,True,True,True,True
T01_008,T01,sentiment,tweets_score,score,2,5,medium,-,short,1,0.77,0.73,0.27,2,0.72,0.69,0.69,1,1.26,1.68,,,False,True,True,True,False,True
T01_008,T01,direction,tweets_choice,choice,neutral,3,medium,-,short,neutral,0.35,0.57,0.57,neutral,0.6,0.73,0.73,neutral,,,,,True,True,True,True,True,True
T01_008,T01,expects_rise,tweets_noul,noul,False,2,medium,-,short,False,0.86,0.9299999999999999,0.9299999999999999,False,0.92,0.96,0.96,False,,,0.07,0.04,True,True,True,True,True,True
T01_009,T01,sentiment,tweets_score,score,3,5,hard,jargon_only,short,3,0.99,0.99,0.99,3,0.93,0.92,0.92,3,3.0,3.08,,,True,True,True,True,True,True
T01_009,T01,direction,tweets_choice,choice,bullish,3,hard,jargon_only,short,bullish,0.99,0.99,0.99,bullish,0.99,0.99,0.99,bullish,,,,,True,True,True,True,True,True
T01_009,T01,expects_rise,tweets_noul,noul,True,2,hard,jargon_only,short,True,0.54,0.77,0.77,True,0.6200000000000001,0.81,0.81,True,,,0.77,0.81,True,True,True,True,True,True
T01_011,T01,sentiment,tweets_score,score,3,5,easy,-,short,3,0.92,0.95,0.95,3,0.95,0.95,0.95,3,2.93,3.0,,,True,True,True,True,True,True
T01_011,T01,direction,tweets_choice,choice,bullish,3,easy,-,short,bullish,0.96,0.97,0.97,bullish,1.0,1.0,1.0,bullish,,,,,True,True,True,True,True,True
T01_011,T01,expects_rise,tweets_noul,noul,True,2,easy,-,short,True,0.5800000000000001,0.79,0.79,True,0.6799999999999999,0.84,0.84,True,,,0.79,0.84,True,True,True,True,True,True
T01_012,T01,sentiment,tweets_score,score,3,5,medium,-,short,3,0.89,0.86,0.86,3,0.98,0.98,0.98,3,3.14,3.02,,,True,True,True,True,True,True
T01_012,T01,direction,tweets_choice,choice,bullish,3,medium,-,short,bullish,0.99,1.0,1.0,bullish,0.99,0.99,0.99,bullish,,,,,True,True,True,True,True,True
T01_012,T01,expects_rise,tweets_noul,noul,True,2,medium,-,short,True,0.6599999999999999,0.83,0.83,True,0.48,0.74,0.74,True,,,0.83,0.74,True,True,True,True,True,True
T01_013,T01,sentiment,tweets_score,score,4,5,medium,-,short,4,1.0,1.0,1.0,4,0.98,0.98,0.98,4,4.0,3.98,,,True,True,True,True,True,True
T01_013,T01,direction,tweets_choice,choice,bullish,3,medium,-,short,bullish,1.0,1.0,1.0,bullish,1.0,1.0,1.0,bullish,,,,,True,True,True,True,True,True
T01_013,T01,expects_rise,tweets_noul,noul,True,2,medium,-,short,True,0.8799999999999999,0.94,0.94,True,1.0,1.0,1.0,True,,,0.94,1.0,True,True,True,True,True,True
T01_014,T01,sentiment,tweets_score,score,2,5,easy,-,short,2,1.0,1.0,1.0,2,0.97,0.97,0.97,2,2.0,1.96,,,True,True,True,True,True,True
T01_014,T01,direction,tweets_choice,choice,neutral,3,easy,-,short,neutral,1.0,1.0,1.0,neutral,1.0,1.0,1.0,neutral,,,,,True,True,True,True,True,True
T01_014,T01,expects_rise,tweets_noul,noul,False,2,easy,-,short,False,0.8,0.9,0.9,False,0.86,0.9299999999999999,0.9299999999999999,False,,,0.1,0.07,True,True,True,True,True,True
T01_015,T01,sentiment,tweets_score,score,0,5,hard,mixed_signals,short,0,1.0,0.99,0.99,0,0.9,0.94,0.94,0,0.01,0.12,,,True,True,True,True,True,True
T01_015,T01,direction,tweets_choice,choice,bearish,3,hard,mixed_signals,short,bearish,1.0,1.0,1.0,bearish,1.0,1.0,1.0,bearish,,,,,True,True,True,True,True,True
T01_015,T01,expects_rise,tweets_noul,noul,False,2,hard,mixed_signals,short,False,0.9,0.95,0.95,False,1.0,1.0,1.0,False,,,0.05,0.0,True,True,True,True,True,True
T01_016,T01,sentiment,tweets_score,score,3,5,medium,-,short,3,0.99,0.98,0.98,3,1.0,1.0,1.0,3,3.01,3.0,,,True,True,True,True,True,True
T01_016,T01,direction,tweets_choice,choice,bullish,3,medium,-,short,bullish,1.0,1.0,1.0,bullish,1.0,1.0,1.0,bullish,,,,,True,True,True,True,True,True
T01_016,T01,expects_rise,tweets_noul,noul,True,2,medium,-,short,True,0.6200000000000001,0.81,0.81,True,0.8600000000000001,0.93,0.93,True,,,0.81,0.93,True,True,True,True,True,True
T01_017,T01,sentiment,tweets_score,score,2,5,hard,mixed_signals,short,2,1.0,1.0,1.0,2,1.0,1.0,1.0,2,2.0,2.0,,,True,True,True,True,True,True
T01_017,T01,direction,tweets_choice,choice,neutral,3,hard,mixed_signals,short,neutral,1.0,1.0,1.0,neutral,0.93,0.95,0.95,neutral,,,,,True,True,True,True,True,True
T01_017,T01,expects_rise,tweets_noul,noul,False,2,hard,mixed_signals,short,False,0.62,0.81,0.81,False,0.64,0.8200000000000001,0.8200000000000001,False,,,0.19,0.18,True,True,True,True,True,True
T01_018,T01,sentiment,tweets_score,score,2,5,medium,-,medium,2,1.0,1.0,1.0,2,1.0,1.0,1.0,2,2.0,2.0,,,True,True,True,True,True,True
T01_018,T01,direction,tweets_choice,choice,neutral,3,medium,-,medium,neutral,1.0,1.0,1.0,neutral,1.0,1.0,1.0,neutral,,,,,True,True,True,True,True,True
T01_018,T01,expects_rise,tweets_noul,noul,False,2,medium,-,medium,False,0.56,0.78,0.78,False,0.43999999999999995,0.72,0.72,False,,,0.22,0.28,True,True,True,True,True,True
T01_019,T01,sentiment,tweets_score,score,0,5,easy,-,short,0,1.0,1.0,1.0,0,0.97,0.99,0.99,0,0.0,0.04,,,True,True,True,True,True,True
T01_019,T01,direction,tweets_choice,choice,bearish,3,easy,-,short,bearish,1.0,1.0,1.0,bearish,1.0,1.0,1.0,bearish,,,,,True,True,True,True,True,True
T01_019,T01,expects_rise,tweets_noul,noul,False,2,easy,-,short,False,0.96,0.98,0.98,False,1.0,1.0,1.0,False,,,0.02,0.0,True,True,True,True,True,True
T01_020,T01,sentiment,tweets_score,score,1,5,easy,-,short,1,0.99,1.0,1.0,1,1.0,1.0,1.0,1,1.01,1.0,,,True,True,True,True,True,True
T01_020,T01,direction,tweets_choice,choice,bearish,3,easy,-,short,bearish,0.96,0.97,0.97,bearish,0.83,0.89,0.89,bearish,,,,,True,True,True,True,True,True
T01_020,T01,expects_rise,tweets_noul,noul,False,2,easy,-,short,False,0.5,0.75,0.75,False,0.96,0.98,0.98,False,,,0.25,0.02,True,True,True,True,True,True
T01_021,T01,sentiment,tweets_score,score,4,5,hard,sarcasm,short,4,1.0,1.0,1.0,4,0.91,0.94,0.94,4,4.0,3.89,,,True,True,True,True,True,True
T01_021,T01,direction,tweets_choice,choice,bullish,3,hard,sarcasm,short,bullish,1.0,1.0,1.0,bullish,1.0,1.0,1.0,bullish,,,,,True,True,True,True,True,True
T01_021,T01,expects_rise,tweets_noul,noul,True,2,hard,sarcasm,short,True,0.94,0.97,0.97,True,1.0,1.0,1.0,True,,,0.97,1.0,True,True,True,True,True,True
T01_022,T01,sentiment,tweets_score,score,1,5,medium,-,short,0,0.73,0.67,0.33,1,0.73,0.68,0.68,1,0.33,0.68,,,False,True,True,True,True,True
T01_022,T01,direction,tweets_choice,choice,bearish,3,medium,-,short,bearish,1.0,1.0,1.0,bearish,1.0,1.0,1.0,bearish,,,,,True,True,True,True,True,True
T01_022,T01,expects_rise,tweets_noul,noul,False,2,medium,-,short,False,0.9,0.95,0.95,False,0.98,0.99,0.99,False,,,0.05,0.01,True,True,True,True,True,True
T01_023,T01,sentiment,tweets_score,score,2,5,medium,-,medium,2,1.0,1.0,1.0,2,1.0,1.0,1.0,2,2.0,2.0,,,True,True,True,True,True,True
T01_023,T01,direction,tweets_choice,choice,neutral,3,medium,-,medium,neutral,1.0,1.0,1.0,neutral,1.0,1.0,1.0,neutral,,,,,True,True,True,True,True,True
T01_023,T01,expects_rise,tweets_noul,noul,False,2,medium,-,medium,False,0.78,0.89,0.89,False,0.94,0.97,0.97,False,,,0.11,0.03,True,True,True,True,True,True
T01_024,T01,sentiment,tweets_score,score,0,5,hard,jargon_only,short,0,0.99,0.99,0.99,0,1.0,1.0,1.0,0,0.01,0.0,,,True,True,True,True,True,True
T01_024,T01,direction,tweets_choice,choice,bearish,3,hard,jargon_only,short,bearish,1.0,1.0,1.0,bearish,0.99,0.99,0.99,bearish,,,,,True,True,True,True,True,True
T01_024,T01,expects_rise,tweets_noul,noul,False,2,hard,jargon_only,short,False,0.94,0.97,0.97,False,1.0,1.0,1.0,False,,,0.03,0.0,True,True,True,True,True,True
T01_025,T01,sentiment,tweets_score,score,3,5,hard,jargon_only,short,3,0.89,0.9,0.9,3,0.81,0.84,0.84,3,3.0,2.95,,,True,True,True,True,True,True
T01_025,T01,direction,tweets_choice,choice,bullish,3,hard,jargon_only,short,bullish,0.98,0.99,0.99,bullish,1.0,1.0,1.0,bullish,,,,,True,True,True,True,True,True
T01_025,T01,expects_rise,tweets_noul,noul,True,2,hard,jargon_only,short,True,0.5800000000000001,0.79,0.79,True,0.43999999999999995,0.72,0.72,True,,,0.79,0.72,True,True,True,True,True,True
T01_027,T01,sentiment,tweets_score,score,3,5,hard,jargon_only,medium,3,0.98,0.99,0.99,3,0.88,0.86,0.86,3,3.01,3.14,,,True,True,True,True,True,True
T01_027,T01,direction,tweets_choice,choice,bullish,3,hard,jargon_only,medium,bullish,0.99,1.0,1.0,bullish,1.0,1.0,1.0,bullish,,,,,True,True,True,True,True,True
T01_027,T01,expects_rise,tweets_noul,noul,True,2,hard,jargon_only,medium,True,0.43999999999999995,0.72,0.72,True,1.0,1.0,1.0,True,,,0.72,1.0,True,True,True,True,True,True
T01_028,T01,sentiment,tweets_score,score,0,5,medium,-,short,0,1.0,1.0,1.0,0,1.0,1.0,1.0,0,0.0,0.0,,,True,True,True,True,True,True
T01_028,T01,direction,tweets_choice,choice,bearish,3,medium,-,short,bearish,1.0,1.0,1.0,bearish,1.0,1.0,1.0,bearish,,,,,True,True,True,True,True,True
T01_028,T01,expects_rise,tweets_noul,noul,False,2,medium,-,short,False,0.96,0.98,0.98,False,1.0,1.0,1.0,False,,,0.02,0.0,True,True,True,True,True,True
T01_029,T01,sentiment,tweets_score,score,4,5,hard,jargon_only,short,4,1.0,1.0,1.0,4,0.96,0.98,0.98,4,3.99,3.95,,,True,True,True,True,True,True
T01_029,T01,direction,tweets_choice,choice,bullish,3,hard,jargon_only,short,bullish,0.99,1.0,1.0,bullish,1.0,1.0,1.0,bullish,,,,,True,True,True,True,True,True
T01_029,T01,expects_rise,tweets_noul,noul,True,2,hard,jargon_only,short,True,0.8600000000000001,0.93,0.93,True,1.0,1.0,1.0,True,,,0.93,1.0,True,True,True,True,True,True
T01_030,T01,sentiment,tweets_score,score,3,5,medium,-,short,3,1.0,1.0,1.0,3,0.82,0.85,0.85,3,3.0,2.8,,,True,True,True,True,True,True
T01_030,T01,direction,tweets_choice,choice,bullish,3,medium,-,short,bullish,1.0,1.0,1.0,bullish,1.0,1.0,1.0,bullish,,,,,True,True,True,True,True,True
T01_030,T01,expects_rise,tweets_noul,noul,True,2,medium,-,short,True,0.6200000000000001,0.81,0.81,True,0.5800000000000001,0.79,0.79,True,,,0.81,0.79,True,True,True,True,True,True
T01_031,T01,sentiment,tweets_score,score,0,5,medium,-,short,0,1.0,1.0,1.0,0,1.0,1.0,1.0,0,0.0,0.0,,,True,True,True,True,True,True
T01_031,T01,direction,tweets_choice,choice,bearish,3,medium,-,short,bearish,1.0,1.0,1.0,bearish,1.0,1.0,1.0,bearish,,,,,True,True,True,True,True,True
T01_031,T01,expects_rise,tweets_noul,noul,False,2,medium,-,short,False,0.94,0.97,0.97,False,1.0,1.0,1.0,False,,,0.03,0.0,True,True,True,True,True,True
T01_032,T01,sentiment,tweets_score,score,1,5,hard,sarcasm,short,1,0.76,0.78,0.78,1,0.6,0.57,0.57,0,1.04,0.72,,,True,True,True,True,False,True
T01_032,T01,direction,tweets_choice,choice,bearish,3,hard,sarcasm,short,bearish,0.94,0.96,0.96,bearish,1.0,1.0,1.0,bearish,,,,,True,True,True,True,True,True
T01_032,T01,expects_rise,tweets_noul,noul,False,2,hard,sarcasm,short,False,0.52,0.76,0.76,False,1.0,1.0,1.0,False,,,0.24,0.0,True,True,True,True,True,True
T01_033,T01,sentiment,tweets_score,score,1,5,hard,jargon_only,short,1,0.98,0.97,0.97,1,0.83,0.8,0.8,1,0.99,1.1,,,True,True,True,True,True,True
T01_033,T01,direction,tweets_choice,choice,bearish,3,hard,jargon_only,short,bearish,0.99,0.99,0.99,bearish,1.0,1.0,1.0,bearish,,,,,True,True,True,True,True,True
T01_033,T01,expects_rise,tweets_noul,noul,False,2,hard,jargon_only,short,False,0.76,0.88,0.88,False,0.96,0.98,0.98,False,,,0.12,0.02,True,True,True,True,True,True
T01_034,T01,sentiment,tweets_score,score,1,5,easy,-,short,1,0.99,0.99,0.99,1,0.98,0.98,0.98,1,0.99,0.98,,,True,True,True,True,True,True
T01_034,T01,direction,tweets_choice,choice,bearish,3,easy,-,short,bearish,1.0,1.0,1.0,bearish,1.0,1.0,1.0,bearish,,,,,True,True,True,True,True,True
T01_034,T01,expects_rise,tweets_noul,noul,False,2,easy,-,short,False,0.88,0.94,0.94,False,1.0,1.0,1.0,False,,,0.06,0.0,True,True,True,True,True,True
T01_035,T01,sentiment,tweets_score,score,0,5,hard,jargon_only,short,0,1.0,1.0,1.0,0,0.99,0.99,0.99,0,0.0,0.01,,,True,True,True,True,True,True
T01_035,T01,direction,tweets_choice,choice,bearish,3,hard,jargon_only,short,bearish,1.0,1.0,1.0,bearish,1.0,1.0,1.0,bearish,,,,,True,True,True,True,True,True
T01_035,T01,expects_rise,tweets_noul,noul,False,2,hard,jargon_only,short,False,0.96,0.98,0.98,False,1.0,1.0,1.0,False,,,0.02,0.0,True,True,True,True,True,True
T01_036,T01,sentiment,tweets_score,score,2,5,medium,-,medium,2,0.99,0.99,0.99,2,1.0,1.0,1.0,2,2.01,2.0,,,True,True,True,True,True,True
T01_036,T01,direction,tweets_choice,choice,neutral,3,medium,-,medium,neutral,1.0,1.0,1.0,neutral,1.0,1.0,1.0,neutral,,,,,True,True,True,True,True,True
T01_036,T01,expects_rise,tweets_noul,noul,False,2,medium,-,medium,False,0.62,0.81,0.81,False,0.64,0.8200000000000001,0.8200000000000001,False,,,0.19,0.18,True,True,True,True,True,True
T01_037,T01,sentiment,tweets_score,score,4,5,hard,mixed_signals,short,4,0.98,0.98,0.98,4,0.82,0.78,0.78,4,3.98,3.78,,,True,True,True,True,True,True
T01_037,T01,direction,tweets_choice,choice,bullish,3,hard,mixed_signals,short,bullish,1.0,1.0,1.0,bullish,1.0,1.0,1.0,bullish,,,,,True,True,True,True,True,True
T01_037,T01,expects_rise,tweets_noul,noul,True,2,hard,mixed_signals,short,True,0.8400000000000001,0.92,0.92,True,0.96,0.98,0.98,True,,,0.92,0.98,True,True,True,True,True,True
T01_039,T01,sentiment,tweets_score,score,4,5,medium,-,medium,4,1.0,1.0,1.0,4,0.99,0.99,0.99,4,4.0,3.99,,,True,True,True,True,True,True
T01_039,T01,direction,tweets_choice,choice,bullish,3,medium,-,medium,bullish,1.0,1.0,1.0,bullish,1.0,1.0,1.0,bullish,,,,,True,True,True,True,True,True
T01_039,T01,expects_rise,tweets_noul,noul,True,2,medium,-,medium,True,0.8999999999999999,0.95,0.95,True,0.94,0.97,0.97,True,,,0.95,0.97,True,True,True,True,True,True
T01_040,T01,sentiment,tweets_score,score,4,5,easy,-,short,4,1.0,1.0,1.0,4,0.88,0.91,0.91,4,4.0,3.85,,,True,True,True,True,True,True
T01_040,T01,direction,tweets_choice,choice,bullish,3,easy,-,short,bullish,1.0,1.0,1.0,bullish,1.0,1.0,1.0,bullish,,,,,True,True,True,True,True,True
T01_040,T01,expects_rise,tweets_noul,noul,True,2,easy,-,short,True,0.94,0.97,0.97,True,0.94,0.97,0.97,True,,,0.97,0.97,True,True,True,True,True,True
T01_041,T01,sentiment,tweets_score,score,1,5,hard,sarcasm,short,1,0.86,0.85,0.85,1,0.68,0.64,0.64,1,0.9,0.75,,,True,True,True,True,True,True
T01_041,T01,direction,tweets_choice,choice,bearish,3,hard,sarcasm,short,bearish,0.96,0.97,0.97,bearish,0.94,0.96,0.96,bearish,,,,,True,True,True,True,True,True
T01_041,T01,expects_rise,tweets_noul,noul,False,2,hard,sarcasm,short,False,0.8,0.9,0.9,False,0.86,0.9299999999999999,0.9299999999999999,False,,,0.1,0.07,True,True,True,True,True,True
T01_042,T01,sentiment,tweets_score,score,0,5,medium,-,medium,0,0.99,0.99,0.99,0,0.99,0.99,0.99,0,0.01,0.01,,,True,True,True,True,True,True
T01_042,T01,direction,tweets_choice,choice,bearish,3,medium,-,medium,bearish,1.0,1.0,1.0,bearish,0.97,0.98,0.98,bearish,,,,,True,True,True,True,True,True
T01_042,T01,expects_rise,tweets_noul,noul,False,2,medium,-,medium,False,0.8,0.9,0.9,False,1.0,1.0,1.0,False,,,0.1,0.0,True,True,True,True,True,True
T01_043,T01,sentiment,tweets_score,score,2,5,easy,-,short,2,0.67,0.6,0.6,2,1.0,1.0,1.0,2,1.62,2.0,,,True,True,True,True,True,True
T01_043,T01,direction,tweets_choice,choice,neutral,3,easy,-,short,neutral,0.67,0.78,0.78,neutral,0.99,0.99,0.99,neutral,,,,,True,True,True,True,True,True
T01_043,T01,expects_rise,tweets_noul,noul,False,2,easy,-,short,False,0.6,0.8,0.8,False,0.6799999999999999,0.84,0.84,False,,,0.2,0.16,True,True,True,True,True,True
T01_044,T01,sentiment,tweets_score,score,4,5,medium,-,short,4,1.0,1.0,1.0,4,1.0,1.0,1.0,4,4.0,4.0,,,True,True,True,True,True,True
T01_044,T01,direction,tweets_choice,choice,bullish,3,medium,-,short,bullish,1.0,1.0,1.0,bullish,1.0,1.0,1.0,bullish,,,,,True,True,True,True,True,True
T01_044,T01,expects_rise,tweets_noul,noul,True,2,medium,-,short,True,0.8799999999999999,0.94,0.94,True,0.9199999999999999,0.96,0.96,True,,,0.94,0.96,True,True,True,True,True,True
T01_046,T01,sentiment,tweets_score,score,4,5,medium,-,medium,4,1.0,1.0,1.0,4,1.0,1.0,1.0,4,4.0,4.0,,,True,True,True,True,True,True
T01_046,T01,direction,tweets_choice,choice,bullish,3,medium,-,medium,bullish,1.0,1.0,1.0,bullish,1.0,1.0,1.0,bullish,,,,,True,True,True,True,True,True
T01_046,T01,expects_rise,tweets_noul,noul,True,2,medium,-,medium,True,0.8799999999999999,0.94,0.94,True,0.98,0.99,0.99,True,,,0.94,0.99,True,True,True,True,True,True
T01_047,T01,sentiment,tweets_score,score,1,5,medium,-,medium,1,0.95,0.95,0.95,1,0.91,0.89,0.89,1,1.05,1.11,,,True,True,True,True,True,True
T01_047,T01,direction,tweets_choice,choice,bearish,3,medium,-,medium,bearish,0.78,0.86,0.86,bearish,0.77,0.85,0.85,bearish,,,,,True,True,True,True,True,True
T01_047,T01,expects_rise,tweets_noul,noul,False,2,medium,-,medium,False,0.54,0.77,0.77,False,0.76,0.88,0.88,False,,,0.23,0.12,True,True,True,True,True,True
T01_048,T01,sentiment,tweets_score,score,3,5,easy,-,short,3,0.58,0.5,0.5,3,0.88,0.85,0.85,3,3.5,3.15,,,True,True,True,True,True,True
T01_048,T01,direction,tweets_choice,choice,bullish,3,easy,-,short,bullish,1.0,1.0,1.0,bullish,1.0,1.0,1.0,bullish,,,,,True,True,True,True,True,True
T01_048,T01,expects_rise,tweets_noul,noul,True,2,easy,-,short,True,0.8600000000000001,0.93,0.93,True,0.8999999999999999,0.95,0.95,True,,,0.93,0.95,True,True,True,True,True,True
T01_051,T01,sentiment,tweets_score,score,2,5,hard,jargon_only,short,2,1.0,1.0,1.0,2,0.98,0.98,0.98,2,2.0,1.97,,,True,True,True,True,True,True
T01_051,T01,direction,tweets_choice,choice,neutral,3,hard,jargon_only,short,neutral,1.0,1.0,1.0,neutral,1.0,1.0,1.0,neutral,,,,,True,True,True,True,True,True
T01_051,T01,expects_rise,tweets_noul,noul,False,2,hard,jargon_only,short,False,0.7,0.85,0.85,False,0.7,0.85,0.85,False,,,0.15,0.15,True,True,True,True,True,True
T01_052,T01,sentiment,tweets_score,score,0,5,easy,-,medium,0,1.0,1.0,1.0,0,0.93,0.97,0.97,0,0.0,0.09,,,True,True,True,True,True,True
T01_052,T01,direction,tweets_choice,choice,bearish,3,easy,-,medium,bearish,1.0,1.0,1.0,bearish,0.99,0.99,0.99,bearish,,,,,True,True,True,True,True,True
T01_052,T01,expects_rise,tweets_noul,noul,False,2,easy,-,medium,False,0.96,0.98,0.98,False,1.0,1.0,1.0,False,,,0.02,0.0,True,True,True,True,True,True
T01_053,T01,sentiment,tweets_score,score,3,5,hard,sarcasm,medium,3,0.79,0.75,0.75,3,0.85,0.83,0.83,3,3.24,3.12,,,True,True,True,True,True,True
T01_053,T01,direction,tweets_choice,choice,bullish,3,hard,sarcasm,medium,bullish,1.0,1.0,1.0,bullish,1.0,1.0,1.0,bullish,,,,,True,True,True,True,True,True
T01_053,T01,expects_rise,tweets_noul,noul,True,2,hard,sarcasm,medium,True,0.76,0.88,0.88,True,0.8999999999999999,0.95,0.95,True,,,0.88,0.95,True,True,True,True,True,True
T01_054,T01,sentiment,tweets_score,score,4,5,hard,mixed_signals,short,0,0.0,0.61,0.34,4,0.23,0.51,0.51,4,1.43,3.08,,,False,False,True,True,True,True
T01_054,T01,direction,tweets_choice,choice,bullish,3,hard,mixed_signals,short,bearish,0.34,0.56,0.44,bullish,1.0,1.0,1.0,bullish,,,,,False,False,True,True,True,True
T01_054,T01,expects_rise,tweets_noul,noul,True,2,hard,mixed_signals,short,False,0.30000000000000004,0.65,0.35,True,0.98,0.99,0.99,True,,,0.35,0.99,False,False,True,True,True,True
T01_055,T01,sentiment,tweets_score,score,1,5,easy,-,short,1,0.73,0.68,0.68,0,0.74,0.69,0.31,0,0.68,0.31,,,True,True,False,True,False,True
T01_055,T01,direction,tweets_choice,choice,bearish,3,easy,-,short,bearish,1.0,1.0,1.0,bearish,1.0,1.0,1.0,bearish,,,,,True,True,True,True,True,True
T01_055,T01,expects_rise,tweets_noul,noul,False,2,easy,-,short,False,0.9,0.95,0.95,False,1.0,1.0,1.0,False,,,0.05,0.0,True,True,True,True,True,True
T01_056,T01,sentiment,tweets_score,score,3,5,medium,-,short,4,0.63,0.56,0.44,3,0.89,0.9,0.9,3,3.55,2.95,,,False,True,True,True,True,True
T01_056,T01,direction,tweets_choice,choice,bullish,3,medium,-,short,bullish,0.99,0.99,0.99,bullish,0.97,0.98,0.98,bullish,,,,,True,True,True,True,True,True
T01_056,T01,expects_rise,tweets_noul,noul,True,2,medium,-,short,True,0.52,0.76,0.76,True,0.3799999999999999,0.69,0.69,True,,,0.76,0.69,True,True,True,True,True,True
T01_057,T01,sentiment,tweets_score,score,1,5,medium,-,short,1,0.96,0.95,0.95,1,0.98,0.97,0.97,1,0.95,0.99,,,True,True,True,True,True,True
T01_057,T01,direction,tweets_choice,choice,bearish,3,medium,-,short,bearish,1.0,1.0,1.0,bearish,1.0,1.0,1.0,bearish,,,,,True,True,True,True,True,True
T01_057,T01,expects_rise,tweets_noul,noul,False,2,medium,-,short,False,0.9,0.95,0.95,False,1.0,1.0,1.0,False,,,0.05,0.0,True,True,True,True,True,True
T01_058,T01,sentiment,tweets_score,score,0,5,medium,-,short,0,0.95,0.94,0.94,0,0.96,0.95,0.95,0,0.06,0.05,,,True,True,True,True,True,True
T01_058,T01,direction,tweets_choice,choice,bearish,3,medium,-,short,bearish,1.0,1.0,1.0,bearish,1.0,1.0,1.0,bearish,,,,,True,True,True,True,True,True
T01_058,T01,expects_rise,tweets_noul,noul,False,2,medium,-,short,False,0.92,0.96,0.96,False,1.0,1.0,1.0,False,,,0.04,0.0,True,True,True,True,True,True
T01_059,T01,sentiment,tweets_score,score,3,5,easy,-,short,3,0.91,0.9,0.9,3,0.77,0.76,0.76,3,3.1,3.17,,,True,True,True,True,True,True
T01_059,T01,direction,tweets_choice,choice,bullish,3,easy,-,short,bullish,1.0,1.0,1.0,bullish,1.0,1.0,1.0,bullish,,,,,True,True,True,True,True,True
T01_059,T01,expects_rise,tweets_noul,noul,True,2,easy,-,short,True,0.8400000000000001,0.92,0.92,True,0.96,0.98,0.98,True,,,0.92,0.98,True,True,True,True,True,True
T01_061,T01,sentiment,tweets_score,score,1,5,medium,-,short,1,0.96,0.95,0.95,1,0.8,0.77,0.77,1,1.05,1.12,,,True,True,True,True,True,True
T01_061,T01,direction,tweets_choice,choice,bearish,3,medium,-,short,bearish,0.71,0.8,0.8,bearish,0.79,0.86,0.86,bearish,,,,,True,True,True,True,True,True
T01_061,T01,expects_rise,tweets_noul,noul,False,2,medium,-,short,False,0.8200000000000001,0.91,0.91,False,0.94,0.97,0.97,False,,,0.09,0.03,True,True,True,True,True,True
T01_062,T01,sentiment,tweets_score,score,3,5,hard,mixed_signals,medium,3,0.99,0.99,0.99,3,0.99,0.99,0.99,3,3.01,3.01,,,True,True,True,True,True,True
T01_062,T01,direction,tweets_choice,choice,bullish,3,hard,mixed_signals,medium,bullish,0.99,0.99,0.99,bullish,0.88,0.92,0.92,bullish,,,,,True,True,True,True,True,True
T01_062,T01,expects_rise,tweets_noul,noul,True,2,hard,mixed_signals,medium,True,0.72,0.86,0.86,True,0.6799999999999999,0.84,0.84,True,,,0.86,0.84,True,True,True,True,True,True
T01_063,T01,sentiment,tweets_score,score,3,5,medium,-,medium,3,0.97,0.96,0.96,3,0.84,0.84,0.84,3,3.03,3.07,,,True,True,True,True,True,True
T01_063,T01,direction,tweets_choice,choice,bullish,3,medium,-,medium,bullish,1.0,1.0,1.0,bullish,1.0,1.0,1.0,bullish,,,,,True,True,True,True,True,True
T01_063,T01,expects_rise,tweets_noul,noul,True,2,medium,-,medium,True,0.74,0.87,0.87,True,0.78,0.89,0.89,True,,,0.87,0.89,True,True,True,True,True,True
T01_064,T01,sentiment,tweets_score,score,0,5,medium,-,short,0,0.99,0.99,0.99,0,0.98,0.97,0.97,0,0.01,0.03,,,True,True,True,True,True,True
T01_064,T01,direction,tweets_choice,choice,bearish,3,medium,-,short,bearish,1.0,1.0,1.0,bearish,1.0,1.0,1.0,bearish,,,,,True,True,True,True,True,True
T01_064,T01,expects_rise,tweets_noul,noul,False,2,medium,-,short,False,0.92,0.96,0.96,False,1.0,1.0,1.0,False,,,0.04,0.0,True,True,True,True,True,True
T01_065,T01,sentiment,tweets_score,score,1,5,medium,-,short,1,0.94,0.95,0.95,1,0.68,0.62,0.62,1,1.07,1.05,,,True,True,True,True,True,True
T01_065,T01,direction,tweets_choice,choice,bearish,3,medium,-,short,bearish,0.75,0.83,0.83,bearish,0.93,0.95,0.95,bearish,,,,,True,True,True,True,True,True
T01_065,T01,expects_rise,tweets_noul,noul,False,2,medium,-,short,False,0.7,0.85,0.85,False,1.0,1.0,1.0,False,,,0.15,0.0,True,True,True,True,True,True
T01_066,T01,sentiment,tweets_score,score,2,5,medium,-,short,2,0.99,0.99,0.99,2,0.75,0.75,0.75,2,2.01,1.78,,,True,True,True,True,True,True
T01_066,T01,direction,tweets_choice,choice,neutral,3,medium,-,short,neutral,1.0,1.0,1.0,neutral,0.76,0.84,0.84,neutral,,,,,True,True,True,True,True,True
T01_066,T01,expects_rise,tweets_noul,noul,False,2,medium,-,short,False,0.88,0.94,0.94,False,1.0,1.0,1.0,False,,,0.06,0.0,True,True,True,True,True,True
T01_067,T01,sentiment,tweets_score,score,1,5,easy,-,short,1,0.89,0.87,0.87,0,0.8,0.76,0.24,0,0.87,0.24,,,True,True,False,True,False,True
T01_067,T01,direction,tweets_choice,choice,bearish,3,easy,-,short,bearish,1.0,1.0,1.0,bearish,1.0,1.0,1.0,bearish,,,,,True,True,True,True,True,True
T01_067,T01,expects_rise,tweets_noul,noul,False,2,easy,-,short,False,0.86,0.9299999999999999,0.9299999999999999,False,1.0,1.0,1.0,False,,,0.07,0.0,True,True,True,True,True,True
T01_068,T01,sentiment,tweets_score,score,0,5,medium,-,short,0,0.99,0.99,0.99,0,1.0,1.0,1.0,0,0.01,0.0,,,True,True,True,True,True,True
T01_068,T01,direction,tweets_choice,choice,bearish,3,medium,-,short,bearish,1.0,1.0,1.0,bearish,1.0,1.0,1.0,bearish,,,,,True,True,True,True,True,True
T01_068,T01,expects_rise,tweets_noul,noul,False,2,medium,-,short,False,0.92,0.96,0.96,False,1.0,1.0,1.0,False,,,0.04,0.0,True,True,True,True,True,True
T01_069,T01,sentiment,tweets_score,score,4,5,easy,-,short,4,0.98,0.99,0.99,4,0.99,0.99,0.99,4,3.98,3.99,,,True,True,True,True,True,True
T01_069,T01,direction,tweets_choice,choice,bullish,3,easy,-,short,bullish,1.0,1.0,1.0,bullish,1.0,1.0,1.0,bullish,,,,,True,True,True,True,True,True
T01_069,T01,expects_rise,tweets_noul,noul,True,2,easy,-,short,True,0.6000000000000001,0.8,0.8,True,0.94,0.97,0.97,True,,,0.8,0.97,True,True,True,True,True,True
T01_070,T01,sentiment,tweets_score,score,4,5,medium,-,short,4,1.0,1.0,1.0,4,0.98,0.98,0.98,4,4.0,3.98,,,True,True,True,True,True,True
T01_070,T01,direction,tweets_choice,choice,bullish,3,medium,-,short,bullish,1.0,1.0,1.0,bullish,1.0,1.0,1.0,bullish,,,,,True,True,True,True,True,True
T01_070,T01,expects_rise,tweets_noul,noul,True,2,medium,-,short,True,0.8,0.9,0.9,True,0.8999999999999999,0.95,0.95,True,,,0.9,0.95,True,True,True,True,True,True
T01_071,T01,sentiment,tweets_score,score,2,5,easy,-,short,2,1.0,1.0,1.0,2,0.97,0.97,0.97,2,2.0,1.96,,,True,True,True,True,True,True
T01_071,T01,direction,tweets_choice,choice,neutral,3,easy,-,short,neutral,1.0,1.0,1.0,neutral,1.0,1.0,1.0,neutral,,,,,True,True,True,True,True,True
T01_071,T01,expects_rise,tweets_noul,noul,False,2,easy,-,short,False,0.84,0.92,0.92,False,0.96,0.98,0.98,False,,,0.08,0.02,True,True,True,True,True,True
T01_072,T01,sentiment,tweets_score,score,1,5,hard,jargon_only,short,0,0.86,0.86,0.13,0,0.72,0.75,0.21,0,0.17,0.34,,,False,True,False,True,False,True
T01_072,T01,direction,tweets_choice,choice,bearish,3,hard,jargon_only,short,bearish,1.0,1.0,1.0,bearish,1.0,1.0,1.0,bearish,,,,,True,True,True,True,True,True
T01_072,T01,expects_rise,tweets_noul,noul,False,2,hard,jargon_only,short,False,0.76,0.88,0.88,False,1.0,1.0,1.0,False,,,0.12,0.0,True,True,True,True,True,True
T01_073,T01,sentiment,tweets_score,score,0,5,medium,-,short,0,1.0,1.0,1.0,0,0.95,0.97,0.97,0,0.0,0.06,,,True,True,True,True,True,True
T01_073,T01,direction,tweets_choice,choice,bearish,3,medium,-,short,bearish,1.0,1.0,1.0,bearish,1.0,1.0,1.0,bearish,,,,,True,True,True,True,True,True
T01_073,T01,expects_rise,tweets_noul,noul,False,2,medium,-,short,False,0.94,0.97,0.97,False,1.0,1.0,1.0,False,,,0.03,0.0,True,True,True,True,True,True
T01_074,T01,sentiment,tweets_score,score,1,5,medium,-,short,1,0.99,0.99,0.99,1,0.9,0.88,0.88,1,1.01,1.04,,,True,True,True,True,True,True
T01_074,T01,direction,tweets_choice,choice,bearish,3,medium,-,short,bearish,0.87,0.91,0.91,bearish,0.88,0.92,0.92,bearish,,,,,True,True,True,True,True,True
T01_074,T01,expects_rise,tweets_noul,noul,False,2,medium,-,short,False,0.86,0.9299999999999999,0.9299999999999999,False,1.0,1.0,1.0,False,,,0.07,0.0,True,True,True,True,True,True
T01_075,T01,sentiment,tweets_score,score,2,5,hard,jargon_only,short,2,0.98,0.98,0.98,2,0.88,0.88,0.88,2,2.0,1.95,,,True,True,True,True,True,True
T01_075,T01,direction,tweets_choice,choice,neutral,3,hard,jargon_only,short,neutral,0.99,0.99,0.99,neutral,0.99,0.99,0.99,neutral,,,,,True,True,True,True,True,True
T01_075,T01,expects_rise,tweets_noul,noul,False,2,hard,jargon_only,short,False,0.8,0.9,0.9,False,0.92,0.96,0.96,False,,,0.1,0.04,True,True,True,True,True,True
T01_076,T01,sentiment,tweets_score,score,1,5,medium,-,short,0,0.82,0.78,0.22,0,0.52,0.51,0.45,0,0.22,0.58,,,False,True,False,True,False,True
T01_076,T01,direction,tweets_choice,choice,bearish,3,medium,-,short,bearish,1.0,1.0,1.0,bearish,1.0,1.0,1.0,bearish,,,,,True,True,True,True,True,True
T01_076,T01,expects_rise,tweets_noul,noul,False,2,medium,-,short,False,0.9,0.95,0.95,False,1.0,1.0,1.0,False,,,0.05,0.0,True,True,True,True,True,True
T01_077,T01,sentiment,tweets_score,score,3,5,hard,jargon_only,short,3,0.75,0.7,0.7,3,0.6,0.55,0.55,3,3.3,3.36,,,True,True,True,True,True,True
T01_077,T01,direction,tweets_choice,choice,bullish,3,hard,jargon_only,short,bullish,0.99,1.0,1.0,bullish,1.0,1.0,1.0,bullish,,,,,True,True,True,True,True,True
T01_077,T01,expects_rise,tweets_noul,noul,True,2,hard,jargon_only,short,True,0.6000000000000001,0.8,0.8,True,0.6799999999999999,0.84,0.84,True,,,0.8,0.84,True,True,True,True,True,True
T01_078,T01,sentiment,tweets_score,score,3,5,easy,-,short,3,0.87,0.84,0.84,3,0.76,0.74,0.74,3,3.14,2.81,,,True,True,True,True,True,True
T01_078,T01,direction,tweets_choice,choice,bullish,3,easy,-,short,bullish,1.0,1.0,1.0,bullish,1.0,1.0,1.0,bullish,,,,,True,True,True,True,True,True
T01_078,T01,expects_rise,tweets_noul,noul,True,2,easy,-,short,True,0.3400000000000001,0.67,0.67,True,0.43999999999999995,0.72,0.72,True,,,0.67,0.72,True,True,True,True,True,True
T01_079,T01,sentiment,tweets_score,score,0,5,medium,-,medium,0,1.0,1.0,1.0,0,1.0,1.0,1.0,0,0.0,0.0,,,True,True,True,True,True,True
T01_079,T01,direction,tweets_choice,choice,bearish,3,medium,-,medium,bearish,1.0,1.0,1.0,bearish,1.0,1.0,1.0,bearish,,,,,True,True,True,True,True,True
T01_079,T01,expects_rise,tweets_noul,noul,False,2,medium,-,medium,False,0.94,0.97,0.97,False,1.0,1.0,1.0,False,,,0.03,0.0,True,True,True,True,True,True
T01_080,T01,sentiment,tweets_score,score,0,5,medium,-,medium,0,0.99,0.99,0.99,0,0.99,0.99,0.99,0,0.01,0.01,,,True,True,True,True,True,True
T01_080,T01,direction,tweets_choice,choice,bearish,3,medium,-,medium,bearish,1.0,1.0,1.0,bearish,0.99,0.99,0.99,bearish,,,,,True,True,True,True,True,True
T01_080,T01,expects_rise,tweets_noul,noul,False,2,medium,-,medium,False,0.94,0.97,0.97,False,1.0,1.0,1.0,False,,,0.03,0.0,True,True,True,True,True,True
T01_081,T01,sentiment,tweets_score,score,3,5,easy,-,short,3,0.76,0.71,0.71,3,0.64,0.57,0.57,3,3.29,3.43,,,True,True,True,True,True,True
T01_081,T01,direction,tweets_choice,choice,bullish,3,easy,-,short,bullish,1.0,1.0,1.0,bullish,1.0,1.0,1.0,bullish,,,,,True,True,True,True,True,True
T01_081,T01,expects_rise,tweets_noul,noul,True,2,easy,-,short,True,0.6399999999999999,0.82,0.82,True,0.8400000000000001,0.92,0.92,True,,,0.82,0.92,True,True,True,True,True,True
T01_082,T01,sentiment,tweets_score,score,2,5,easy,-,short,2,0.91,0.89,0.89,2,0.64,0.6,0.6,2,2.11,2.33,,,True,True,True,True,True,True
T01_082,T01,direction,tweets_choice,choice,neutral,3,easy,-,short,neutral,0.98,0.99,0.99,neutral,0.7,0.8,0.8,neutral,,,,,True,True,True,True,True,True
T01_082,T01,expects_rise,tweets_noul,noul,False,2,easy,-,short,False,0.78,0.89,0.89,False,0.9,0.95,0.95,False,,,0.11,0.05,True,True,True,True,True,True
T01_083,T01,sentiment,tweets_score,score,3,5,medium,-,short,4,0.87,0.84,0.16,4,0.68,0.67,0.31,3,3.84,3.62,,,False,True,False,True,True,True
T01_083,T01,direction,tweets_choice,choice,bullish,3,medium,-,short,bullish,1.0,1.0,1.0,bullish,1.0,1.0,1.0,bullish,,,,,True,True,True,True,True,True
T01_083,T01,expects_rise,tweets_noul,noul,True,2,medium,-,short,True,0.8799999999999999,0.94,0.94,True,0.98,0.99,0.99,True,,,0.94,0.99,True,True,True,True,True,True
T01_084,T01,sentiment,tweets_score,score,3,5,medium,-,short,3,0.81,0.78,0.78,3,0.83,0.8,0.8,3,3.22,3.18,,,True,True,True,True,True,True
T01_084,T01,direction,tweets_choice,choice,bullish,3,medium,-,short,bullish,1.0,1.0,1.0,bullish,1.0,1.0,1.0,bullish,,,,,True,True,True,True,True,True
T01_084,T01,expects_rise,tweets_noul,noul,True,2,medium,-,short,True,0.52,0.76,0.76,True,0.78,0.89,0.89,True,,,0.76,0.89,True,True,True,True,True,True
T01_085,T01,sentiment,tweets_score,score,3,5,medium,-,short,3,0.98,0.98,0.98,3,0.8,0.77,0.77,3,3.02,3.18,,,True,True,True,True,True,True
T01_085,T01,direction,tweets_choice,choice,bullish,3,medium,-,short,bullish,1.0,1.0,1.0,bullish,1.0,1.0,1.0,bullish,,,,,True,True,True,True,True,True
T01_085,T01,expects_rise,tweets_noul,noul,True,2,medium,-,short,True,0.8,0.9,0.9,True,0.94,0.97,0.97,True,,,0.9,0.97,True,True,True,True,True,True
T01_086,T01,sentiment,tweets_score,score,2,5,medium,-,short,2,0.99,0.99,0.99,2,0.98,0.98,0.98,2,1.99,1.98,,,True,True,True,True,True,True
T01_086,T01,direction,tweets_choice,choice,neutral,3,medium,-,short,neutral,1.0,1.0,1.0,neutral,0.99,0.99,0.99,neutral,,,,,True,True,True,True,True,True
T01_086,T01,expects_rise,tweets_noul,noul,False,2,medium,-,short,False,0.84,0.92,0.92,False,0.98,0.99,0.99,False,,,0.08,0.01,True,True,True,True,True,True
T01_087,T01,sentiment,tweets_score,score,4,5,easy,-,short,4,0.99,1.0,1.0,4,0.94,0.97,0.97,4,3.99,3.93,,,True,True,True,True,True,True
T01_087,T01,direction,tweets_choice,choice,bullish,3,easy,-,short,bullish,1.0,1.0,1.0,bullish,0.99,0.99,0.99,bullish,,,,,True,True,True,True,True,True
T01_087,T01,expects_rise,tweets_noul,noul,True,2,easy,-,short,True,0.74,0.87,0.87,True,0.98,0.99,0.99,True,,,0.87,0.99,True,True,True,True,True,True
T01_088,T01,sentiment,tweets_score,score,0,5,hard,sarcasm,short,0,0.69,0.86,0.86,0,0.96,0.95,0.95,0,0.37,0.05,,,True,True,True,True,True,True
T01_088,T01,direction,tweets_choice,choice,bearish,3,hard,sarcasm,short,bearish,0.91,0.94,0.94,bearish,1.0,1.0,1.0,bearish,,,,,True,True,True,True,True,True
T01_088,T01,expects_rise,tweets_noul,noul,False,2,hard,sarcasm,short,False,0.88,0.94,0.94,False,1.0,1.0,1.0,False,,,0.06,0.0,True,True,True,True,True,True
T01_089,T01,sentiment,tweets_score,score,0,5,easy,-,short,0,1.0,1.0,1.0,0,1.0,1.0,1.0,0,0.0,0.0,,,True,True,True,True,True,True
T01_089,T01,direction,tweets_choice,choice,bearish,3,easy,-,short,bearish,1.0,1.0,1.0,bearish,1.0,1.0,1.0,bearish,,,,,True,True,True,True,True,True
T01_089,T01,expects_rise,tweets_noul,noul,False,2,easy,-,short,False,0.96,0.98,0.98,False,1.0,1.0,1.0,False,,,0.02,0.0,True,True,True,True,True,True
T01_090,T01,sentiment,tweets_score,score,1,5,easy,-,medium,1,1.0,1.0,1.0,1,0.99,0.99,0.99,1,1.0,1.01,,,True,True,True,True,True,True
T01_090,T01,direction,tweets_choice,choice,bearish,3,easy,-,medium,bearish,0.86,0.91,0.91,bearish,0.99,0.99,0.99,bearish,,,,,True,True,True,True,True,True
T01_090,T01,expects_rise,tweets_noul,noul,False,2,easy,-,medium,False,0.88,0.94,0.94,False,1.0,1.0,1.0,False,,,0.06,0.0,True,True,True,True,True,True
T01_091,T01,sentiment,tweets_score,score,0,5,medium,-,short,0,0.59,0.52,0.52,0,0.89,0.87,0.87,0,0.49,0.13,,,True,True,True,True,True,True
T01_091,T01,direction,tweets_choice,choice,bearish,3,medium,-,short,bearish,1.0,1.0,1.0,bearish,1.0,1.0,1.0,bearish,,,,,True,True,True,True,True,True
T01_091,T01,expects_rise,tweets_noul,noul,False,2,medium,-,short,False,0.9,0.95,0.95,False,1.0,1.0,1.0,False,,,0.05,0.0,True,True,True,True,True,True
T01_092,T01,sentiment,tweets_score,score,2,5,medium,-,short,2,1.0,1.0,1.0,2,0.96,0.96,0.96,2,2.0,1.95,,,True,True,True,True,True,True
T01_092,T01,direction,tweets_choice,choice,neutral,3,medium,-,short,neutral,1.0,1.0,1.0,neutral,0.97,0.98,0.98,neutral,,,,,True,True,True,True,True,True
T01_092,T01,expects_rise,tweets_noul,noul,False,2,medium,-,short,False,0.78,0.89,0.89,False,1.0,1.0,1.0,False,,,0.11,0.0,True,True,True,True,True,True
T01_093,T01,sentiment,tweets_score,score,4,5,medium,-,short,4,0.99,1.0,1.0,4,0.68,0.84,0.84,4,3.99,3.61,,,True,True,True,True,True,True
T01_093,T01,direction,tweets_choice,choice,bullish,3,medium,-,short,bullish,1.0,1.0,1.0,bullish,1.0,1.0,1.0,bullish,,,,,True,True,True,True,True,True
T01_093,T01,expects_rise,tweets_noul,noul,True,2,medium,-,short,True,0.8200000000000001,0.91,0.91,True,0.98,0.99,0.99,True,,,0.91,0.99,True,True,True,True,True,True
T01_095,T01,sentiment,tweets_score,score,4,5,easy,-,short,4,0.99,0.99,0.99,4,0.76,0.74,0.74,4,3.99,3.71,,,True,True,True,True,True,True
T01_095,T01,direction,tweets_choice,choice,bullish,3,easy,-,short,bullish,1.0,1.0,1.0,bullish,1.0,1.0,1.0,bullish,,,,,True,True,True,True,True,True
T01_095,T01,expects_rise,tweets_noul,noul,True,2,easy,-,short,True,0.8400000000000001,0.92,0.92,True,0.94,0.97,0.97,True,,,0.92,0.97,True,True,True,True,True,True
T01_096,T01,sentiment,tweets_score,score,3,5,medium,-,short,3,0.34,0.59,0.59,2,0.41,0.35,0.3,1,2.21,1.93,,,True,True,False,True,False,False
T01_096,T01,direction,tweets_choice,choice,bullish,3,medium,-,short,bullish,0.14,0.43,0.43,bullish,0.28,0.52,0.52,neutral,,,,,True,True,True,True,False,False
T01_096,T01,expects_rise,tweets_noul,noul,True,2,medium,-,short,False,0.14,0.5700000000000001,0.43,True,0.26,0.63,0.63,True,,,0.43,0.63,False,False,True,True,True,True
T01_097,T01,sentiment,tweets_score,score,3,5,easy,-,short,3,1.0,1.0,1.0,3,0.96,0.96,0.96,3,3.0,2.99,,,True,True,True,True,True,True
T01_097,T01,direction,tweets_choice,choice,bullish,3,easy,-,short,bullish,1.0,1.0,1.0,bullish,0.96,0.97,0.97,bullish,,,,,True,True,True,True,True,True
T01_097,T01,expects_rise,tweets_noul,noul,True,2,easy,-,short,True,0.5,0.75,0.75,True,0.8,0.9,0.9,True,,,0.75,0.9,True,True,True,True,True,True
T01_098,T01,sentiment,tweets_score,score,3,5,medium,-,short,3,0.97,0.97,0.97,3,0.84,0.84,0.84,3,3.03,3.07,,,True,True,True,True,True,True
T01_098,T01,direction,tweets_choice,choice,bullish,3,medium,-,short,bullish,1.0,1.0,1.0,bullish,1.0,1.0,1.0,bullish,,,,,True,True,True,True,True,True
T01_098,T01,expects_rise,tweets_noul,noul,True,2,medium,-,short,True,0.78,0.89,0.89,True,0.8999999999999999,0.95,0.95,True,,,0.89,0.95,True,True,True,True,True,True
T01_099,T01,sentiment,tweets_score,score,1,5,easy,-,short,1,0.98,0.98,0.98,1,0.98,0.98,0.98,1,0.98,0.98,,,True,True,True,True,True,True
T01_099,T01,direction,tweets_choice,choice,bearish,3,easy,-,short,bearish,1.0,1.0,1.0,bearish,1.0,1.0,1.0,bearish,,,,,True,True,True,True,True,True
T01_099,T01,expects_rise,tweets_noul,noul,False,2,easy,-,short,False,0.84,0.92,0.92,False,1.0,1.0,1.0,False,,,0.08,0.0,True,True,True,True,True,True
T01_100,T01,sentiment,tweets_score,score,1,5,hard,mixed_signals,short,1,0.97,0.97,0.97,1,0.96,0.95,0.95,2,1.03,1.05,,,True,True,True,True,False,True
T01_100,T01,direction,tweets_choice,choice,bearish,3,hard,mixed_signals,short,bearish,0.54,0.7,0.7,bearish,0.56,0.71,0.71,neutral,,,,,True,True,True,True,False,False
T01_100,T01,expects_rise,tweets_noul,noul,False,2,hard,mixed_signals,short,False,0.8200000000000001,0.91,0.91,False,0.98,0.99,0.99,False,,,0.09,0.01,True,True,True,True,True,True
T01_101,T01,sentiment,tweets_score,score,2,5,medium,-,short,2,0.98,0.98,0.98,2,0.94,0.95,0.95,2,1.98,1.93,,,True,True,True,True,True,True
T01_101,T01,direction,tweets_choice,choice,neutral,3,medium,-,short,neutral,1.0,1.0,1.0,neutral,1.0,1.0,1.0,neutral,,,,,True,True,True,True,True,True
T01_101,T01,expects_rise,tweets_noul,noul,False,2,medium,-,short,False,0.8200000000000001,0.91,0.91,False,1.0,1.0,1.0,False,,,0.09,0.0,True,True,True,True,True,True
T01_102,T01,sentiment,tweets_score,score,2,5,medium,-,short,2,0.99,0.99,0.99,2,0.98,0.98,0.98,2,1.99,2.0,,,True,True,True,True,True,True
T01_102,T01,direction,tweets_choice,choice,neutral,3,medium,-,short,neutral,1.0,1.0,1.0,neutral,0.91,0.94,0.94,neutral,,,,,True,True,True,True,True,True
T01_102,T01,expects_rise,tweets_noul,noul,False,2,medium,-,short,False,0.9,0.95,0.95,False,0.94,0.97,0.97,False,,,0.05,0.03,True,True,True,True,True,True
T01_103,T01,sentiment,tweets_score,score,4,5,easy,-,short,4,1.0,1.0,1.0,4,0.93,0.95,0.95,4,4.0,3.91,,,True,True,True,True,True,True
T01_103,T01,direction,tweets_choice,choice,bullish,3,easy,-,short,bullish,1.0,1.0,1.0,bullish,1.0,1.0,1.0,bullish,,,,,True,True,True,True,True,True
T01_103,T01,expects_rise,tweets_noul,noul,True,2,easy,-,short,True,0.94,0.97,0.97,True,1.0,1.0,1.0,True,,,0.97,1.0,True,True,True,True,True,True
T01_104,T01,sentiment,tweets_score,score,4,5,hard,jargon_only,short,4,1.0,1.0,1.0,4,0.88,0.9,0.9,4,4.0,3.86,,,True,True,True,True,True,True
T01_104,T01,direction,tweets_choice,choice,bullish,3,hard,jargon_only,short,bullish,1.0,1.0,1.0,bullish,1.0,1.0,1.0,bullish,,,,,True,True,True,True,True,True
T01_104,T01,expects_rise,tweets_noul,noul,True,2,hard,jargon_only,short,True,0.8400000000000001,0.92,0.92,True,0.96,0.98,0.98,True,,,0.92,0.98,True,True,True,True,True,True
T01_105,T01,sentiment,tweets_score,score,4,5,easy,-,short,4,1.0,1.0,1.0,4,0.96,0.98,0.98,4,4.0,3.95,,,True,True,True,True,True,True
T01_105,T01,direction,tweets_choice,choice,bullish,3,easy,-,short,bullish,1.0,1.0,1.0,bullish,1.0,1.0,1.0,bullish,,,,,True,True,True,True,True,True
T01_105,T01,expects_rise,tweets_noul,noul,True,2,easy,-,short,True,0.98,0.99,0.99,True,1.0,1.0,1.0,True,,,0.99,1.0,True,True,True,True,True,True
T01_106,T01,sentiment,tweets_score,score,0,5,hard,jargon_only,short,0,1.0,1.0,1.0,0,0.91,0.95,0.95,0,0.0,0.11,,,True,True,True,True,True,True
T01_106,T01,direction,tweets_choice,choice,bearish,3,hard,jargon_only,short,bearish,1.0,1.0,1.0,bearish,1.0,1.0,1.0,bearish,,,,,True,True,True,True,True,True
T01_106,T01,expects_rise,tweets_noul,noul,False,2,hard,jargon_only,short,False,0.96,0.98,0.98,False,1.0,1.0,1.0,False,,,0.02,0.0,True,True,True,True,True,True
T01_107,T01,sentiment,tweets_score,score,2,5,hard,sarcasm,short,2,0.93,0.93,0.93,2,0.98,0.98,0.98,2,1.97,2.0,,,True,True,True,True,True,True
T01_107,T01,direction,tweets_choice,choice,neutral,3,hard,sarcasm,short,neutral,0.99,1.0,1.0,neutral,0.94,0.96,0.96,neutral,,,,,True,True,True,True,True,True
T01_107,T01,expects_rise,tweets_noul,noul,False,2,hard,sarcasm,short,False,0.8,0.9,0.9,False,0.76,0.88,0.88,False,,,0.1,0.12,True,True,True,True,True,True
T01_108,T01,sentiment,tweets_score,score,4,5,easy,-,medium,4,0.96,0.95,0.95,4,0.99,0.99,0.99,4,3.95,3.99,,,True,True,True,True,True,True
T01_108,T01,direction,tweets_choice,choice,bullish,3,easy,-,medium,bullish,1.0,1.0,1.0,bullish,0.99,0.99,0.99,bullish,,,,,True,True,True,True,True,True
T01_108,T01,expects_rise,tweets_noul,noul,True,2,easy,-,medium,True,0.8400000000000001,0.92,0.92,True,1.0,1.0,1.0,True,,,0.92,1.0,True,True,True,True,True,True
T01_112,T01,sentiment,tweets_score,score,1,5,medium,-,short,1,0.91,0.9,0.9,1,0.77,0.73,0.73,1,0.92,0.96,,,True,True,True,True,True,True
T01_112,T01,direction,tweets_choice,choice,bearish,3,medium,-,short,bearish,0.99,0.99,0.99,bearish,0.96,0.97,0.97,bearish,,,,,True,True,True,True,True,True
T01_112,T01,expects_rise,tweets_noul,noul,False,2,medium,-,short,False,0.78,0.89,0.89,False,0.96,0.98,0.98,False,,,0.11,0.02,True,True,True,True,True,True
T01_113,T01,sentiment,tweets_score,score,3,5,hard,mixed_signals,short,3,0.94,0.9400000000000001,0.9400000000000001,3,0.84,0.84,0.84,3,3.06,3.07,,,True,True,True,True,True,True
T01_113,T01,direction,tweets_choice,choice,bullish,3,hard,mixed_signals,short,bullish,1.0,1.0,1.0,bullish,1.0,1.0,1.0,bullish,,,,,True,True,True,True,True,True
T01_113,T01,expects_rise,tweets_noul,noul,True,2,hard,mixed_signals,short,True,0.52,0.76,0.76,True,0.8799999999999999,0.94,0.94,True,,,0.76,0.94,True,True,True,True,True,True
T01_114,T01,sentiment,tweets_score,score,4,5,hard,sarcasm,short,4,0.79,0.81,0.81,4,0.57,0.6,0.6,4,3.75,3.48,,,True,True,True,True,True,True
T01_114,T01,direction,tweets_choice,choice,bullish,3,hard,sarcasm,short,bullish,0.95,0.97,0.97,bullish,1.0,1.0,1.0,bullish,,,,,True,True,True,True,True,True
T01_114,T01,expects_rise,tweets_noul,noul,True,2,hard,sarcasm,short,True,0.6799999999999999,0.84,0.84,True,0.98,0.99,0.99,True,,,0.84,0.99,True,True,True,True,True,True
T01_115,T01,sentiment,tweets_score,score,0,5,hard,sarcasm,short,0,1.0,1.0,1.0,0,0.93,0.95,0.95,0,0.0,0.08,,,True,True,True,True,True,True
T01_115,T01,direction,tweets_choice,choice,bearish,3,hard,sarcasm,short,bearish,1.0,1.0,1.0,bearish,1.0,1.0,1.0,bearish,,,,,True,True,True,True,True,True
T01_115,T01,expects_rise,tweets_noul,noul,False,2,hard,sarcasm,short,False,0.94,0.97,0.97,False,1.0,1.0,1.0,False,,,0.03,0.0,True,True,True,True,True,True
T01_116,T01,sentiment,tweets_score,score,1,5,medium,-,medium,1,0.99,0.99,0.99,1,0.77,0.74,0.74,1,1.0,0.8,,,True,True,True,True,True,True
T01_116,T01,direction,tweets_choice,choice,bearish,3,medium,-,medium,bearish,1.0,1.0,1.0,bearish,1.0,1.0,1.0,bearish,,,,,True,True,True,True,True,True
T01_116,T01,expects_rise,tweets_noul,noul,False,2,medium,-,medium,False,0.92,0.96,0.96,False,1.0,1.0,1.0,False,,,0.04,0.0,True,True,True,True,True,True
T01_117,T01,sentiment,tweets_score,score,2,5,hard,sarcasm,short,1,0.63,0.57,0.41,2,0.72,0.68,0.68,1,1.43,1.66,,,False,True,True,True,False,True
T01_117,T01,direction,tweets_choice,choice,neutral,3,hard,sarcasm,short,bearish,0.53,0.68,0.31,bearish,0.37,0.58,0.42,neutral,,,,,False,False,False,False,True,True
T01_117,T01,expects_rise,tweets_noul,noul,False,2,hard,sarcasm,short,False,0.8,0.9,0.9,False,0.96,0.98,0.98,False,,,0.1,0.02,True,True,True,True,True,True
T01_118,T01,sentiment,tweets_score,score,4,5,medium,-,short,4,0.82,0.83,0.83,4,0.55,0.66,0.66,4,3.78,3.46,,,True,True,True,True,True,True
T01_118,T01,direction,tweets_choice,choice,bullish,3,medium,-,short,bullish,0.99,0.99,0.99,bullish,0.99,0.99,0.99,bullish,,,,,True,True,True,True,True,True
T01_118,T01,expects_rise,tweets_noul,noul,True,2,medium,-,short,True,0.76,0.88,0.88,True,0.98,0.99,0.99,True,,,0.88,0.99,True,True,True,True,True,True
T01_119,T01,sentiment,tweets_score,score,4,5,hard,mixed_signals,medium,4,1.0,1.0,1.0,4,0.99,0.99,0.99,4,4.0,3.99,,,True,True,True,True,True,True
T01_119,T01,direction,tweets_choice,choice,bullish,3,hard,mixed_signals,medium,bullish,1.0,1.0,1.0,bullish,1.0,1.0,1.0,bullish,,,,,True,True,True,True,True,True
T01_119,T01,expects_rise,tweets_noul,noul,True,2,hard,mixed_signals,medium,True,0.8799999999999999,0.94,0.94,True,0.98,0.99,0.99,True,,,0.94,0.99,True,True,True,True,True,True
T01_120,T01,sentiment,tweets_score,score,2,5,medium,-,short,2,1.0,1.0,1.0,2,0.98,0.98,0.98,2,2.0,1.98,,,True,True,True,True,True,True
T01_120,T01,direction,tweets_choice,choice,neutral,3,medium,-,short,neutral,1.0,1.0,1.0,neutral,1.0,1.0,1.0,neutral,,,,,True,True,True,True,True,True
T01_120,T01,expects_rise,tweets_noul,noul,False,2,medium,-,short,False,0.8200000000000001,0.91,0.91,False,0.9,0.95,0.95,False,,,0.09,0.05,True,True,True,True,True,True
T01_121,T01,sentiment,tweets_score,score,0,5,medium,-,short,0,1.0,1.0,1.0,0,0.98,0.98,0.98,0,0.0,0.02,,,True,True,True,True,True,True
T01_121,T01,direction,tweets_choice,choice,bearish,3,medium,-,short,bearish,1.0,1.0,1.0,bearish,1.0,1.0,1.0,bearish,,,,,True,True,True,True,True,True
T01_121,T01,expects_rise,tweets_noul,noul,False,2,medium,-,short,False,0.94,0.97,0.97,False,1.0,1.0,1.0,False,,,0.03,0.0,True,True,True,True,True,True
T01_122,T01,sentiment,tweets_score,score,3,5,medium,-,short,3,0.98,0.98,0.98,3,0.84,0.84,0.84,3,3.02,3.07,,,True,True,True,True,True,True
T01_122,T01,direction,tweets_choice,choice,bullish,3,medium,-,short,bullish,1.0,1.0,1.0,bullish,1.0,1.0,1.0,bullish,,,,,True,True,True,True,True,True
T01_122,T01,expects_rise,tweets_noul,noul,True,2,medium,-,short,True,0.41999999999999993,0.71,0.71,True,0.96,0.98,0.98,True,,,0.71,0.98,True,True,True,True,True,True
T01_123,T01,sentiment,tweets_score,score,4,5,medium,-,short,4,1.0,1.0,1.0,4,0.99,0.99,0.99,4,4.0,3.99,,,True,True,True,True,True,True
T01_123,T01,direction,tweets_choice,choice,bullish,3,medium,-,short,bullish,1.0,1.0,1.0,bullish,1.0,1.0,1.0,bullish,,,,,True,True,True,True,True,True
T01_123,T01,expects_rise,tweets_noul,noul,True,2,medium,-,short,True,0.76,0.88,0.88,True,1.0,1.0,1.0,True,,,0.88,1.0,True,True,True,True,True,True
T01_124,T01,sentiment,tweets_score,score,1,5,medium,-,short,1,0.7,0.64,0.64,1,0.66,0.61,0.61,0,0.65,0.67,,,True,True,True,True,False,True
T01_124,T01,direction,tweets_choice,choice,bearish,3,medium,-,short,bearish,1.0,1.0,1.0,bearish,1.0,1.0,1.0,bearish,,,,,True,True,True,True,True,True
T01_124,T01,expects_rise,tweets_noul,noul,False,2,medium,-,short,False,0.8200000000000001,0.91,0.91,False,0.94,0.97,0.97,False,,,0.09,0.03,True,True,True,True,True,True
T01_125,T01,sentiment,tweets_score,score,3,5,easy,-,short,3,0.99,0.99,0.99,3,0.99,0.99,0.99,3,3.01,3.01,,,True,True,True,True,True,True
T01_125,T01,direction,tweets_choice,choice,bullish,3,easy,-,short,bullish,1.0,1.0,1.0,bullish,0.97,0.98,0.98,bullish,,,,,True,True,True,True,True,True
T01_125,T01,expects_rise,tweets_noul,noul,True,2,easy,-,short,True,0.8200000000000001,0.91,0.91,True,0.78,0.89,0.89,True,,,0.91,0.89,True,True,True,True,True,True
T01_126,T01,sentiment,tweets_score,score,2,5,easy,-,short,2,0.99,0.99,0.99,2,0.93,0.93,0.93,2,2.01,1.97,,,True,True,True,True,True,True
T01_126,T01,direction,tweets_choice,choice,neutral,3,easy,-,short,neutral,0.99,1.0,1.0,neutral,0.89,0.93,0.93,neutral,,,,,True,True,True,True,True,True
T01_126,T01,expects_rise,tweets_noul,noul,False,2,easy,-,short,False,0.64,0.8200000000000001,0.8200000000000001,False,0.88,0.94,0.94,False,,,0.18,0.06,True,True,True,True,True,True
T01_127,T01,sentiment,tweets_score,score,4,5,easy,-,short,4,1.0,1.0,1.0,4,0.96,0.98,0.98,4,4.0,3.95,,,True,True,True,True,True,True
T01_127,T01,direction,tweets_choice,choice,bullish,3,easy,-,short,bullish,1.0,1.0,1.0,bullish,1.0,1.0,1.0,bullish,,,,,True,True,True,True,True,True
T01_127,T01,expects_rise,tweets_noul,noul,True,2,easy,-,short,True,0.96,0.98,0.98,True,1.0,1.0,1.0,True,,,0.98,1.0,True,True,True,True,True,True
T01_128,T01,sentiment,tweets_score,score,3,5,medium,-,short,3,0.8,0.77,0.77,3,0.8,0.79,0.79,3,3.23,3.12,,,True,True,True,True,True,True
T01_128,T01,direction,tweets_choice,choice,bullish,3,medium,-,short,bullish,1.0,1.0,1.0,bullish,0.97,0.98,0.98,bullish,,,,,True,True,True,True,True,True
T01_128,T01,expects_rise,tweets_noul,noul,True,2,medium,-,short,True,0.6599999999999999,0.83,0.83,True,0.6799999999999999,0.84,0.84,True,,,0.83,0.84,True,True,True,True,True,True
T01_129,T01,sentiment,tweets_score,score,0,5,easy,-,short,0,1.0,1.0,1.0,0,0.93,0.96,0.96,0,0.0,0.08,,,True,True,True,True,True,True
T01_129,T01,direction,tweets_choice,choice,bearish,3,easy,-,short,bearish,1.0,1.0,1.0,bearish,1.0,1.0,1.0,bearish,,,,,True,True,True,True,True,True
T01_129,T01,expects_rise,tweets_noul,noul,False,2,easy,-,short,False,0.92,0.96,0.96,False,1.0,1.0,1.0,False,,,0.04,0.0,True,True,True,True,True,True
T01_130,T01,sentiment,tweets_score,score,2,5,easy,-,short,2,0.97,0.96,0.96,2,0.99,0.99,0.99,2,2.02,1.99,,,True,True,True,True,True,True
T01_130,T01,direction,tweets_choice,choice,neutral,3,easy,-,short,neutral,0.94,0.96,0.96,neutral,1.0,1.0,1.0,neutral,,,,,True,True,True,True,True,True
T01_130,T01,expects_rise,tweets_noul,noul,False,2,easy,-,short,False,0.64,0.8200000000000001,0.8200000000000001,False,0.62,0.81,0.81,False,,,0.18,0.19,True,True,True,True,True,True
T01_131,T01,sentiment,tweets_score,score,1,5,easy,-,short,1,1.0,1.0,1.0,1,0.98,0.98,0.98,1,1.0,0.98,,,True,True,True,True,True,True
T01_131,T01,direction,tweets_choice,choice,bearish,3,easy,-,short,bearish,1.0,1.0,1.0,bearish,1.0,1.0,1.0,bearish,,,,,True,True,True,True,True,True
T01_131,T01,expects_rise,tweets_noul,noul,False,2,easy,-,short,False,0.9,0.95,0.95,False,1.0,1.0,1.0,False,,,0.05,0.0,True,True,True,True,True,True
T01_132,T01,sentiment,tweets_score,score,4,5,medium,-,short,4,1.0,1.0,1.0,4,0.95,0.97,0.97,4,4.0,3.94,,,True,True,True,True,True,True
T01_132,T01,direction,tweets_choice,choice,bullish,3,medium,-,short,bullish,1.0,1.0,1.0,bullish,0.96,0.97,0.97,bullish,,,,,True,True,True,True,True,True
T01_132,T01,expects_rise,tweets_noul,noul,True,2,medium,-,short,True,0.8600000000000001,0.93,0.93,True,1.0,1.0,1.0,True,,,0.93,1.0,True,True,True,True,True,True
T01_133,T01,sentiment,tweets_score,score,2,5,medium,-,medium,2,1.0,1.0,1.0,2,0.95,0.95,0.95,2,2.0,1.94,,,True,True,True,True,True,True
T01_133,T01,direction,tweets_choice,choice,neutral,3,medium,-,medium,neutral,1.0,1.0,1.0,neutral,1.0,1.0,1.0,neutral,,,,,True,True,True,True,True,True
T01_133,T01,expects_rise,tweets_noul,noul,False,2,medium,-,medium,False,0.84,0.92,0.92,False,0.98,0.99,0.99,False,,,0.08,0.01,True,True,True,True,True,True
T01_134,T01,sentiment,tweets_score,score,2,5,hard,mixed_signals,medium,2,0.99,0.99,0.99,2,0.89,0.88,0.88,2,2.0,1.87,,,True,True,True,True,True,True
T01_134,T01,direction,tweets_choice,choice,neutral,3,hard,mixed_signals,medium,neutral,1.0,1.0,1.0,neutral,1.0,1.0,1.0,neutral,,,,,True,True,True,True,True,True
T01_134,T01,expects_rise,tweets_noul,noul,False,2,hard,mixed_signals,medium,False,0.74,0.87,0.87,False,0.78,0.89,0.89,False,,,0.13,0.11,True,True,True,True,True,True
T01_135,T01,sentiment,tweets_score,score,1,5,medium,-,short,1,0.73,0.68,0.68,1,0.92,0.9,0.9,1,0.68,0.9,,,True,True,True,True,True,True
T01_135,T01,direction,tweets_choice,choice,bearish,3,medium,-,short,bearish,1.0,1.0,1.0,bearish,1.0,1.0,1.0,bearish,,,,,True,True,True,True,True,True
T01_135,T01,expects_rise,tweets_noul,noul,False,2,medium,-,short,False,0.86,0.9299999999999999,0.9299999999999999,False,1.0,1.0,1.0,False,,,0.07,0.0,True,True,True,True,True,True
T01_136,T01,sentiment,tweets_score,score,0,5,easy,-,short,0,1.0,1.0,1.0,0,0.96,0.98,0.98,0,0.0,0.05,,,True,True,True,True,True,True
T01_136,T01,direction,tweets_choice,choice,bearish,3,easy,-,short,bearish,1.0,1.0,1.0,bearish,1.0,1.0,1.0,bearish,,,,,True,True,True,True,True,True
T01_136,T01,expects_rise,tweets_noul,noul,False,2,easy,-,short,False,0.94,0.97,0.97,False,1.0,1.0,1.0,False,,,0.03,0.0,True,True,True,True,True,True
T01_137,T01,sentiment,tweets_score,score,2,5,medium,-,short,2,0.72,0.66,0.66,2,0.76,0.72,0.72,2,1.8,1.71,,,True,True,True,True,True,True
T01_137,T01,direction,tweets_choice,choice,neutral,3,medium,-,short,neutral,0.79,0.86,0.86,bearish,0.63,0.75,0.23,neutral,,,,,True,True,False,False,True,True
T01_137,T01,expects_rise,tweets_noul,noul,False,2,medium,-,short,False,0.78,0.89,0.89,False,0.54,0.77,0.77,False,,,0.11,0.23,True,True,True,True,True,True
T01_138,T01,sentiment,tweets_score,score,0,5,hard,mixed_signals,short,0,0.99,0.99,0.99,0,0.87,0.88,0.88,0,0.01,0.16,,,True,True,True,True,True,True
T01_138,T01,direction,tweets_choice,choice,bearish,3,hard,mixed_signals,short,bearish,1.0,1.0,1.0,bearish,1.0,1.0,1.0,bearish,,,,,True,True,True,True,True,True
T01_138,T01,expects_rise,tweets_noul,noul,False,2,hard,mixed_signals,short,False,0.9,0.95,0.95,False,1.0,1.0,1.0,False,,,0.05,0.0,True,True,True,True,True,True
T01_139,T01,sentiment,tweets_score,score,1,5,hard,mixed_signals,short,1,0.89,0.92,0.92,2,0.51,0.42,0.22,2,1.13,2.11,,,True,True,False,True,False,True
T01_139,T01,direction,tweets_choice,choice,bearish,3,hard,mixed_signals,short,bearish,0.78,0.85,0.85,bearish,0.63,0.75,0.75,neutral,,,,,True,True,True,True,False,False
T01_139,T01,expects_rise,tweets_noul,noul,False,2,hard,mixed_signals,short,False,0.6,0.8,0.8,False,0.8,0.9,0.9,False,,,0.2,0.1,True,True,True,True,True,True
T01_140,T01,sentiment,tweets_score,score,1,5,medium,-,short,0,0.68,0.62,0.38,1,0.64,0.62,0.62,1,0.38,0.77,,,False,True,True,True,True,True
T01_140,T01,direction,tweets_choice,choice,bearish,3,medium,-,short,bearish,1.0,1.0,1.0,bearish,1.0,1.0,1.0,bearish,,,,,True,True,True,True,True,True
T01_140,T01,expects_rise,tweets_noul,noul,False,2,medium,-,short,False,0.8200000000000001,0.91,0.91,False,1.0,1.0,1.0,False,,,0.09,0.0,True,True,True,True,True,True
T01_141,T01,sentiment,tweets_score,score,4,5,easy,-,short,4,1.0,1.0,1.0,4,0.93,0.97,0.97,4,4.0,3.92,,,True,True,True,True,True,True
T01_141,T01,direction,tweets_choice,choice,bullish,3,easy,-,short,bullish,1.0,1.0,1.0,bullish,1.0,1.0,1.0,bullish,,,,,True,True,True,True,True,True
T01_141,T01,expects_rise,tweets_noul,noul,True,2,easy,-,short,True,0.94,0.97,0.97,True,0.94,0.97,0.97,True,,,0.97,0.97,True,True,True,True,True,True
T01_142,T01,sentiment,tweets_score,score,2,5,easy,-,short,2,0.96,0.95,0.95,2,0.86,0.84,0.84,2,1.97,1.93,,,True,True,True,True,True,True
T01_142,T01,direction,tweets_choice,choice,neutral,3,easy,-,short,neutral,0.95,0.97,0.97,neutral,0.79,0.86,0.86,neutral,,,,,True,True,True,True,True,True
T01_142,T01,expects_rise,tweets_noul,noul,False,2,easy,-,short,False,0.8200000000000001,0.91,0.91,False,0.6799999999999999,0.84,0.84,False,,,0.09,0.16,True,True,True,True,True,True
T01_143,T01,sentiment,tweets_score,score,0,5,easy,-,medium,0,1.0,1.0,1.0,0,0.94,0.96,0.96,0,0.0,0.07,,,True,True,True,True,True,True
T01_143,T01,direction,tweets_choice,choice,bearish,3,easy,-,medium,bearish,1.0,1.0,1.0,bearish,1.0,1.0,1.0,bearish,,,,,True,True,True,True,True,True
T01_143,T01,expects_rise,tweets_noul,noul,False,2,easy,-,medium,False,0.94,0.97,0.97,False,1.0,1.0,1.0,False,,,0.03,0.0,True,True,True,True,True,True
T01_146,T01,sentiment,tweets_score,score,1,5,easy,-,medium,1,0.98,0.99,0.99,1,0.97,0.96,0.96,0,1.01,0.98,,,True,True,True,True,False,True
T01_146,T01,direction,tweets_choice,choice,bearish,3,easy,-,medium,bearish,0.99,1.0,1.0,bearish,0.83,0.89,0.89,bearish,,,,,True,True,True,True,True,True
T01_146,T01,expects_rise,tweets_noul,noul,False,2,easy,-,medium,False,0.88,0.94,0.94,False,1.0,1.0,1.0,False,,,0.06,0.0,True,True,True,True,True,True
T01_147,T01,sentiment,tweets_score,score,0,5,hard,sarcasm,medium,0,0.99,0.99,0.99,0,0.99,0.99,0.99,0,0.01,0.01,,,True,True,True,True,True,True
T01_147,T01,direction,tweets_choice,choice,bearish,3,hard,sarcasm,medium,bearish,1.0,1.0,1.0,bearish,1.0,1.0,1.0,bearish,,,,,True,True,True,True,True,True
T01_147,T01,expects_rise,tweets_noul,noul,False,2,hard,sarcasm,medium,False,0.94,0.97,0.97,False,1.0,1.0,1.0,False,,,0.03,0.0,True,True,True,True,True,True
T01_148,T01,sentiment,tweets_score,score,3,5,easy,-,short,3,0.8,0.76,0.76,3,0.61,0.53,0.53,3,3.24,3.45,,,True,True,True,True,True,True
T01_148,T01,direction,tweets_choice,choice,bullish,3,easy,-,short,bullish,0.99,0.99,0.99,bullish,1.0,1.0,1.0,bullish,,,,,True,True,True,True,True,True
T01_148,T01,expects_rise,tweets_noul,noul,True,2,easy,-,short,True,0.54,0.77,0.77,True,0.96,0.98,0.98,True,,,0.77,0.98,True,True,True,True,True,True
T01_149,T01,sentiment,tweets_score,score,0,5,hard,mixed_signals,short,0,0.98,0.98,0.98,0,0.94,0.96,0.96,0,0.02,0.07,,,True,True,True,True,True,True
T01_149,T01,direction,tweets_choice,choice,bearish,3,hard,mixed_signals,short,bearish,1.0,1.0,1.0,bearish,1.0,1.0,1.0,bearish,,,,,True,True,True,True,True,True
T01_149,T01,expects_rise,tweets_noul,noul,False,2,hard,mixed_signals,short,False,0.92,0.96,0.96,False,1.0,1.0,1.0,False,,,0.04,0.0,True,True,True,True,True,True
T01_150,T01,sentiment,tweets_score,score,0,5,easy,-,short,0,0.71,0.9,0.9,0,0.91,0.96,0.96,0,0.34,0.11,,,True,True,True,True,True,True
T01_150,T01,direction,tweets_choice,choice,bearish,3,easy,-,short,bearish,0.88,0.92,0.92,bearish,1.0,1.0,1.0,bearish,,,,,True,True,True,True,True,True
T01_150,T01,expects_rise,tweets_noul,noul,False,2,easy,-,short,False,0.84,0.92,0.92,False,1.0,1.0,1.0,False,,,0.08,0.0,True,True,True,True,True,True
T01_151,T01,sentiment,tweets_score,score,4,5,hard,sarcasm,short,4,0.77,0.86,0.86,4,0.25,0.5,0.5,4,3.72,3.1,,,True,True,True,True,True,True
T01_151,T01,direction,tweets_choice,choice,bullish,3,hard,sarcasm,short,bullish,0.81,0.87,0.87,bullish,0.85,0.9,0.9,bullish,,,,,True,True,True,True,True,True
T01_151,T01,expects_rise,tweets_noul,noul,True,2,hard,sarcasm,short,True,0.76,0.88,0.88,False,0.30000000000000004,0.65,0.35,True,,,0.88,0.35,True,True,False,False,True,True
T01_152,T01,sentiment,tweets_score,score,1,5,easy,-,medium,1,1.0,1.0,1.0,1,1.0,1.0,1.0,1,1.0,1.0,,,True,True,True,True,True,True
T01_152,T01,direction,tweets_choice,choice,bearish,3,easy,-,medium,bearish,0.96,0.97,0.97,bearish,0.88,0.92,0.92,bearish,,,,,True,True,True,True,True,True
T01_152,T01,expects_rise,tweets_noul,noul,False,2,easy,-,medium,False,0.84,0.92,0.92,False,1.0,1.0,1.0,False,,,0.08,0.0,True,True,True,True,True,True
T01_153,T01,sentiment,tweets_score,score,1,5,medium,-,medium,1,0.91,0.89,0.89,1,0.77,0.73,0.73,1,1.11,1.22,,,True,True,True,True,True,True
T01_153,T01,direction,tweets_choice,choice,bearish,3,medium,-,medium,bearish,0.35,0.57,0.57,bearish,0.53,0.69,0.69,bearish,,,,,True,True,True,True,True,True
T01_153,T01,expects_rise,tweets_noul,noul,False,2,medium,-,medium,False,0.74,0.87,0.87,False,0.8,0.9,0.9,False,,,0.13,0.1,True,True,True,True,True,True
T01_154,T01,sentiment,tweets_score,score,2,5,hard,sarcasm,medium,2,0.95,0.94,0.94,2,0.77,0.74,0.74,2,2.05,2.09,,,True,True,True,True,True,True
T01_154,T01,direction,tweets_choice,choice,neutral,3,hard,sarcasm,medium,neutral,0.96,0.97,0.97,neutral,0.97,0.98,0.98,neutral,,,,,True,True,True,True,True,True
T01_154,T01,expects_rise,tweets_noul,noul,False,2,hard,sarcasm,medium,False,0.78,0.89,0.89,False,0.62,0.81,0.81,False,,,0.11,0.19,True,True,True,True,True,True
T01_155,T01,sentiment,tweets_score,score,0,5,easy,-,medium,0,1.0,1.0,1.0,0,1.0,1.0,1.0,0,0.0,0.0,,,True,True,True,True,True,True
T01_155,T01,direction,tweets_choice,choice,bearish,3,easy,-,medium,bearish,1.0,1.0,1.0,bearish,1.0,1.0,1.0,bearish,,,,,True,True,True,True,True,True
T01_155,T01,expects_rise,tweets_noul,noul,False,2,easy,-,medium,False,0.94,0.97,0.97,False,1.0,1.0,1.0,False,,,0.03,0.0,True,True,True,True,True,True
T01_156,T01,sentiment,tweets_score,score,2,5,hard,mixed_signals,medium,2,0.99,0.99,0.99,2,0.98,0.98,0.98,2,2.0,1.98,,,True,True,True,True,True,True
T01_156,T01,direction,tweets_choice,choice,neutral,3,hard,mixed_signals,medium,neutral,1.0,1.0,1.0,neutral,0.97,0.98,0.98,neutral,,,,,True,True,True,True,True,True
T01_156,T01,expects_rise,tweets_noul,noul,False,2,hard,mixed_signals,medium,False,0.8,0.9,0.9,False,0.6,0.8,0.8,False,,,0.1,0.2,True,True,True,True,True,True
T01_157,T01,sentiment,tweets_score,score,0,5,easy,-,medium,0,1.0,1.0,1.0,0,1.0,1.0,1.0,0,0.0,0.0,,,True,True,True,True,True,True
T01_157,T01,direction,tweets_choice,choice,bearish,3,easy,-,medium,bearish,1.0,1.0,1.0,bearish,1.0,1.0,1.0,bearish,,,,,True,True,True,True,True,True
T01_157,T01,expects_rise,tweets_noul,noul,False,2,easy,-,medium,False,0.96,0.98,0.98,False,1.0,1.0,1.0,False,,,0.02,0.0,True,True,True,True,True,True
T01_158,T01,sentiment,tweets_score,score,3,5,hard,sarcasm,short,3,0.92,0.96,0.96,3,0.88,0.91,0.91,3,2.91,2.9,,,True,True,True,True,True,True
T01_158,T01,direction,tweets_choice,choice,bullish,3,hard,sarcasm,short,bullish,0.87,0.91,0.91,bullish,1.0,1.0,1.0,bullish,,,,,True,True,True,True,True,True
T01_158,T01,expects_rise,tweets_noul,noul,True,2,hard,sarcasm,short,True,0.45999999999999996,0.73,0.73,True,0.3999999999999999,0.7,0.7,True,,,0.73,0.7,True,True,True,True,True,True
T01_159,T01,sentiment,tweets_score,score,4,5,medium,-,short,4,0.97,0.99,0.99,4,0.99,0.99,0.99,4,3.97,3.99,,,True,True,True,True,True,True
T01_159,T01,direction,tweets_choice,choice,bullish,3,medium,-,short,bullish,1.0,1.0,1.0,bullish,1.0,1.0,1.0,bullish,,,,,True,True,True,True,True,True
T01_159,T01,expects_rise,tweets_noul,noul,True,2,medium,-,short,True,0.76,0.88,0.88,True,0.98,0.99,0.99,True,,,0.88,0.99,True,True,True,True,True,True
T01_160,T01,sentiment,tweets_score,score,2,5,easy,-,short,2,0.99,0.99,0.99,2,0.99,0.99,0.99,2,1.99,1.99,,,True,True,True,True,True,True
T01_160,T01,direction,tweets_choice,choice,neutral,3,easy,-,short,neutral,1.0,1.0,1.0,neutral,1.0,1.0,1.0,neutral,,,,,True,True,True,True,True,True
T01_160,T01,expects_rise,tweets_noul,noul,False,2,easy,-,short,False,0.74,0.87,0.87,False,0.6599999999999999,0.83,0.83,False,,,0.13,0.17,True,True,True,True,True,True
T01_162,T01,sentiment,tweets_score,score,3,5,hard,mixed_signals,short,3,0.83,0.87,0.87,3,0.86,0.91,0.91,3,2.83,2.85,,,True,True,True,True,True,True
T01_162,T01,direction,tweets_choice,choice,bullish,3,hard,mixed_signals,short,bullish,0.8,0.87,0.87,bullish,0.97,0.98,0.98,bullish,,,,,True,True,True,True,True,True
T01_162,T01,expects_rise,tweets_noul,noul,True,2,hard,mixed_signals,short,True,0.45999999999999996,0.73,0.73,True,0.6599999999999999,0.83,0.83,True,,,0.73,0.83,True,True,True,True,True,True
T01_163,T01,sentiment,tweets_score,score,3,5,easy,-,short,3,1.0,1.0,1.0,3,1.0,1.0,1.0,3,3.0,3.0,,,True,True,True,True,True,True
T01_163,T01,direction,tweets_choice,choice,bullish,3,easy,-,short,bullish,1.0,1.0,1.0,bullish,1.0,1.0,1.0,bullish,,,,,True,True,True,True,True,True
T01_163,T01,expects_rise,tweets_noul,noul,True,2,easy,-,short,True,0.56,0.78,0.78,True,0.8,0.9,0.9,True,,,0.78,0.9,True,True,True,True,True,True
T01_164,T01,sentiment,tweets_score,score,0,5,medium,-,short,0,0.97,0.97,0.97,0,0.99,0.99,0.99,0,0.03,0.01,,,True,True,True,True,True,True
T01_164,T01,direction,tweets_choice,choice,bearish,3,medium,-,short,bearish,1.0,1.0,1.0,bearish,1.0,1.0,1.0,bearish,,,,,True,True,True,True,True,True
T01_164,T01,expects_rise,tweets_noul,noul,False,2,medium,-,short,False,0.9,0.95,0.95,False,1.0,1.0,1.0,False,,,0.05,0.0,True,True,True,True,True,True
H01_000,H01,answer,halluc_choice,choice,cannot_determine,4,medium,-,medium,cannot_determine,1.0,1.0,1.0,cannot_determine,1.0,1.0,1.0,cannot_determine,,,,,True,True,True,True,True,True
H01_001,H01,answer,halluc_choice,choice,fifty_five_minutes,5,medium,-,long,fifty_five_minutes,1.0,1.0,1.0,fifty_five_minutes,1.0,1.0,1.0,fifty_five_minutes,,,,,True,True,True,True,True,True
H01_002,H01,answer,halluc_choice,choice,cannot_determine,4,easy,-,short,cannot_determine,0.99,0.99,0.99,cannot_determine,0.99,0.99,0.99,cannot_determine,,,,,True,True,True,True,True,True
H01_004,H01,answer,halluc_choice,choice,forty_five_minutes,5,medium,-,medium,forty_five_minutes,1.0,1.0,1.0,forty_five_minutes,1.0,1.0,1.0,forty_five_minutes,,,,,True,True,True,True,True,True
H01_005,H01,answer,halluc_choice,choice,cannot_determine,5,medium,-,medium,cannot_determine,1.0,1.0,1.0,cannot_determine,1.0,1.0,1.0,cannot_determine,,,,,True,True,True,True,True,True
H01_006,H01,answer,halluc_choice,choice,cannot_determine,4,hard,tempting_guess,long,medium_heat,0.85,0.89,0.05,medium_heat,0.61,0.71,0.26,medium_heat,,,,,False,False,False,False,False,False
H01_007,H01,answer,halluc_choice,choice,cannot_determine,5,medium,-,short,cannot_determine,0.96,0.97,0.97,cannot_determine,1.0,1.0,1.0,cannot_determine,,,,,True,True,True,True,True,True
H01_008,H01,answer,halluc_choice,choice,yes_top_rack_only,5,medium,-,medium,yes_top_rack_only,1.0,1.0,1.0,yes_top_rack_only,1.0,1.0,1.0,yes_top_rack_only,,,,,True,True,True,True,True,True
H01_009,H01,answer,halluc_choice,choice,three_oh_five,5,medium,-,short,three_oh_five,0.99,1.0,1.0,three_oh_five,0.96,0.97,0.97,three_oh_five,,,,,True,True,True,True,True,True
H01_010,H01,answer,halluc_choice,choice,two_and_half_hours,5,medium,-,medium,two_and_half_hours,1.0,1.0,1.0,two_and_half_hours,0.54,0.63,0.63,two_and_half_hours,,,,,True,True,True,True,True,True
H01_011,H01,answer,halluc_choice,choice,cannot_determine,5,medium,-,short,cannot_determine,1.0,1.0,1.0,cannot_determine,1.0,1.0,1.0,cannot_determine,,,,,True,True,True,True,True,True
H01_012,H01,answer,halluc_choice,choice,rainy,5,hard,implicit,short,rainy,0.99,1.0,1.0,rainy,0.98,0.98,0.98,rainy,,,,,True,True,True,True,True,True
H01_013,H01,answer,halluc_choice,choice,cannot_determine,5,easy,-,medium,cannot_determine,1.0,1.0,1.0,cannot_determine,1.0,1.0,1.0,cannot_determine,,,,,True,True,True,True,True,True
H01_014,H01,answer,halluc_choice,choice,cannot_determine,4,easy,-,short,cannot_determine,1.0,1.0,1.0,cannot_determine,0.97,0.98,0.98,cannot_determine,,,,,True,True,True,True,True,True
H01_015,H01,answer,halluc_choice,choice,monday,5,easy,-,medium,monday,1.0,1.0,1.0,monday,1.0,1.0,1.0,monday,,,,,True,True,True,True,True,True
H01_016,H01,answer,halluc_choice,choice,cannot_determine,4,easy,-,short,cannot_determine,0.86,0.89,0.89,cannot_determine,0.95,0.96,0.96,cannot_determine,,,,,True,True,True,True,True,True
H01_017,H01,answer,halluc_choice,choice,cannot_determine,4,easy,-,short,cannot_determine,1.0,1.0,1.0,cannot_determine,1.0,1.0,1.0,cannot_determine,,,,,True,True,True,True,True,True
H01_018,H01,answer,halluc_choice,choice,cannot_determine,4,medium,-,short,cannot_determine,1.0,1.0,1.0,cannot_determine,1.0,1.0,1.0,cannot_determine,,,,,True,True,True,True,True,True
H01_019,H01,answer,halluc_choice,choice,cannot_determine,5,medium,-,long,cannot_determine,1.0,1.0,1.0,cannot_determine,1.0,1.0,1.0,cannot_determine,,,,,True,True,True,True,True,True
H01_020,H01,answer,halluc_choice,choice,wine,5,medium,-,medium,wine,1.0,1.0,1.0,wine,1.0,1.0,1.0,wine,,,,,True,True,True,True,True,True
H01_021,H01,answer,halluc_choice,choice,child_is_sick,5,hard,implicit,medium,child_is_sick,1.0,1.0,1.0,child_is_sick,1.0,1.0,1.0,child_is_sick,,,,,True,True,True,True,True,True
H01_022,H01,answer,halluc_choice,choice,cannot_determine,5,hard,related_but_missing,long,cannot_determine,1.0,1.0,1.0,cannot_determine,1.0,1.0,1.0,cannot_determine,,,,,True,True,True,True,True,True
H01_023,H01,answer,halluc_choice,choice,cannot_determine,5,medium,-,short,cannot_determine,1.0,1.0,1.0,cannot_determine,0.99,0.99,0.99,cannot_determine,,,,,True,True,True,True,True,True
H01_024,H01,answer,halluc_choice,choice,cannot_determine,4,easy,-,short,cannot_determine,0.75,0.8200000000000001,0.8200000000000001,cannot_determine,0.99,0.99,0.99,traveling_with_others,,,,,True,True,True,True,False,False
H01_025,H01,answer,halluc_choice,choice,cannot_determine,4,easy,-,medium,cannot_determine,1.0,1.0,1.0,cannot_determine,1.0,1.0,1.0,cannot_determine,,,,,True,True,True,True,True,True
H01_026,H01,answer,halluc_choice,choice,cannot_determine,5,hard,related_but_missing,medium,cannot_determine,1.0,1.0,1.0,cannot_determine,1.0,1.0,1.0,cannot_determine,,,,,True,True,True,True,True,True
H01_027,H01,answer,halluc_choice,choice,tuesday_night,5,hard,implicit,short,tuesday_night,1.0,1.0,1.0,tuesday_night,0.99,0.99,0.99,tuesday_night,,,,,True,True,True,True,True,True
H01_028,H01,answer,halluc_choice,choice,oak_street,5,easy,-,short,oak_street,1.0,1.0,1.0,oak_street,1.0,1.0,1.0,oak_street,,,,,True,True,True,True,True,True
H01_029,H01,answer,halluc_choice,choice,yes_hosting_gathering,5,hard,implicit,medium,yes_hosting_gathering,1.0,1.0,1.0,yes_hosting_gathering,1.0,1.0,1.0,yes_hosting_gathering,,,,,True,True,True,True,True,True
H01_030,H01,answer,halluc_choice,choice,cannot_determine,5,medium,-,short,cannot_determine,1.0,1.0,1.0,cannot_determine,1.0,1.0,1.0,cannot_determine,,,,,True,True,True,True,True,True
H01_031,H01,answer,halluc_choice,choice,likely_to_miss,5,hard,implicit,short,likely_to_miss,0.98,0.99,0.99,likely_to_miss,0.65,0.72,0.72,likely_to_miss,,,,,True,True,True,True,True,True
H01_032,H01,answer,halluc_choice,choice,cannot_determine,4,hard,tempting_guess,medium,cannot_determine,0.84,0.88,0.88,cannot_determine,1.0,1.0,1.0,cannot_determine,,,,,True,True,True,True,True,True
H01_033,H01,answer,halluc_choice,choice,fourteen_thousand,5,easy,-,long,fourteen_thousand,1.0,1.0,1.0,fourteen_thousand,1.0,1.0,1.0,fourteen_thousand,,,,,True,True,True,True,True,True
H01_034,H01,answer,halluc_choice,choice,large_outdoor_gathering,5,hard,implicit,long,large_outdoor_gathering,1.0,1.0,1.0,large_outdoor_gathering,1.0,1.0,1.0,large_outdoor_gathering,,,,,True,True,True,True,True,True
H01_035,H01,answer,halluc_choice,choice,two_years,5,easy,-,long,two_years,1.0,1.0,1.0,two_years,1.0,1.0,1.0,two_years,,,,,True,True,True,True,True,True
H01_037,H01,answer,halluc_choice,choice,three_seventy_five,5,medium,-,short,three_seventy_five,1.0,1.0,1.0,three_seventy_five,1.0,1.0,1.0,three_seventy_five,,,,,True,True,True,True,True,True
H01_038,H01,answer,halluc_choice,choice,cannot_determine,5,medium,-,long,no_budget_set,0.72,0.78,0.22,no_budget_set,0.99,0.99,0.01,cannot_determine,,,,,False,False,False,False,True,True
H01_039,H01,answer,halluc_choice,choice,cannot_determine,5,medium,-,medium,cannot_determine,1.0,1.0,1.0,cannot_determine,1.0,1.0,1.0,cannot_determine,,,,,True,True,True,True,True,True
H01_040,H01,answer,halluc_choice,choice,yes_found,5,hard,implicit,medium,yes_found,1.0,1.0,1.0,yes_found,1.0,1.0,1.0,yes_found,,,,,True,True,True,True,True,True
H01_041,H01,answer,halluc_choice,choice,cannot_determine,5,hard,related_but_missing,short,cannot_determine,1.0,1.0,1.0,cannot_determine,1.0,1.0,1.0,cannot_determine,,,,,True,True,True,True,True,True
H01_042,H01,answer,halluc_choice,choice,pho,5,easy,-,medium,pho,1.0,1.0,1.0,pho,1.0,1.0,1.0,pho,,,,,True,True,True,True,True,True
H01_043,H01,answer,halluc_choice,choice,fifteen_dollars,5,medium,-,long,fifteen_dollars,1.0,1.0,1.0,fifteen_dollars,1.0,1.0,1.0,fifteen_dollars,,,,,True,True,True,True,True,True
H01_044,H01,answer,halluc_choice,choice,ninety_dollars,5,easy,-,short,ninety_dollars,1.0,1.0,1.0,ninety_dollars,1.0,1.0,1.0,ninety_dollars,,,,,True,True,True,True,True,True
H01_046,H01,answer,halluc_choice,choice,inbox_full,5,medium,-,short,inbox_full,1.0,1.0,1.0,inbox_full,1.0,1.0,1.0,inbox_full,,,,,True,True,True,True,True,True
H01_048,H01,answer,halluc_choice,choice,yes_won,5,hard,implicit,medium,yes_won,0.96,0.97,0.97,cannot_determine,0.5,0.6,0.38,yes_won,,,,,True,True,False,False,True,True
H01_049,H01,answer,halluc_choice,choice,112_108,5,easy,-,short,112_108,1.0,1.0,1.0,112_108,1.0,1.0,1.0,112_108,,,,,True,True,True,True,True,True
H01_050,H01,answer,halluc_choice,choice,14_32_utc,5,easy,-,short,14_32_utc,1.0,1.0,1.0,14_32_utc,1.0,1.0,1.0,14_32_utc,,,,,True,True,True,True,True,True
H01_051,H01,answer,halluc_choice,choice,cannot_determine,4,hard,tempting_guess,short,cannot_determine,0.99,1.0,1.0,cannot_determine,0.99,0.99,0.99,cannot_determine,,,,,True,True,True,True,True,True
H01_052,H01,answer,halluc_choice,choice,cannot_determine,4,easy,-,short,cannot_determine,0.99,0.99,0.99,cannot_determine,1.0,1.0,1.0,cannot_determine,,,,,True,True,True,True,True,True
H01_053,H01,answer,halluc_choice,choice,jellyfish_sting,5,medium,-,medium,jellyfish_sting,1.0,1.0,1.0,jellyfish_sting,1.0,1.0,1.0,jellyfish_sting,,,,,True,True,True,True,True,True
H01_054,H01,answer,halluc_choice,choice,cannot_determine,4,easy,-,medium,cannot_determine,1.0,1.0,1.0,cannot_determine,1.0,1.0,1.0,cannot_determine,,,,,True,True,True,True,True,True
H01_055,H01,answer,halluc_choice,choice,cannot_determine,4,hard,tempting_guess,short,cannot_determine,0.87,0.91,0.91,cannot_determine,1.0,1.0,1.0,cannot_determine,,,,,True,True,True,True,True,True
H01_056,H01,answer,halluc_choice,choice,500_per_minute,5,easy,-,short,500_per_minute,1.0,1.0,1.0,500_per_minute,1.0,1.0,1.0,500_per_minute,,,,,True,True,True,True,True,True
H01_057,H01,answer,halluc_choice,choice,wednesday,5,easy,-,medium,wednesday,1.0,1.0,1.0,wednesday,1.0,1.0,1.0,wednesday,,,,,True,True,True,True,True,True
H01_059,H01,answer,halluc_choice,choice,cannot_determine,5,medium,-,medium,cannot_determine,1.0,1.0,1.0,cannot_determine,1.0,1.0,1.0,cannot_determine,,,,,True,True,True,True,True,True
H01_060,H01,answer,halluc_choice,choice,cannot_determine,4,easy,-,long,cannot_determine,1.0,1.0,1.0,cannot_determine,1.0,1.0,1.0,cannot_determine,,,,,True,True,True,True,True,True
H01_061,H01,answer,halluc_choice,choice,yes_lost_badly,5,hard,implicit,short,yes_lost_badly,0.95,0.96,0.96,yes_lost_badly,1.0,1.0,1.0,yes_lost_badly,,,,,True,True,True,True,True,True
H01_062,H01,answer,halluc_choice,choice,october_10,5,medium,-,medium,october_10,1.0,1.0,1.0,october_10,1.0,1.0,1.0,october_10,,,,,True,True,True,True,True,True
H01_064,H01,answer,halluc_choice,choice,cannot_determine,5,medium,-,short,cannot_determine,1.0,1.0,1.0,cannot_determine,0.99,0.99,0.99,cannot_determine,,,,,True,True,True,True,True,True
H01_065,H01,answer,halluc_choice,choice,cannot_determine,5,hard,related_but_missing,medium,cannot_determine,1.0,1.0,1.0,cannot_determine,1.0,1.0,1.0,cannot_determine,,,,,True,True,True,True,True,True
H02_002,H02,answer,halluc_noul,noul,True,2,hard,implicit,medium,True,0.8200000000000001,0.91,0.91,True,0.8799999999999999,0.94,0.94,True,,,0.91,0.94,True,True,True,True,True,True
H02_003,H02,answer,halluc_noul,noul,True,2,medium,-,short,True,0.96,0.98,0.98,True,0.8999999999999999,0.95,0.95,True,,,0.98,0.95,True,True,True,True,True,True
H02_004,H02,answer,halluc_noul,noul,unknown,2,hard,tempting_guess,short,False,0.16000000000000003,0.5800000000000001,,False,0.020000000000000018,0.51,,,,,0.42,0.49,,,,,,
H02_006,H02,answer,halluc_noul,noul,False,2,easy,-,long,False,0.92,0.96,0.96,False,1.0,1.0,1.0,False,,,0.04,0.0,True,True,True,True,True,True
H02_007,H02,answer,halluc_noul,noul,True,2,medium,-,short,True,0.96,0.98,0.98,True,1.0,1.0,1.0,True,,,0.98,1.0,True,True,True,True,True,True
H02_008,H02,answer,halluc_noul,noul,True,2,easy,-,long,True,0.98,0.99,0.99,True,1.0,1.0,1.0,True,,,0.99,1.0,True,True,True,True,True,True
H02_009,H02,answer,halluc_noul,noul,True,2,medium,-,short,True,0.94,0.97,0.97,True,0.94,0.97,0.97,True,,,0.97,0.97,True,True,True,True,True,True
H02_010,H02,answer,halluc_noul,noul,False,2,medium,-,short,False,0.96,0.98,0.98,False,1.0,1.0,1.0,False,,,0.02,0.0,True,True,True,True,True,True
H02_011,H02,answer,halluc_noul,noul,unknown,2,medium,-,medium,False,0.21999999999999997,0.61,,True,0.0,0.5,,,,,0.39,0.5,,,,,,
H02_013,H02,answer,halluc_noul,noul,False,2,easy,-,medium,False,0.98,0.99,0.99,False,1.0,1.0,1.0,False,,,0.01,0.0,True,True,True,True,True,True
H02_014,H02,answer,halluc_noul,noul,False,2,hard,implicit,medium,False,0.96,0.98,0.98,False,1.0,1.0,1.0,False,,,0.02,0.0,True,True,True,True,True,True
H02_015,H02,answer,halluc_noul,noul,False,2,easy,-,short,False,0.96,0.98,0.98,False,1.0,1.0,1.0,False,,,0.02,0.0,True,True,True,True,True,True
H02_016,H02,answer,halluc_noul,noul,True,2,medium,-,long,True,0.98,0.99,0.99,True,1.0,1.0,1.0,True,,,0.99,1.0,True,True,True,True,True,True
H02_017,H02,answer,halluc_noul,noul,unknown,2,medium,-,medium,False,0.8,0.9,,True,0.0,0.5,,,,,0.1,0.5,,,,,,
H02_018,H02,answer,halluc_noul,noul,unknown,2,easy,-,medium,False,0.26,0.63,,True,0.0,0.5,,,,,0.37,0.5,,,,,,
H02_019,H02,answer,halluc_noul,noul,True,2,medium,-,medium,True,0.8999999999999999,0.95,0.95,True,0.9199999999999999,0.96,0.96,True,,,0.95,0.96,True,True,True,True,True,True
H02_020,H02,answer,halluc_noul,noul,unknown,2,hard,related_but_missing,medium,False,0.56,0.78,,False,0.8,0.9,,,,,0.22,0.1,,,,,,
H02_021,H02,answer,halluc_noul,noul,False,2,medium,-,short,False,0.96,0.98,0.98,False,1.0,1.0,1.0,False,,,0.02,0.0,True,True,True,True,True,True
H02_022,H02,answer,halluc_noul,noul,False,2,hard,implicit,long,False,0.96,0.98,0.98,False,1.0,1.0,1.0,False,,,0.02,0.0,True,True,True,True,True,True
H02_023,H02,answer,halluc_noul,noul,True,2,hard,implicit,medium,True,0.94,0.97,0.97,True,1.0,1.0,1.0,True,,,0.97,1.0,True,True,True,True,True,True
H02_024,H02,answer,halluc_noul,noul,True,2,easy,-,short,True,0.7,0.85,0.85,True,0.96,0.98,0.98,True,,,0.85,0.98,True,True,True,True,True,True
H02_026,H02,answer,halluc_noul,noul,unknown,2,hard,related_but_missing,short,True,0.3799999999999999,0.69,,True,0.43999999999999995,0.72,,,,,0.69,0.72,,,,,,
H02_028,H02,answer,halluc_noul,noul,False,2,medium,-,long,False,0.96,0.98,0.98,False,1.0,1.0,1.0,False,,,0.02,0.0,True,True,True,True,True,True
H02_032,H02,answer,halluc_noul,noul,unknown,2,easy,-,long,False,0.6599999999999999,0.83,,True,0.0,0.5,,,,,0.17,0.5,,,,,,
H02_033,H02,answer,halluc_noul,noul,unknown,2,hard,related_but_missing,short,False,0.92,0.96,,False,0.78,0.89,,,,,0.04,0.11,,,,,,
H02_034,H02,answer,halluc_noul,noul,unknown,2,easy,-,long,False,0.76,0.88,,True,0.0,0.5,,,,,0.12,0.5,,,,,,
H02_035,H02,answer,halluc_noul,noul,True,2,easy,-,short,True,0.94,0.97,0.97,True,1.0,1.0,1.0,True,,,0.97,1.0,True,True,True,True,True,True
H02_036,H02,answer,halluc_noul,noul,unknown,2,medium,-,long,True,0.08000000000000007,0.54,,True,0.0,0.5,,,,,0.54,0.5,,,,,,
H02_037,H02,answer,halluc_noul,noul,True,2,hard,implicit,short,True,0.96,0.98,0.98,True,0.96,0.98,0.98,True,,,0.98,0.98,True,True,True,True,True,True
H02_039,H02,answer,halluc_noul,noul,False,2,medium,-,medium,False,0.98,0.99,0.99,False,1.0,1.0,1.0,False,,,0.01,0.0,True,True,True,True,True,True
H02_041,H02,answer,halluc_noul,noul,False,2,medium,-,long,False,0.98,0.99,0.99,False,1.0,1.0,1.0,False,,,0.01,0.0,True,True,True,True,True,True
H02_042,H02,answer,halluc_noul,noul,unknown,2,easy,-,medium,False,0.6599999999999999,0.83,,True,0.0,0.5,,,,,0.17,0.5,,,,,,
H02_043,H02,answer,halluc_noul,noul,False,2,easy,-,medium,False,0.92,0.96,0.96,False,1.0,1.0,1.0,False,,,0.04,0.0,True,True,True,True,True,True
H02_044,H02,answer,halluc_noul,noul,True,2,hard,implicit,medium,True,0.78,0.89,0.89,True,0.94,0.97,0.97,True,,,0.89,0.97,True,True,True,True,True,True
H02_045,H02,answer,halluc_noul,noul,unknown,2,medium,-,short,False,0.6799999999999999,0.84,,False,0.74,0.87,,,,,0.16,0.13,,,,,,
H02_046,H02,answer,halluc_noul,noul,unknown,2,medium,-,medium,False,0.52,0.76,,True,0.0,0.5,,,,,0.24,0.5,,,,,,
H02_049,H02,answer,halluc_noul,noul,True,2,medium,-,medium,True,0.98,0.99,0.99,True,1.0,1.0,1.0,True,,,0.99,1.0,True,True,True,True,True,True
H02_050,H02,answer,halluc_noul,noul,unknown,2,hard,related_but_missing,short,False,0.30000000000000004,0.65,,True,0.0,0.5,,,,,0.35,0.5,,,,,,
H02_051,H02,answer,halluc_noul,noul,False,2,hard,implicit,medium,False,0.96,0.98,0.98,False,1.0,1.0,1.0,False,,,0.02,0.0,True,True,True,True,True,True
H02_054,H02,answer,halluc_noul,noul,False,2,medium,-,short,False,0.98,0.99,0.99,False,1.0,1.0,1.0,False,,,0.01,0.0,True,True,True,True,True,True
H02_055,H02,answer,halluc_noul,noul,unknown,2,easy,-,short,False,0.38,0.69,,True,0.0,0.5,,,,,0.31,0.5,,,,,,
H02_056,H02,answer,halluc_noul,noul,unknown,2,medium,-,short,False,0.5,0.75,,False,0.31999999999999995,0.6599999999999999,,,,,0.25,0.34,,,,,,
H02_057,H02,answer,halluc_noul,noul,False,2,easy,-,short,False,0.9,0.95,0.95,False,1.0,1.0,1.0,False,,,0.05,0.0,True,True,True,True,True,True
H02_058,H02,answer,halluc_noul,noul,unknown,2,hard,tempting_guess,medium,False,0.42000000000000004,0.71,,True,0.0,0.5,,,,,0.29,0.5,,,,,,
H02_061,H02,answer,halluc_noul,noul,True,2,easy,-,short,True,0.96,0.98,0.98,True,1.0,1.0,1.0,True,,,0.98,1.0,True,True,True,True,True,True
H02_063,H02,answer,halluc_noul,noul,unknown,2,hard,tempting_guess,short,True,0.08000000000000007,0.54,,True,0.040000000000000036,0.52,,,,,0.54,0.52,,,,,,
H02_065,H02,answer,halluc_noul,noul,False,2,hard,implicit,medium,False,0.8,0.9,0.9,False,0.62,0.81,0.81,False,,,0.1,0.19,True,True,True,True,True,True
H02_066,H02,answer,halluc_noul,noul,True,2,medium,-,medium,True,0.8799999999999999,0.94,0.94,True,0.76,0.88,0.88,True,,,0.94,0.88,True,True,True,True,True,True
H02_067,H02,answer,halluc_noul,noul,unknown,2,medium,-,medium,False,0.48,0.74,,True,0.0,0.5,,,,,0.26,0.5,,,,,,
H02_068,H02,answer,halluc_noul,noul,unknown,2,medium,-,medium,False,0.26,0.63,,True,0.0,0.5,,,,,0.37,0.5,,,,,,
H02_069,H02,answer,halluc_noul,noul,unknown,2,medium,-,medium,False,0.020000000000000018,0.51,,True,0.0,0.5,,,,,0.49,0.5,,,,,,
H02_071,H02,answer,halluc_noul,noul,unknown,2,medium,-,short,True,0.1200000000000001,0.56,,True,0.0,0.5,,,,,0.56,0.5,,,,,,
H02_072,H02,answer,halluc_noul,noul,unknown,2,medium,-,short,False,0.06000000000000005,0.53,,True,0.0,0.5,,,,,0.47,0.5,,,,,,
H02_073,H02,answer,halluc_noul,noul,unknown,2,medium,-,short,False,0.020000000000000018,0.51,,True,0.0,0.5,,,,,0.49,0.5,,,,,,
H02_074,H02,answer,halluc_noul,noul,unknown,2,medium,-,short,True,0.020000000000000018,0.51,,True,0.0,0.5,,,,,0.51,0.5,,,,,,
H02_075,H02,answer,halluc_noul,noul,unknown,2,medium,-,short,True,0.1200000000000001,0.56,,True,0.0,0.5,,,,,0.56,0.5,,,,,,
H02_076,H02,answer,halluc_noul,noul,unknown,2,medium,-,medium,True,0.08000000000000007,0.54,,True,0.0,0.5,,,,,0.54,0.5,,,,,,
H02_078,H02,answer,halluc_noul,noul,unknown,2,medium,-,short,True,0.06000000000000005,0.53,,True,0.0,0.5,,,,,0.53,0.5,,,,,,
H02_080,H02,answer,halluc_noul,noul,unknown,2,medium,-,medium,False,0.48,0.74,,False,0.6799999999999999,0.84,,,,,0.26,0.16,,,,,,
H02_081,H02,answer,halluc_noul,noul,unknown,2,medium,-,medium,False,0.84,0.92,,False,0.94,0.97,,,,,0.08,0.03,,,,,,
